ISO-10303-21;
HEADER;
/* Generated by software containing ST-Developer
 * from STEP Tools, Inc. (www.steptools.com) 
 */
/* OPTION: using custom renumber hook */

FILE_DESCRIPTION(
/* description */ ('STEP AP242 Edition 2',
'CAx-IF Rec.Pracs.---Representation and Presentation of Product Manufa
cturing Information (PMI)---4.0---2014-10-13',
'CAx-IF Rec.Pracs.---3D Tessellated Geometry---0.4---2014-09-14','2;1',
'CAx-IF Rec.Pracs.---User Defined Attributes---1.5---2016-08-15'),
/* implementation_level */ '2;1');

FILE_NAME(
/* name */ '6a7126c99d84c890726de0fe',
/* time_stamp */ '2026-08-03T23:39:53Z',
/* author */ (''),
/* organization */ (''),
/* preprocessor_version */ 'ST-DEVELOPER v20',
/* originating_system */ 'ONSHAPE BY PTC INC, 1.218',
/* authorisation */ '  ');

FILE_SCHEMA (('AP242_MANAGED_MODEL_BASED_3D_ENGINEERING_MIM_LF { 1 0 10303 442 3 1 4 }'));
ENDSEC;

DATA;
#10=ELLIPSE('',#4643,0.00467406236287171,0.003);
#11=TOROIDAL_SURFACE('',#4445,0.002,0.0003);
#12=B_SPLINE_CURVE_WITH_KNOTS('',3,(#6400,#6401,#6402,#6403),
 .UNSPECIFIED.,.F.,.F.,(4,4),(0.,1.),.UNSPECIFIED.);
#13=B_SPLINE_CURVE_WITH_KNOTS('',3,(#6405,#6406,#6407,#6408,#6409),
 .UNSPECIFIED.,.F.,.F.,(4,1,4),(1.04893408390121E-17,0.000242023132028978,
0.000484046264057946),.UNSPECIFIED.);
#14=B_SPLINE_CURVE_WITH_KNOTS('',3,(#6413,#6414,#6415,#6416,#6417,#6418,
#6419),.UNSPECIFIED.,.F.,.F.,(4,1,1,1,4),(1.40461728539134E-17,0.000220975084800959,
0.000441950169601904,0.000662925254402849,0.000883900339203794),
 .UNSPECIFIED.);
#15=B_SPLINE_CURVE_WITH_KNOTS('',3,(#6420,#6421,#6422,#6423,#6424,#6425,
#6426),.UNSPECIFIED.,.F.,.F.,(4,1,1,1,4),(2.11038219202008E-17,0.000220975084800886,
0.000441950169601751,0.000662925254402616,0.000883900339203481),
 .UNSPECIFIED.);
#16=B_SPLINE_CURVE_WITH_KNOTS('',3,(#6427,#6428,#6429,#6430,#6431,#6432,
#6433),.UNSPECIFIED.,.F.,.F.,(4,1,1,1,4),(3.49644694633735E-18,0.000220975084800703,
0.000441950169601402,0.000662925254402101,0.0008839003392028),
 .UNSPECIFIED.);
#17=B_SPLINE_CURVE_WITH_KNOTS('',3,(#6434,#6435,#6436,#6437,#6438,#6439,
#6440),.UNSPECIFIED.,.F.,.F.,(4,1,1,1,4),(2.47768070940029E-17,0.000220975084800982,
0.00044195016960194,0.000662925254402898,0.000883900339203856),
 .UNSPECIFIED.);
#18=B_SPLINE_CURVE_WITH_KNOTS('',3,(#6441,#6442,#6443,#6444,#6445,#6446,
#6447,#6448,#6449),.UNSPECIFIED.,.F.,.F.,(4,1,1,1,1,1,4),(0.,0.25,0.375,
0.5,0.625,0.75,1.),.UNSPECIFIED.);
#19=B_SPLINE_CURVE_WITH_KNOTS('',3,(#6450,#6451,#6452,#6453,#6454,#6455,
#6456),.UNSPECIFIED.,.F.,.F.,(4,1,1,1,4),(1.77346611820437E-17,0.000220975084800982,
0.000441950169601947,0.000662925254402912,0.000883900339203876),
 .UNSPECIFIED.);
#20=B_SPLINE_CURVE_WITH_KNOTS('',3,(#6457,#6458,#6459,#6460,#6461,#6462,
#6463),.UNSPECIFIED.,.F.,.F.,(4,1,1,1,4),(2.11082774933361E-17,0.000220975084800868,
0.000441950169601715,0.000662925254402561,0.000883900339203408),
 .UNSPECIFIED.);
#21=B_SPLINE_CURVE_WITH_KNOTS('',3,(#6464,#6465,#6466,#6467,#6468,#6469,
#6470),.UNSPECIFIED.,.F.,.F.,(4,1,1,1,4),(6.94228120891928E-18,0.000220975084800713,
0.000441950169601419,0.000662925254402125,0.000883900339202831),
 .UNSPECIFIED.);
#22=B_SPLINE_CURVE_WITH_KNOTS('',3,(#6471,#6472,#6473,#6474,#6475,#6476,
#6477),.UNSPECIFIED.,.F.,.F.,(4,1,1,1,4),(2.80554988783055E-17,0.000220975084800994,
0.000441950169601961,0.000662925254402927,0.000883900339203893),
 .UNSPECIFIED.);
#23=B_SPLINE_CURVE_WITH_KNOTS('',3,(#6478,#6479,#6480,#6481,#6482,#6483,
#6484,#6485,#6486),.UNSPECIFIED.,.F.,.F.,(4,1,1,1,1,1,4),(0.,0.25,0.375,
0.5,0.625,0.75,1.),.UNSPECIFIED.);
#24=B_SPLINE_CURVE_WITH_KNOTS('',3,(#6487,#6488,#6489,#6490,#6491,#6492,
#6493),.UNSPECIFIED.,.F.,.F.,(4,1,1,1,4),(1.40461728539134E-17,0.000220975084800962,
0.000441950169601909,0.000662925254402857,0.000883900339203805),
 .UNSPECIFIED.);
#25=B_SPLINE_CURVE_WITH_KNOTS('',3,(#6494,#6495,#6496,#6497,#6498,#6499,
#6500),.UNSPECIFIED.,.F.,.F.,(4,1,1,1,4),(2.11038219202008E-17,0.000220975084800886,
0.00044195016960175,0.000662925254402615,0.00088390033920348),
 .UNSPECIFIED.);
#26=B_SPLINE_CURVE_WITH_KNOTS('',3,(#6501,#6502,#6503,#6504,#6505,#6506,
#6507),.UNSPECIFIED.,.F.,.F.,(4,1,1,1,4),(3.49644694633735E-18,0.000220975084800701,
0.000441950169601399,0.000662925254402097,0.000883900339202795),
 .UNSPECIFIED.);
#27=B_SPLINE_CURVE_WITH_KNOTS('',3,(#6508,#6509,#6510,#6511,#6512,#6513,
#6514),.UNSPECIFIED.,.F.,.F.,(4,1,1,1,4),(2.45939499299953E-17,0.000220975084800983,
0.000441950169601942,0.000662925254402901,0.00088390033920386),
 .UNSPECIFIED.);
#28=B_SPLINE_CURVE_WITH_KNOTS('',3,(#6515,#6516,#6517,#6518,#6519,#6520,
#6521,#6522,#6523),.UNSPECIFIED.,.F.,.F.,(4,1,1,1,1,1,4),(0.,0.25,0.375,
0.5,0.625,0.75,1.),.UNSPECIFIED.);
#29=B_SPLINE_CURVE_WITH_KNOTS('',3,(#6524,#6525,#6526,#6527,#6528,#6529,
#6530),.UNSPECIFIED.,.F.,.F.,(4,1,1,1,4),(1.74708844043566E-17,0.000220975084800973,
0.000441950169601929,0.000662925254402885,0.000883900339203842),
 .UNSPECIFIED.);
#30=B_SPLINE_CURVE_WITH_KNOTS('',3,(#6531,#6532,#6533,#6534,#6535,#6536,
#6537),.UNSPECIFIED.,.F.,.F.,(4,1,1,1,4),(2.11082774933361E-17,0.000220975084800881,
0.00044195016960174,0.0006629252544026,0.00088390033920346),
 .UNSPECIFIED.);
#31=B_SPLINE_CURVE_WITH_KNOTS('',3,(#6538,#6539,#6540,#6541,#6542,#6543,
#6544),.UNSPECIFIED.,.F.,.F.,(4,1,1,1,4),(7.15573433840433E-18,0.000220975084800713,
0.000441950169601418,0.000662925254402124,0.000883900339202829),
 .UNSPECIFIED.);
#32=B_SPLINE_CURVE_WITH_KNOTS('',3,(#6545,#6546,#6547,#6548,#6549,#6550,
#6551),.UNSPECIFIED.,.F.,.F.,(4,1,1,1,4),(2.80554988783055E-17,0.000220975084800992,
0.000441950169601956,0.00066292525440292,0.000883900339203884),
 .UNSPECIFIED.);
#33=OVER_RIDING_STYLED_ITEM('',(#3981),#3793,#3970);
#34=OVER_RIDING_STYLED_ITEM('',(#3982),#3794,#3970);
#35=OVER_RIDING_STYLED_ITEM('',(#3983),#3795,#3970);
#36=OVER_RIDING_STYLED_ITEM('',(#3984),#3796,#3970);
#37=OVER_RIDING_STYLED_ITEM('',(#3985),#3797,#3970);
#38=OVER_RIDING_STYLED_ITEM('',(#3986),#3798,#3970);
#39=OVER_RIDING_STYLED_ITEM('',(#3987),#3799,#3970);
#40=OVER_RIDING_STYLED_ITEM('',(#3988),#3800,#3970);
#41=OVER_RIDING_STYLED_ITEM('',(#3989),#3801,#3970);
#42=OVER_RIDING_STYLED_ITEM('',(#3990),#3802,#3970);
#43=OVER_RIDING_STYLED_ITEM('',(#3991),#3803,#3970);
#44=OVER_RIDING_STYLED_ITEM('',(#3992),#3804,#3970);
#45=OVER_RIDING_STYLED_ITEM('',(#3993),#3805,#3970);
#46=OVER_RIDING_STYLED_ITEM('',(#3994),#3806,#3970);
#47=OVER_RIDING_STYLED_ITEM('',(#3995),#3807,#3970);
#48=OVER_RIDING_STYLED_ITEM('',(#3996),#3808,#3970);
#49=OVER_RIDING_STYLED_ITEM('',(#3997),#3809,#3970);
#50=OVER_RIDING_STYLED_ITEM('',(#3998),#3810,#3970);
#51=OVER_RIDING_STYLED_ITEM('',(#3999),#3811,#3970);
#52=OVER_RIDING_STYLED_ITEM('',(#4000),#3812,#3970);
#53=OVER_RIDING_STYLED_ITEM('',(#4001),#3813,#3970);
#54=OVER_RIDING_STYLED_ITEM('',(#4002),#3814,#3970);
#55=OVER_RIDING_STYLED_ITEM('',(#4003),#3815,#3970);
#56=OVER_RIDING_STYLED_ITEM('',(#4004),#3816,#3970);
#57=OVER_RIDING_STYLED_ITEM('',(#4005),#3817,#3970);
#58=OVER_RIDING_STYLED_ITEM('',(#4006),#3818,#3970);
#59=OVER_RIDING_STYLED_ITEM('',(#4007),#3819,#3970);
#60=OVER_RIDING_STYLED_ITEM('',(#4008),#3820,#3970);
#61=OVER_RIDING_STYLED_ITEM('',(#4009),#3821,#3970);
#62=OVER_RIDING_STYLED_ITEM('',(#4010),#3822,#3970);
#63=OVER_RIDING_STYLED_ITEM('',(#4011),#3823,#3970);
#64=OVER_RIDING_STYLED_ITEM('',(#4012),#3824,#3970);
#65=OVER_RIDING_STYLED_ITEM('',(#4013),#3869,#3970);
#66=CIRCLE('',#4291,0.0036);
#67=CIRCLE('',#4292,0.0036);
#68=CIRCLE('',#4298,0.0036000000000006);
#69=CIRCLE('',#4299,0.0036000000000006);
#70=CIRCLE('',#4301,0.001);
#71=CIRCLE('',#4302,0.001);
#72=CIRCLE('',#4304,0.00360000000000005);
#73=CIRCLE('',#4305,0.00360000000000005);
#74=CIRCLE('',#4308,0.001);
#75=CIRCLE('',#4309,0.001);
#76=CIRCLE('',#4311,0.003);
#77=CIRCLE('',#4313,0.003);
#78=CIRCLE('',#4319,0.003);
#79=CIRCLE('',#4320,0.003);
#80=CIRCLE('',#4321,0.003);
#81=CIRCLE('',#4322,0.003);
#82=CIRCLE('',#4323,0.003);
#83=CIRCLE('',#4324,0.003);
#84=CIRCLE('',#4327,0.003);
#85=CIRCLE('',#4328,0.003);
#86=CIRCLE('',#4329,0.003);
#87=CIRCLE('',#4330,0.003);
#88=CIRCLE('',#4331,0.003);
#89=CIRCLE('',#4332,0.003);
#90=CIRCLE('',#4339,0.0015);
#91=CIRCLE('',#4340,0.0015);
#92=CIRCLE('',#4344,0.0015);
#93=CIRCLE('',#4347,0.0015);
#94=CIRCLE('',#4363,0.001);
#95=CIRCLE('',#4366,0.001);
#96=CIRCLE('',#4368,0.001);
#97=CIRCLE('',#4372,0.001);
#98=CIRCLE('',#4374,0.0059);
#99=CIRCLE('',#4375,0.0025);
#100=CIRCLE('',#4376,0.0059);
#101=CIRCLE('',#4379,0.0059);
#102=CIRCLE('',#4387,0.0059);
#103=CIRCLE('',#4395,0.0059);
#104=CIRCLE('',#4397,0.0025);
#105=CIRCLE('',#4400,0.0023);
#106=CIRCLE('',#4402,0.0023);
#107=CIRCLE('',#4403,0.0023);
#108=CIRCLE('',#4404,0.0023);
#109=CIRCLE('',#4405,0.0023);
#110=CIRCLE('',#4406,0.0023);
#111=CIRCLE('',#4407,0.0023);
#112=CIRCLE('',#4408,0.0023);
#113=CIRCLE('',#4409,0.0023);
#114=CIRCLE('',#4410,0.0023);
#115=CIRCLE('',#4411,0.0023);
#116=CIRCLE('',#4412,0.0023);
#117=CIRCLE('',#4413,0.0023);
#118=CIRCLE('',#4414,0.0023);
#119=CIRCLE('',#4415,0.0023);
#120=CIRCLE('',#4416,0.0023);
#121=CIRCLE('',#4417,0.0023);
#122=CIRCLE('',#4418,0.0023);
#123=CIRCLE('',#4419,0.0023);
#124=CIRCLE('',#4420,0.0023);
#125=CIRCLE('',#4421,0.0023);
#126=CIRCLE('',#4422,0.0023);
#127=CIRCLE('',#4423,0.0023);
#128=CIRCLE('',#4424,0.0023);
#129=CIRCLE('',#4425,0.0023);
#130=CIRCLE('',#4426,0.0023);
#131=CIRCLE('',#4427,0.0023);
#132=CIRCLE('',#4428,0.0023);
#133=CIRCLE('',#4429,0.0023);
#134=CIRCLE('',#4430,0.0023);
#135=CIRCLE('',#4431,0.0023);
#136=CIRCLE('',#4432,0.0023);
#137=CIRCLE('',#4433,0.0023);
#138=CIRCLE('',#4434,0.0023);
#139=CIRCLE('',#4435,0.0023);
#140=CIRCLE('',#4436,0.0023);
#141=CIRCLE('',#4437,0.0023);
#142=CIRCLE('',#4438,0.0023);
#143=CIRCLE('',#4439,0.0023);
#144=CIRCLE('',#4440,0.0023);
#145=CIRCLE('',#4441,0.0023);
#146=CIRCLE('',#4443,0.00035);
#147=CIRCLE('',#4446,0.002);
#148=CIRCLE('',#4448,0.00035);
#149=CIRCLE('',#4451,0.00035);
#150=CIRCLE('',#4454,0.00035);
#151=CIRCLE('',#4457,0.00035);
#152=CIRCLE('',#4460,0.00035);
#153=CIRCLE('',#4463,0.00035);
#154=CIRCLE('',#4466,0.00035);
#155=CIRCLE('',#4469,0.00035);
#156=CIRCLE('',#4472,0.00035);
#157=CIRCLE('',#4475,0.00035);
#158=CIRCLE('',#4478,0.00035);
#159=CIRCLE('',#4481,0.00035);
#160=CIRCLE('',#4484,0.00035);
#161=CIRCLE('',#4487,0.00035);
#162=CIRCLE('',#4490,0.00035);
#163=CIRCLE('',#4493,0.00035);
#164=CIRCLE('',#4496,0.00035);
#165=CIRCLE('',#4499,0.00035);
#166=CIRCLE('',#4502,0.00035);
#167=CIRCLE('',#4505,0.00085);
#168=CIRCLE('',#4507,0.00085);
#169=CIRCLE('',#4511,0.003);
#170=CIRCLE('',#4512,0.003);
#171=CIRCLE('',#4513,0.003);
#172=CIRCLE('',#4514,0.003);
#173=CIRCLE('',#4517,0.003);
#174=CIRCLE('',#4518,0.003);
#175=CIRCLE('',#4519,0.003);
#176=CIRCLE('',#4520,0.003);
#177=CIRCLE('',#4530,0.0036);
#178=CIRCLE('',#4531,0.0036);
#179=CIRCLE('',#4534,0.0036);
#180=CIRCLE('',#4535,0.0036);
#181=CIRCLE('',#4537,0.001);
#182=CIRCLE('',#4538,0.001);
#183=CIRCLE('',#4541,0.001);
#184=CIRCLE('',#4542,0.001);
#185=CIRCLE('',#4547,0.0015);
#186=CIRCLE('',#4548,0.0015);
#187=CIRCLE('',#4551,0.0015);
#188=CIRCLE('',#4552,0.0015);
#189=CIRCLE('',#4562,0.0036);
#190=CIRCLE('',#4563,0.0036);
#191=CIRCLE('',#4568,0.001);
#192=CIRCLE('',#4569,0.001);
#193=CIRCLE('',#4571,0.003);
#194=CIRCLE('',#4572,0.003);
#195=CIRCLE('',#4574,0.003);
#196=CIRCLE('',#4575,0.003);
#197=CIRCLE('',#4578,0.0036);
#198=CIRCLE('',#4579,0.0036);
#199=CIRCLE('',#4582,0.001);
#200=CIRCLE('',#4583,0.001);
#201=CIRCLE('',#4585,0.003);
#202=CIRCLE('',#4586,0.003);
#203=CIRCLE('',#4588,0.003);
#204=CIRCLE('',#4589,0.003);
#205=CIRCLE('',#4608,0.001);
#206=CIRCLE('',#4609,0.0036);
#207=CIRCLE('',#4610,0.0036);
#208=CIRCLE('',#4620,0.0036);
#209=CIRCLE('',#4623,0.0036);
#210=CIRCLE('',#4625,0.003);
#211=CIRCLE('',#4627,0.001);
#212=CIRCLE('',#4629,0.003);
#213=CIRCLE('',#4630,0.003);
#214=CIRCLE('',#4631,0.003);
#215=CIRCLE('',#4632,0.003);
#216=CIRCLE('',#4633,0.003);
#217=CIRCLE('',#4634,0.003);
#218=CIRCLE('',#4635,0.003);
#219=CIRCLE('',#4636,0.003);
#220=CIRCLE('',#4639,0.0036);
#221=CIRCLE('',#4640,0.0036);
#222=CIRCLE('',#4645,0.0036);
#223=CIRCLE('',#4646,0.0036);
#224=CIRCLE('',#4648,0.003);
#225=CIRCLE('',#4649,0.003);
#226=CIRCLE('',#4650,0.003);
#227=CIRCLE('',#4651,0.003);
#228=CIRCLE('',#4652,0.003);
#229=CIRCLE('',#4653,0.003);
#230=CIRCLE('',#4654,0.003);
#231=CIRCLE('',#4655,0.003);
#232=CYLINDRICAL_SURFACE('',#4290,0.0036);
#233=CYLINDRICAL_SURFACE('',#4297,0.0036000000000006);
#234=CYLINDRICAL_SURFACE('',#4300,0.001);
#235=CYLINDRICAL_SURFACE('',#4303,0.00360000000000005);
#236=CYLINDRICAL_SURFACE('',#4307,0.001);
#237=CYLINDRICAL_SURFACE('',#4314,0.003);
#238=CYLINDRICAL_SURFACE('',#4348,0.003);
#239=CYLINDRICAL_SURFACE('',#4349,0.003);
#240=CYLINDRICAL_SURFACE('',#4350,0.003);
#241=CYLINDRICAL_SURFACE('',#4351,0.003);
#242=CYLINDRICAL_SURFACE('',#4352,0.003);
#243=CYLINDRICAL_SURFACE('',#4353,0.003);
#244=CYLINDRICAL_SURFACE('',#4354,0.0015);
#245=CYLINDRICAL_SURFACE('',#4355,0.0015);
#246=CYLINDRICAL_SURFACE('',#4389,0.001);
#247=CYLINDRICAL_SURFACE('',#4392,0.001);
#248=CYLINDRICAL_SURFACE('',#4394,0.0059);
#249=CYLINDRICAL_SURFACE('',#4396,0.0025);
#250=CYLINDRICAL_SURFACE('',#4401,0.0023);
#251=CYLINDRICAL_SURFACE('',#4444,0.00035);
#252=CYLINDRICAL_SURFACE('',#4447,0.00035);
#253=CYLINDRICAL_SURFACE('',#4450,0.00035);
#254=CYLINDRICAL_SURFACE('',#4453,0.00035);
#255=CYLINDRICAL_SURFACE('',#4456,0.00035);
#256=CYLINDRICAL_SURFACE('',#4459,0.00035);
#257=CYLINDRICAL_SURFACE('',#4462,0.00035);
#258=CYLINDRICAL_SURFACE('',#4465,0.00035);
#259=CYLINDRICAL_SURFACE('',#4468,0.00035);
#260=CYLINDRICAL_SURFACE('',#4471,0.00035);
#261=CYLINDRICAL_SURFACE('',#4474,0.00035);
#262=CYLINDRICAL_SURFACE('',#4477,0.00035);
#263=CYLINDRICAL_SURFACE('',#4480,0.00035);
#264=CYLINDRICAL_SURFACE('',#4483,0.00035);
#265=CYLINDRICAL_SURFACE('',#4486,0.00035);
#266=CYLINDRICAL_SURFACE('',#4489,0.00035);
#267=CYLINDRICAL_SURFACE('',#4492,0.00035);
#268=CYLINDRICAL_SURFACE('',#4495,0.00035);
#269=CYLINDRICAL_SURFACE('',#4498,0.00035);
#270=CYLINDRICAL_SURFACE('',#4501,0.00035);
#271=CYLINDRICAL_SURFACE('',#4506,0.00085);
#272=CYLINDRICAL_SURFACE('',#4524,0.003);
#273=CYLINDRICAL_SURFACE('',#4525,0.003);
#274=CYLINDRICAL_SURFACE('',#4526,0.003);
#275=CYLINDRICAL_SURFACE('',#4527,0.003);
#276=CYLINDRICAL_SURFACE('',#4529,0.0036);
#277=CYLINDRICAL_SURFACE('',#4533,0.0036);
#278=CYLINDRICAL_SURFACE('',#4536,0.001);
#279=CYLINDRICAL_SURFACE('',#4540,0.001);
#280=CYLINDRICAL_SURFACE('',#4556,0.0015);
#281=CYLINDRICAL_SURFACE('',#4557,0.0015);
#282=CYLINDRICAL_SURFACE('',#4561,0.0036);
#283=CYLINDRICAL_SURFACE('',#4567,0.001);
#284=CYLINDRICAL_SURFACE('',#4577,0.0036);
#285=CYLINDRICAL_SURFACE('',#4581,0.001);
#286=CYLINDRICAL_SURFACE('',#4591,0.003);
#287=CYLINDRICAL_SURFACE('',#4592,0.003);
#288=CYLINDRICAL_SURFACE('',#4593,0.003);
#289=CYLINDRICAL_SURFACE('',#4594,0.003);
#290=CYLINDRICAL_SURFACE('',#4619,0.0036);
#291=CYLINDRICAL_SURFACE('',#4622,0.0036);
#292=CYLINDRICAL_SURFACE('',#4626,0.001);
#293=CYLINDRICAL_SURFACE('',#4638,0.0036);
#294=CYLINDRICAL_SURFACE('',#4644,0.0036);
#295=CYLINDRICAL_SURFACE('',#4657,0.003);
#296=CYLINDRICAL_SURFACE('',#4658,0.003);
#297=CYLINDRICAL_SURFACE('',#4659,0.003);
#298=CYLINDRICAL_SURFACE('',#4660,0.003);
#299=CYLINDRICAL_SURFACE('',#4661,0.003);
#300=CYLINDRICAL_SURFACE('',#4662,0.003);
#301=CYLINDRICAL_SURFACE('',#4663,0.003);
#302=CYLINDRICAL_SURFACE('',#4664,0.003);
#303=CYLINDRICAL_SURFACE('',#4665,0.003);
#304=CONTEXT_DEPENDENT_SHAPE_REPRESENTATION(#324,#7101);
#305=CONTEXT_DEPENDENT_SHAPE_REPRESENTATION(#325,#7103);
#306=CONTEXT_DEPENDENT_SHAPE_REPRESENTATION(#326,#7105);
#307=CONTEXT_DEPENDENT_SHAPE_REPRESENTATION(#327,#7107);
#308=CONTEXT_DEPENDENT_SHAPE_REPRESENTATION(#328,#7109);
#309=CONTEXT_DEPENDENT_SHAPE_REPRESENTATION(#329,#7111);
#310=CONTEXT_DEPENDENT_SHAPE_REPRESENTATION(#330,#7113);
#311=CONTEXT_DEPENDENT_SHAPE_REPRESENTATION(#331,#7115);
#312=CONTEXT_DEPENDENT_SHAPE_REPRESENTATION(#332,#7117);
#313=CONTEXT_DEPENDENT_SHAPE_REPRESENTATION(#333,#7119);
#314=NEXT_ASSEMBLY_USAGE_OCCURRENCE('NAUO1','clip','clip',#7120,#7121,
'');
#315=NEXT_ASSEMBLY_USAGE_OCCURRENCE('NAUO2','Part 3','Part 3',#7120,#7122,
'');
#316=NEXT_ASSEMBLY_USAGE_OCCURRENCE('NAUO3','servo holder',
'servo holder',#7120,#7123,'');
#317=NEXT_ASSEMBLY_USAGE_OCCURRENCE('NAUO4','Servo-sg90-final',
'Servo-sg90-final',#7120,#7124,'');
#318=NEXT_ASSEMBLY_USAGE_OCCURRENCE('NAUO5','Part 5','Part 5',#7120,#7125,
'');
#319=NEXT_ASSEMBLY_USAGE_OCCURRENCE('NAUO6','Part 2','Part 2',#7120,#7126,
'');
#320=NEXT_ASSEMBLY_USAGE_OCCURRENCE('NAUO7','wood','wood',#7120,#7127,
'');
#321=NEXT_ASSEMBLY_USAGE_OCCURRENCE('NAUO8','Part 4','Part 4',#7120,#7128,
'');
#322=NEXT_ASSEMBLY_USAGE_OCCURRENCE('NAUO9','vent reference',
'vent reference',#7120,#7129,'');
#323=NEXT_ASSEMBLY_USAGE_OCCURRENCE('NAUO10','Part 1','Part 1',#7120,#7130,
'');
#324=(
REPRESENTATION_RELATIONSHIP(' ',' ',#4267,#4266)
REPRESENTATION_RELATIONSHIP_WITH_TRANSFORMATION(#334)
SHAPE_REPRESENTATION_RELATIONSHIP()
);
#325=(
REPRESENTATION_RELATIONSHIP(' ',' ',#4268,#4266)
REPRESENTATION_RELATIONSHIP_WITH_TRANSFORMATION(#335)
SHAPE_REPRESENTATION_RELATIONSHIP()
);
#326=(
REPRESENTATION_RELATIONSHIP(' ',' ',#4269,#4266)
REPRESENTATION_RELATIONSHIP_WITH_TRANSFORMATION(#336)
SHAPE_REPRESENTATION_RELATIONSHIP()
);
#327=(
REPRESENTATION_RELATIONSHIP(' ',' ',#4270,#4266)
REPRESENTATION_RELATIONSHIP_WITH_TRANSFORMATION(#337)
SHAPE_REPRESENTATION_RELATIONSHIP()
);
#328=(
REPRESENTATION_RELATIONSHIP(' ',' ',#4271,#4266)
REPRESENTATION_RELATIONSHIP_WITH_TRANSFORMATION(#338)
SHAPE_REPRESENTATION_RELATIONSHIP()
);
#329=(
REPRESENTATION_RELATIONSHIP(' ',' ',#4272,#4266)
REPRESENTATION_RELATIONSHIP_WITH_TRANSFORMATION(#339)
SHAPE_REPRESENTATION_RELATIONSHIP()
);
#330=(
REPRESENTATION_RELATIONSHIP(' ',' ',#4273,#4266)
REPRESENTATION_RELATIONSHIP_WITH_TRANSFORMATION(#340)
SHAPE_REPRESENTATION_RELATIONSHIP()
);
#331=(
REPRESENTATION_RELATIONSHIP(' ',' ',#4274,#4266)
REPRESENTATION_RELATIONSHIP_WITH_TRANSFORMATION(#341)
SHAPE_REPRESENTATION_RELATIONSHIP()
);
#332=(
REPRESENTATION_RELATIONSHIP(' ',' ',#4275,#4266)
REPRESENTATION_RELATIONSHIP_WITH_TRANSFORMATION(#342)
SHAPE_REPRESENTATION_RELATIONSHIP()
);
#333=(
REPRESENTATION_RELATIONSHIP(' ',' ',#4276,#4266)
REPRESENTATION_RELATIONSHIP_WITH_TRANSFORMATION(#343)
SHAPE_REPRESENTATION_RELATIONSHIP()
);
#334=ITEM_DEFINED_TRANSFORMATION(' ',' ',#4277,#4288);
#335=ITEM_DEFINED_TRANSFORMATION(' ',' ',#4277,#4315);
#336=ITEM_DEFINED_TRANSFORMATION(' ',' ',#4277,#4356);
#337=ITEM_DEFINED_TRANSFORMATION(' ',' ',#4277,#4509);
#338=ITEM_DEFINED_TRANSFORMATION(' ',' ',#4277,#4528);
#339=ITEM_DEFINED_TRANSFORMATION(' ',' ',#4277,#4545);
#340=ITEM_DEFINED_TRANSFORMATION(' ',' ',#4277,#4558);
#341=ITEM_DEFINED_TRANSFORMATION(' ',' ',#4277,#4595);
#342=ITEM_DEFINED_TRANSFORMATION(' ',' ',#4277,#4606);
#343=ITEM_DEFINED_TRANSFORMATION(' ',' ',#4277,#4666);
#344=SHAPE_REPRESENTATION_RELATIONSHIP('','',#4267,#354);
#345=SHAPE_REPRESENTATION_RELATIONSHIP('','',#4268,#355);
#346=SHAPE_REPRESENTATION_RELATIONSHIP('','',#4269,#356);
#347=SHAPE_REPRESENTATION_RELATIONSHIP('','',#4270,#357);
#348=SHAPE_REPRESENTATION_RELATIONSHIP('','',#4271,#358);
#349=SHAPE_REPRESENTATION_RELATIONSHIP('','',#4272,#359);
#350=SHAPE_REPRESENTATION_RELATIONSHIP('','',#4273,#360);
#351=SHAPE_REPRESENTATION_RELATIONSHIP('','',#4274,#361);
#352=SHAPE_REPRESENTATION_RELATIONSHIP('','',#4275,#362);
#353=SHAPE_REPRESENTATION_RELATIONSHIP('','',#4276,#363);
#354=ADVANCED_BREP_SHAPE_REPRESENTATION('',(#4245),#7075);
#355=ADVANCED_BREP_SHAPE_REPRESENTATION('',(#4246),#7076);
#356=ADVANCED_BREP_SHAPE_REPRESENTATION('',(#4247),#7077);
#357=ADVANCED_BREP_SHAPE_REPRESENTATION('',(#4248),#7078);
#358=ADVANCED_BREP_SHAPE_REPRESENTATION('',(#4249),#7079);
#359=ADVANCED_BREP_SHAPE_REPRESENTATION('',(#4250),#7080);
#360=ADVANCED_BREP_SHAPE_REPRESENTATION('',(#4251),#7081);
#361=ADVANCED_BREP_SHAPE_REPRESENTATION('',(#4252),#7082);
#362=ADVANCED_BREP_SHAPE_REPRESENTATION('',(#4253),#7083);
#363=ADVANCED_BREP_SHAPE_REPRESENTATION('',(#4254),#7084);
#364=ORIENTED_EDGE('',*,*,#1456,.T.);
#365=ORIENTED_EDGE('',*,*,#1457,.F.);
#366=ORIENTED_EDGE('',*,*,#1458,.F.);
#367=ORIENTED_EDGE('',*,*,#1459,.T.);
#368=ORIENTED_EDGE('',*,*,#1460,.F.);
#369=ORIENTED_EDGE('',*,*,#1461,.F.);
#370=ORIENTED_EDGE('',*,*,#1462,.F.);
#371=ORIENTED_EDGE('',*,*,#1463,.T.);
#372=ORIENTED_EDGE('',*,*,#1464,.T.);
#373=ORIENTED_EDGE('',*,*,#1463,.F.);
#374=ORIENTED_EDGE('',*,*,#1465,.F.);
#375=ORIENTED_EDGE('',*,*,#1466,.T.);
#376=ORIENTED_EDGE('',*,*,#1467,.F.);
#377=ORIENTED_EDGE('',*,*,#1466,.F.);
#378=ORIENTED_EDGE('',*,*,#1468,.T.);
#379=ORIENTED_EDGE('',*,*,#1469,.T.);
#380=ORIENTED_EDGE('',*,*,#1470,.T.);
#381=ORIENTED_EDGE('',*,*,#1471,.F.);
#382=ORIENTED_EDGE('',*,*,#1472,.T.);
#383=ORIENTED_EDGE('',*,*,#1473,.T.);
#384=ORIENTED_EDGE('',*,*,#1474,.F.);
#385=ORIENTED_EDGE('',*,*,#1469,.F.);
#386=ORIENTED_EDGE('',*,*,#1475,.T.);
#387=ORIENTED_EDGE('',*,*,#1461,.T.);
#388=ORIENTED_EDGE('',*,*,#1462,.T.);
#389=ORIENTED_EDGE('',*,*,#1475,.F.);
#390=ORIENTED_EDGE('',*,*,#1468,.F.);
#391=ORIENTED_EDGE('',*,*,#1465,.T.);
#392=ORIENTED_EDGE('',*,*,#1456,.F.);
#393=ORIENTED_EDGE('',*,*,#1464,.F.);
#394=ORIENTED_EDGE('',*,*,#1467,.T.);
#395=ORIENTED_EDGE('',*,*,#1476,.F.);
#396=ORIENTED_EDGE('',*,*,#1471,.T.);
#397=ORIENTED_EDGE('',*,*,#1477,.T.);
#398=ORIENTED_EDGE('',*,*,#1459,.F.);
#399=ORIENTED_EDGE('',*,*,#1478,.F.);
#400=ORIENTED_EDGE('',*,*,#1476,.T.);
#401=ORIENTED_EDGE('',*,*,#1473,.F.);
#402=ORIENTED_EDGE('',*,*,#1479,.F.);
#403=ORIENTED_EDGE('',*,*,#1457,.T.);
#404=ORIENTED_EDGE('',*,*,#1478,.T.);
#405=ORIENTED_EDGE('',*,*,#1458,.T.);
#406=ORIENTED_EDGE('',*,*,#1479,.T.);
#407=ORIENTED_EDGE('',*,*,#1472,.F.);
#408=ORIENTED_EDGE('',*,*,#1474,.T.);
#409=ORIENTED_EDGE('',*,*,#1460,.T.);
#410=ORIENTED_EDGE('',*,*,#1477,.F.);
#411=ORIENTED_EDGE('',*,*,#1470,.F.);
#412=ORIENTED_EDGE('',*,*,#1480,.T.);
#413=ORIENTED_EDGE('',*,*,#1481,.F.);
#414=ORIENTED_EDGE('',*,*,#1482,.F.);
#415=ORIENTED_EDGE('',*,*,#1483,.T.);
#416=ORIENTED_EDGE('',*,*,#1484,.T.);
#417=ORIENTED_EDGE('',*,*,#1485,.F.);
#418=ORIENTED_EDGE('',*,*,#1486,.F.);
#419=ORIENTED_EDGE('',*,*,#1481,.T.);
#420=ORIENTED_EDGE('',*,*,#1487,.F.);
#421=ORIENTED_EDGE('',*,*,#1488,.T.);
#422=ORIENTED_EDGE('',*,*,#1489,.T.);
#423=ORIENTED_EDGE('',*,*,#1485,.T.);
#424=ORIENTED_EDGE('',*,*,#1490,.F.);
#425=ORIENTED_EDGE('',*,*,#1491,.T.);
#426=ORIENTED_EDGE('',*,*,#1492,.T.);
#427=ORIENTED_EDGE('',*,*,#1493,.F.);
#428=ORIENTED_EDGE('',*,*,#1494,.T.);
#429=ORIENTED_EDGE('',*,*,#1495,.F.);
#430=ORIENTED_EDGE('',*,*,#1496,.F.);
#431=ORIENTED_EDGE('',*,*,#1493,.T.);
#432=ORIENTED_EDGE('',*,*,#1497,.F.);
#433=ORIENTED_EDGE('',*,*,#1498,.F.);
#434=ORIENTED_EDGE('',*,*,#1499,.T.);
#435=ORIENTED_EDGE('',*,*,#1495,.T.);
#436=ORIENTED_EDGE('',*,*,#1500,.F.);
#437=ORIENTED_EDGE('',*,*,#1501,.F.);
#438=ORIENTED_EDGE('',*,*,#1502,.T.);
#439=ORIENTED_EDGE('',*,*,#1503,.T.);
#440=ORIENTED_EDGE('',*,*,#1504,.T.);
#441=ORIENTED_EDGE('',*,*,#1505,.F.);
#442=ORIENTED_EDGE('',*,*,#1506,.T.);
#443=ORIENTED_EDGE('',*,*,#1483,.F.);
#444=ORIENTED_EDGE('',*,*,#1507,.F.);
#445=ORIENTED_EDGE('',*,*,#1498,.T.);
#446=ORIENTED_EDGE('',*,*,#1508,.T.);
#447=ORIENTED_EDGE('',*,*,#1503,.F.);
#448=ORIENTED_EDGE('',*,*,#1509,.F.);
#449=ORIENTED_EDGE('',*,*,#1501,.T.);
#450=ORIENTED_EDGE('',*,*,#1510,.T.);
#451=ORIENTED_EDGE('',*,*,#1511,.F.);
#452=ORIENTED_EDGE('',*,*,#1502,.F.);
#453=ORIENTED_EDGE('',*,*,#1509,.T.);
#454=ORIENTED_EDGE('',*,*,#1482,.T.);
#455=ORIENTED_EDGE('',*,*,#1486,.T.);
#456=ORIENTED_EDGE('',*,*,#1489,.F.);
#457=ORIENTED_EDGE('',*,*,#1512,.T.);
#458=ORIENTED_EDGE('',*,*,#1490,.T.);
#459=ORIENTED_EDGE('',*,*,#1496,.T.);
#460=ORIENTED_EDGE('',*,*,#1499,.F.);
#461=ORIENTED_EDGE('',*,*,#1507,.T.);
#462=ORIENTED_EDGE('',*,*,#1504,.F.);
#463=ORIENTED_EDGE('',*,*,#1510,.F.);
#464=ORIENTED_EDGE('',*,*,#1500,.T.);
#465=ORIENTED_EDGE('',*,*,#1508,.F.);
#466=ORIENTED_EDGE('',*,*,#1480,.F.);
#467=ORIENTED_EDGE('',*,*,#1506,.F.);
#468=ORIENTED_EDGE('',*,*,#1497,.T.);
#469=ORIENTED_EDGE('',*,*,#1494,.F.);
#470=ORIENTED_EDGE('',*,*,#1492,.F.);
#471=ORIENTED_EDGE('',*,*,#1513,.T.);
#472=ORIENTED_EDGE('',*,*,#1487,.T.);
#473=ORIENTED_EDGE('',*,*,#1484,.F.);
#474=ORIENTED_EDGE('',*,*,#1505,.T.);
#475=ORIENTED_EDGE('',*,*,#1511,.T.);
#476=ORIENTED_EDGE('',*,*,#1512,.F.);
#477=ORIENTED_EDGE('',*,*,#1488,.F.);
#478=ORIENTED_EDGE('',*,*,#1513,.F.);
#479=ORIENTED_EDGE('',*,*,#1491,.F.);
#480=ORIENTED_EDGE('',*,*,#1514,.F.);
#481=ORIENTED_EDGE('',*,*,#1515,.T.);
#482=ORIENTED_EDGE('',*,*,#1516,.T.);
#483=ORIENTED_EDGE('',*,*,#1517,.F.);
#484=ORIENTED_EDGE('',*,*,#1518,.F.);
#485=ORIENTED_EDGE('',*,*,#1519,.T.);
#486=ORIENTED_EDGE('',*,*,#1520,.T.);
#487=ORIENTED_EDGE('',*,*,#1521,.F.);
#488=ORIENTED_EDGE('',*,*,#1522,.T.);
#489=ORIENTED_EDGE('',*,*,#1514,.T.);
#490=ORIENTED_EDGE('',*,*,#1523,.F.);
#491=ORIENTED_EDGE('',*,*,#1519,.F.);
#492=ORIENTED_EDGE('',*,*,#1524,.F.);
#493=ORIENTED_EDGE('',*,*,#1525,.T.);
#494=ORIENTED_EDGE('',*,*,#1526,.F.);
#495=ORIENTED_EDGE('',*,*,#1527,.T.);
#496=ORIENTED_EDGE('',*,*,#1528,.F.);
#497=ORIENTED_EDGE('',*,*,#1529,.T.);
#498=ORIENTED_EDGE('',*,*,#1530,.T.);
#499=ORIENTED_EDGE('',*,*,#1531,.T.);
#500=ORIENTED_EDGE('',*,*,#1532,.T.);
#501=ORIENTED_EDGE('',*,*,#1533,.T.);
#502=ORIENTED_EDGE('',*,*,#1534,.T.);
#503=ORIENTED_EDGE('',*,*,#1535,.T.);
#504=ORIENTED_EDGE('',*,*,#1536,.T.);
#505=ORIENTED_EDGE('',*,*,#1537,.F.);
#506=ORIENTED_EDGE('',*,*,#1538,.F.);
#507=ORIENTED_EDGE('',*,*,#1539,.T.);
#508=ORIENTED_EDGE('',*,*,#1526,.T.);
#509=ORIENTED_EDGE('',*,*,#1540,.T.);
#510=ORIENTED_EDGE('',*,*,#1541,.F.);
#511=ORIENTED_EDGE('',*,*,#1542,.T.);
#512=ORIENTED_EDGE('',*,*,#1516,.F.);
#513=ORIENTED_EDGE('',*,*,#1543,.F.);
#514=ORIENTED_EDGE('',*,*,#1521,.T.);
#515=ORIENTED_EDGE('',*,*,#1544,.T.);
#516=ORIENTED_EDGE('',*,*,#1541,.T.);
#517=ORIENTED_EDGE('',*,*,#1545,.T.);
#518=ORIENTED_EDGE('',*,*,#1546,.T.);
#519=ORIENTED_EDGE('',*,*,#1547,.T.);
#520=ORIENTED_EDGE('',*,*,#1548,.T.);
#521=ORIENTED_EDGE('',*,*,#1549,.T.);
#522=ORIENTED_EDGE('',*,*,#1550,.F.);
#523=ORIENTED_EDGE('',*,*,#1551,.F.);
#524=ORIENTED_EDGE('',*,*,#1552,.F.);
#525=ORIENTED_EDGE('',*,*,#1553,.T.);
#526=ORIENTED_EDGE('',*,*,#1554,.F.);
#527=ORIENTED_EDGE('',*,*,#1555,.T.);
#528=ORIENTED_EDGE('',*,*,#1556,.F.);
#529=ORIENTED_EDGE('',*,*,#1557,.T.);
#530=ORIENTED_EDGE('',*,*,#1558,.T.);
#531=ORIENTED_EDGE('',*,*,#1559,.T.);
#532=ORIENTED_EDGE('',*,*,#1558,.F.);
#533=ORIENTED_EDGE('',*,*,#1560,.T.);
#534=ORIENTED_EDGE('',*,*,#1528,.T.);
#535=ORIENTED_EDGE('',*,*,#1561,.T.);
#536=ORIENTED_EDGE('',*,*,#1556,.T.);
#537=ORIENTED_EDGE('',*,*,#1562,.T.);
#538=ORIENTED_EDGE('',*,*,#1530,.F.);
#539=ORIENTED_EDGE('',*,*,#1563,.T.);
#540=ORIENTED_EDGE('',*,*,#1554,.T.);
#541=ORIENTED_EDGE('',*,*,#1564,.T.);
#542=ORIENTED_EDGE('',*,*,#1532,.F.);
#543=ORIENTED_EDGE('',*,*,#1565,.T.);
#544=ORIENTED_EDGE('',*,*,#1524,.T.);
#545=ORIENTED_EDGE('',*,*,#1566,.T.);
#546=ORIENTED_EDGE('',*,*,#1546,.F.);
#547=ORIENTED_EDGE('',*,*,#1567,.F.);
#548=ORIENTED_EDGE('',*,*,#1520,.F.);
#549=ORIENTED_EDGE('',*,*,#1523,.T.);
#550=ORIENTED_EDGE('',*,*,#1517,.T.);
#551=ORIENTED_EDGE('',*,*,#1544,.F.);
#552=ORIENTED_EDGE('',*,*,#1568,.F.);
#553=ORIENTED_EDGE('',*,*,#1569,.F.);
#554=ORIENTED_EDGE('',*,*,#1536,.F.);
#555=ORIENTED_EDGE('',*,*,#1570,.F.);
#556=ORIENTED_EDGE('',*,*,#1550,.T.);
#557=ORIENTED_EDGE('',*,*,#1571,.T.);
#558=ORIENTED_EDGE('',*,*,#1518,.T.);
#559=ORIENTED_EDGE('',*,*,#1543,.T.);
#560=ORIENTED_EDGE('',*,*,#1515,.F.);
#561=ORIENTED_EDGE('',*,*,#1522,.F.);
#562=ORIENTED_EDGE('',*,*,#1571,.F.);
#563=ORIENTED_EDGE('',*,*,#1549,.F.);
#564=ORIENTED_EDGE('',*,*,#1572,.T.);
#565=ORIENTED_EDGE('',*,*,#1537,.T.);
#566=ORIENTED_EDGE('',*,*,#1573,.F.);
#567=ORIENTED_EDGE('',*,*,#1548,.F.);
#568=ORIENTED_EDGE('',*,*,#1574,.T.);
#569=ORIENTED_EDGE('',*,*,#1538,.T.);
#570=ORIENTED_EDGE('',*,*,#1572,.F.);
#571=ORIENTED_EDGE('',*,*,#1570,.T.);
#572=ORIENTED_EDGE('',*,*,#1535,.F.);
#573=ORIENTED_EDGE('',*,*,#1575,.F.);
#574=ORIENTED_EDGE('',*,*,#1551,.T.);
#575=ORIENTED_EDGE('',*,*,#1576,.F.);
#576=ORIENTED_EDGE('',*,*,#1534,.F.);
#577=ORIENTED_EDGE('',*,*,#1577,.T.);
#578=ORIENTED_EDGE('',*,*,#1552,.T.);
#579=ORIENTED_EDGE('',*,*,#1575,.T.);
#580=ORIENTED_EDGE('',*,*,#1533,.F.);
#581=ORIENTED_EDGE('',*,*,#1564,.F.);
#582=ORIENTED_EDGE('',*,*,#1553,.F.);
#583=ORIENTED_EDGE('',*,*,#1577,.F.);
#584=ORIENTED_EDGE('',*,*,#1539,.F.);
#585=ORIENTED_EDGE('',*,*,#1574,.F.);
#586=ORIENTED_EDGE('',*,*,#1547,.F.);
#587=ORIENTED_EDGE('',*,*,#1566,.F.);
#588=ORIENTED_EDGE('',*,*,#1545,.F.);
#589=ORIENTED_EDGE('',*,*,#1540,.F.);
#590=ORIENTED_EDGE('',*,*,#1525,.F.);
#591=ORIENTED_EDGE('',*,*,#1567,.T.);
#592=ORIENTED_EDGE('',*,*,#1555,.F.);
#593=ORIENTED_EDGE('',*,*,#1565,.F.);
#594=ORIENTED_EDGE('',*,*,#1531,.F.);
#595=ORIENTED_EDGE('',*,*,#1562,.F.);
#596=ORIENTED_EDGE('',*,*,#1557,.F.);
#597=ORIENTED_EDGE('',*,*,#1563,.F.);
#598=ORIENTED_EDGE('',*,*,#1529,.F.);
#599=ORIENTED_EDGE('',*,*,#1560,.F.);
#600=ORIENTED_EDGE('',*,*,#1559,.F.);
#601=ORIENTED_EDGE('',*,*,#1561,.F.);
#602=ORIENTED_EDGE('',*,*,#1527,.F.);
#603=ORIENTED_EDGE('',*,*,#1542,.F.);
#604=ORIENTED_EDGE('',*,*,#1576,.T.);
#605=ORIENTED_EDGE('',*,*,#1568,.T.);
#606=ORIENTED_EDGE('',*,*,#1573,.T.);
#607=ORIENTED_EDGE('',*,*,#1569,.T.);
#608=ORIENTED_EDGE('',*,*,#1578,.T.);
#609=ORIENTED_EDGE('',*,*,#1579,.F.);
#610=ORIENTED_EDGE('',*,*,#1580,.F.);
#611=ORIENTED_EDGE('',*,*,#1581,.T.);
#612=ORIENTED_EDGE('',*,*,#1582,.T.);
#613=ORIENTED_EDGE('',*,*,#1583,.F.);
#614=ORIENTED_EDGE('',*,*,#1584,.T.);
#615=ORIENTED_EDGE('',*,*,#1585,.T.);
#616=ORIENTED_EDGE('',*,*,#1586,.T.);
#617=ORIENTED_EDGE('',*,*,#1587,.T.);
#618=ORIENTED_EDGE('',*,*,#1588,.T.);
#619=ORIENTED_EDGE('',*,*,#1589,.F.);
#620=ORIENTED_EDGE('',*,*,#1590,.T.);
#621=ORIENTED_EDGE('',*,*,#1591,.F.);
#622=ORIENTED_EDGE('',*,*,#1592,.F.);
#623=ORIENTED_EDGE('',*,*,#1593,.F.);
#624=ORIENTED_EDGE('',*,*,#1581,.F.);
#625=ORIENTED_EDGE('',*,*,#1594,.F.);
#626=ORIENTED_EDGE('',*,*,#1578,.F.);
#627=ORIENTED_EDGE('',*,*,#1593,.T.);
#628=ORIENTED_EDGE('',*,*,#1595,.T.);
#629=ORIENTED_EDGE('',*,*,#1596,.T.);
#630=ORIENTED_EDGE('',*,*,#1597,.T.);
#631=ORIENTED_EDGE('',*,*,#1598,.T.);
#632=ORIENTED_EDGE('',*,*,#1599,.T.);
#633=ORIENTED_EDGE('',*,*,#1600,.F.);
#634=ORIENTED_EDGE('',*,*,#1579,.T.);
#635=ORIENTED_EDGE('',*,*,#1594,.T.);
#636=ORIENTED_EDGE('',*,*,#1601,.T.);
#637=ORIENTED_EDGE('',*,*,#1602,.T.);
#638=ORIENTED_EDGE('',*,*,#1603,.F.);
#639=ORIENTED_EDGE('',*,*,#1604,.T.);
#640=ORIENTED_EDGE('',*,*,#1605,.F.);
#641=ORIENTED_EDGE('',*,*,#1606,.F.);
#642=ORIENTED_EDGE('',*,*,#1607,.F.);
#643=ORIENTED_EDGE('',*,*,#1608,.F.);
#644=ORIENTED_EDGE('',*,*,#1609,.F.);
#645=ORIENTED_EDGE('',*,*,#1610,.T.);
#646=ORIENTED_EDGE('',*,*,#1611,.F.);
#647=ORIENTED_EDGE('',*,*,#1582,.F.);
#648=ORIENTED_EDGE('',*,*,#1580,.T.);
#649=ORIENTED_EDGE('',*,*,#1600,.T.);
#650=ORIENTED_EDGE('',*,*,#1611,.T.);
#651=ORIENTED_EDGE('',*,*,#1610,.F.);
#652=ORIENTED_EDGE('',*,*,#1612,.F.);
#653=ORIENTED_EDGE('',*,*,#1613,.T.);
#654=ORIENTED_EDGE('',*,*,#1614,.T.);
#655=ORIENTED_EDGE('',*,*,#1615,.F.);
#656=ORIENTED_EDGE('',*,*,#1616,.F.);
#657=ORIENTED_EDGE('',*,*,#1583,.T.);
#658=ORIENTED_EDGE('',*,*,#1617,.F.);
#659=ORIENTED_EDGE('',*,*,#1618,.F.);
#660=ORIENTED_EDGE('',*,*,#1584,.F.);
#661=ORIENTED_EDGE('',*,*,#1616,.T.);
#662=ORIENTED_EDGE('',*,*,#1619,.T.);
#663=ORIENTED_EDGE('',*,*,#1620,.F.);
#664=ORIENTED_EDGE('',*,*,#1621,.T.);
#665=ORIENTED_EDGE('',*,*,#1622,.T.);
#666=ORIENTED_EDGE('',*,*,#1623,.T.);
#667=ORIENTED_EDGE('',*,*,#1601,.F.);
#668=ORIENTED_EDGE('',*,*,#1595,.F.);
#669=ORIENTED_EDGE('',*,*,#1592,.T.);
#670=ORIENTED_EDGE('',*,*,#1585,.F.);
#671=ORIENTED_EDGE('',*,*,#1618,.T.);
#672=ORIENTED_EDGE('',*,*,#1624,.T.);
#673=ORIENTED_EDGE('',*,*,#1625,.F.);
#674=ORIENTED_EDGE('',*,*,#1626,.F.);
#675=ORIENTED_EDGE('',*,*,#1627,.T.);
#676=ORIENTED_EDGE('',*,*,#1608,.T.);
#677=ORIENTED_EDGE('',*,*,#1628,.F.);
#678=ORIENTED_EDGE('',*,*,#1619,.F.);
#679=ORIENTED_EDGE('',*,*,#1591,.T.);
#680=ORIENTED_EDGE('',*,*,#1629,.T.);
#681=ORIENTED_EDGE('',*,*,#1630,.T.);
#682=ORIENTED_EDGE('',*,*,#1631,.F.);
#683=ORIENTED_EDGE('',*,*,#1586,.F.);
#684=ORIENTED_EDGE('',*,*,#1628,.T.);
#685=ORIENTED_EDGE('',*,*,#1607,.T.);
#686=ORIENTED_EDGE('',*,*,#1590,.F.);
#687=ORIENTED_EDGE('',*,*,#1632,.T.);
#688=ORIENTED_EDGE('',*,*,#1603,.T.);
#689=ORIENTED_EDGE('',*,*,#1633,.F.);
#690=ORIENTED_EDGE('',*,*,#1634,.F.);
#691=ORIENTED_EDGE('',*,*,#1635,.F.);
#692=ORIENTED_EDGE('',*,*,#1636,.T.);
#693=ORIENTED_EDGE('',*,*,#1629,.F.);
#694=ORIENTED_EDGE('',*,*,#1587,.F.);
#695=ORIENTED_EDGE('',*,*,#1631,.T.);
#696=ORIENTED_EDGE('',*,*,#1606,.T.);
#697=ORIENTED_EDGE('',*,*,#1637,.F.);
#698=ORIENTED_EDGE('',*,*,#1638,.F.);
#699=ORIENTED_EDGE('',*,*,#1639,.F.);
#700=ORIENTED_EDGE('',*,*,#1604,.F.);
#701=ORIENTED_EDGE('',*,*,#1632,.F.);
#702=ORIENTED_EDGE('',*,*,#1589,.T.);
#703=ORIENTED_EDGE('',*,*,#1640,.T.);
#704=ORIENTED_EDGE('',*,*,#1641,.T.);
#705=ORIENTED_EDGE('',*,*,#1588,.F.);
#706=ORIENTED_EDGE('',*,*,#1642,.F.);
#707=ORIENTED_EDGE('',*,*,#1640,.F.);
#708=ORIENTED_EDGE('',*,*,#1643,.T.);
#709=ORIENTED_EDGE('',*,*,#1644,.T.);
#710=ORIENTED_EDGE('',*,*,#1645,.F.);
#711=ORIENTED_EDGE('',*,*,#1596,.F.);
#712=ORIENTED_EDGE('',*,*,#1646,.T.);
#713=ORIENTED_EDGE('',*,*,#1647,.T.);
#714=ORIENTED_EDGE('',*,*,#1643,.F.);
#715=ORIENTED_EDGE('',*,*,#1599,.F.);
#716=ORIENTED_EDGE('',*,*,#1648,.T.);
#717=ORIENTED_EDGE('',*,*,#1649,.T.);
#718=ORIENTED_EDGE('',*,*,#1646,.F.);
#719=ORIENTED_EDGE('',*,*,#1598,.F.);
#720=ORIENTED_EDGE('',*,*,#1645,.T.);
#721=ORIENTED_EDGE('',*,*,#1650,.T.);
#722=ORIENTED_EDGE('',*,*,#1648,.F.);
#723=ORIENTED_EDGE('',*,*,#1597,.F.);
#724=ORIENTED_EDGE('',*,*,#1609,.T.);
#725=ORIENTED_EDGE('',*,*,#1627,.F.);
#726=ORIENTED_EDGE('',*,*,#1651,.T.);
#727=ORIENTED_EDGE('',*,*,#1612,.T.);
#728=ORIENTED_EDGE('',*,*,#1623,.F.);
#729=ORIENTED_EDGE('',*,*,#1652,.F.);
#730=ORIENTED_EDGE('',*,*,#1633,.T.);
#731=ORIENTED_EDGE('',*,*,#1602,.F.);
#732=ORIENTED_EDGE('',*,*,#1641,.F.);
#733=ORIENTED_EDGE('',*,*,#1653,.F.);
#734=ORIENTED_EDGE('',*,*,#1605,.T.);
#735=ORIENTED_EDGE('',*,*,#1613,.F.);
#736=ORIENTED_EDGE('',*,*,#1651,.F.);
#737=ORIENTED_EDGE('',*,*,#1626,.T.);
#738=ORIENTED_EDGE('',*,*,#1654,.F.);
#739=ORIENTED_EDGE('',*,*,#1655,.F.);
#740=ORIENTED_EDGE('',*,*,#1614,.F.);
#741=ORIENTED_EDGE('',*,*,#1654,.T.);
#742=ORIENTED_EDGE('',*,*,#1625,.T.);
#743=ORIENTED_EDGE('',*,*,#1655,.T.);
#744=ORIENTED_EDGE('',*,*,#1624,.F.);
#745=ORIENTED_EDGE('',*,*,#1617,.T.);
#746=ORIENTED_EDGE('',*,*,#1615,.T.);
#747=ORIENTED_EDGE('',*,*,#1636,.F.);
#748=ORIENTED_EDGE('',*,*,#1656,.F.);
#749=ORIENTED_EDGE('',*,*,#1620,.T.);
#750=ORIENTED_EDGE('',*,*,#1630,.F.);
#751=ORIENTED_EDGE('',*,*,#1657,.F.);
#752=ORIENTED_EDGE('',*,*,#1621,.F.);
#753=ORIENTED_EDGE('',*,*,#1656,.T.);
#754=ORIENTED_EDGE('',*,*,#1635,.T.);
#755=ORIENTED_EDGE('',*,*,#1652,.T.);
#756=ORIENTED_EDGE('',*,*,#1622,.F.);
#757=ORIENTED_EDGE('',*,*,#1657,.T.);
#758=ORIENTED_EDGE('',*,*,#1634,.T.);
#759=ORIENTED_EDGE('',*,*,#1653,.T.);
#760=ORIENTED_EDGE('',*,*,#1642,.T.);
#761=ORIENTED_EDGE('',*,*,#1639,.T.);
#762=ORIENTED_EDGE('',*,*,#1658,.T.);
#763=ORIENTED_EDGE('',*,*,#1659,.F.);
#764=ORIENTED_EDGE('',*,*,#1660,.F.);
#765=ORIENTED_EDGE('',*,*,#1637,.T.);
#766=ORIENTED_EDGE('',*,*,#1661,.F.);
#767=ORIENTED_EDGE('',*,*,#1658,.F.);
#768=ORIENTED_EDGE('',*,*,#1638,.T.);
#769=ORIENTED_EDGE('',*,*,#1660,.T.);
#770=ORIENTED_EDGE('',*,*,#1647,.F.);
#771=ORIENTED_EDGE('',*,*,#1649,.F.);
#772=ORIENTED_EDGE('',*,*,#1650,.F.);
#773=ORIENTED_EDGE('',*,*,#1644,.F.);
#774=ORIENTED_EDGE('',*,*,#1659,.T.);
#775=ORIENTED_EDGE('',*,*,#1661,.T.);
#776=ORIENTED_EDGE('',*,*,#1662,.F.);
#777=ORIENTED_EDGE('',*,*,#1663,.F.);
#778=ORIENTED_EDGE('',*,*,#1664,.F.);
#779=ORIENTED_EDGE('',*,*,#1665,.T.);
#780=ORIENTED_EDGE('',*,*,#1666,.F.);
#781=ORIENTED_EDGE('',*,*,#1667,.F.);
#782=ORIENTED_EDGE('',*,*,#1668,.F.);
#783=ORIENTED_EDGE('',*,*,#1669,.T.);
#784=ORIENTED_EDGE('',*,*,#1670,.F.);
#785=ORIENTED_EDGE('',*,*,#1671,.F.);
#786=ORIENTED_EDGE('',*,*,#1672,.F.);
#787=ORIENTED_EDGE('',*,*,#1673,.T.);
#788=ORIENTED_EDGE('',*,*,#1674,.F.);
#789=ORIENTED_EDGE('',*,*,#1675,.F.);
#790=ORIENTED_EDGE('',*,*,#1676,.F.);
#791=ORIENTED_EDGE('',*,*,#1677,.T.);
#792=ORIENTED_EDGE('',*,*,#1678,.F.);
#793=ORIENTED_EDGE('',*,*,#1679,.F.);
#794=ORIENTED_EDGE('',*,*,#1680,.F.);
#795=ORIENTED_EDGE('',*,*,#1681,.T.);
#796=ORIENTED_EDGE('',*,*,#1682,.F.);
#797=ORIENTED_EDGE('',*,*,#1683,.F.);
#798=ORIENTED_EDGE('',*,*,#1684,.F.);
#799=ORIENTED_EDGE('',*,*,#1685,.T.);
#800=ORIENTED_EDGE('',*,*,#1686,.F.);
#801=ORIENTED_EDGE('',*,*,#1687,.F.);
#802=ORIENTED_EDGE('',*,*,#1688,.F.);
#803=ORIENTED_EDGE('',*,*,#1689,.T.);
#804=ORIENTED_EDGE('',*,*,#1690,.F.);
#805=ORIENTED_EDGE('',*,*,#1691,.F.);
#806=ORIENTED_EDGE('',*,*,#1692,.F.);
#807=ORIENTED_EDGE('',*,*,#1693,.T.);
#808=ORIENTED_EDGE('',*,*,#1694,.F.);
#809=ORIENTED_EDGE('',*,*,#1695,.F.);
#810=ORIENTED_EDGE('',*,*,#1696,.F.);
#811=ORIENTED_EDGE('',*,*,#1697,.T.);
#812=ORIENTED_EDGE('',*,*,#1698,.F.);
#813=ORIENTED_EDGE('',*,*,#1699,.F.);
#814=ORIENTED_EDGE('',*,*,#1700,.F.);
#815=ORIENTED_EDGE('',*,*,#1701,.T.);
#816=ORIENTED_EDGE('',*,*,#1702,.F.);
#817=ORIENTED_EDGE('',*,*,#1703,.F.);
#818=ORIENTED_EDGE('',*,*,#1704,.F.);
#819=ORIENTED_EDGE('',*,*,#1705,.T.);
#820=ORIENTED_EDGE('',*,*,#1706,.F.);
#821=ORIENTED_EDGE('',*,*,#1707,.F.);
#822=ORIENTED_EDGE('',*,*,#1708,.F.);
#823=ORIENTED_EDGE('',*,*,#1709,.T.);
#824=ORIENTED_EDGE('',*,*,#1710,.F.);
#825=ORIENTED_EDGE('',*,*,#1711,.F.);
#826=ORIENTED_EDGE('',*,*,#1712,.F.);
#827=ORIENTED_EDGE('',*,*,#1713,.T.);
#828=ORIENTED_EDGE('',*,*,#1714,.F.);
#829=ORIENTED_EDGE('',*,*,#1715,.F.);
#830=ORIENTED_EDGE('',*,*,#1716,.F.);
#831=ORIENTED_EDGE('',*,*,#1717,.T.);
#832=ORIENTED_EDGE('',*,*,#1718,.F.);
#833=ORIENTED_EDGE('',*,*,#1719,.F.);
#834=ORIENTED_EDGE('',*,*,#1720,.F.);
#835=ORIENTED_EDGE('',*,*,#1721,.T.);
#836=ORIENTED_EDGE('',*,*,#1722,.F.);
#837=ORIENTED_EDGE('',*,*,#1723,.F.);
#838=ORIENTED_EDGE('',*,*,#1724,.F.);
#839=ORIENTED_EDGE('',*,*,#1725,.T.);
#840=ORIENTED_EDGE('',*,*,#1726,.F.);
#841=ORIENTED_EDGE('',*,*,#1727,.F.);
#842=ORIENTED_EDGE('',*,*,#1728,.F.);
#843=ORIENTED_EDGE('',*,*,#1729,.T.);
#844=ORIENTED_EDGE('',*,*,#1730,.F.);
#845=ORIENTED_EDGE('',*,*,#1731,.F.);
#846=ORIENTED_EDGE('',*,*,#1732,.F.);
#847=ORIENTED_EDGE('',*,*,#1733,.T.);
#848=ORIENTED_EDGE('',*,*,#1734,.F.);
#849=ORIENTED_EDGE('',*,*,#1735,.F.);
#850=ORIENTED_EDGE('',*,*,#1736,.F.);
#851=ORIENTED_EDGE('',*,*,#1737,.T.);
#852=ORIENTED_EDGE('',*,*,#1738,.F.);
#853=ORIENTED_EDGE('',*,*,#1739,.F.);
#854=ORIENTED_EDGE('',*,*,#1740,.F.);
#855=ORIENTED_EDGE('',*,*,#1741,.T.);
#856=ORIENTED_EDGE('',*,*,#1742,.F.);
#857=ORIENTED_EDGE('',*,*,#1662,.T.);
#858=ORIENTED_EDGE('',*,*,#1664,.T.);
#859=ORIENTED_EDGE('',*,*,#1743,.T.);
#860=ORIENTED_EDGE('',*,*,#1744,.T.);
#861=ORIENTED_EDGE('',*,*,#1745,.F.);
#862=ORIENTED_EDGE('',*,*,#1665,.F.);
#863=ORIENTED_EDGE('',*,*,#1743,.F.);
#864=ORIENTED_EDGE('',*,*,#1663,.T.);
#865=ORIENTED_EDGE('',*,*,#1746,.F.);
#866=ORIENTED_EDGE('',*,*,#1745,.T.);
#867=ORIENTED_EDGE('',*,*,#1744,.F.);
#868=ORIENTED_EDGE('',*,*,#1742,.T.);
#869=ORIENTED_EDGE('',*,*,#1747,.T.);
#870=ORIENTED_EDGE('',*,*,#1738,.T.);
#871=ORIENTED_EDGE('',*,*,#1748,.T.);
#872=ORIENTED_EDGE('',*,*,#1734,.T.);
#873=ORIENTED_EDGE('',*,*,#1749,.T.);
#874=ORIENTED_EDGE('',*,*,#1730,.T.);
#875=ORIENTED_EDGE('',*,*,#1750,.T.);
#876=ORIENTED_EDGE('',*,*,#1726,.T.);
#877=ORIENTED_EDGE('',*,*,#1751,.T.);
#878=ORIENTED_EDGE('',*,*,#1722,.T.);
#879=ORIENTED_EDGE('',*,*,#1752,.T.);
#880=ORIENTED_EDGE('',*,*,#1718,.T.);
#881=ORIENTED_EDGE('',*,*,#1753,.T.);
#882=ORIENTED_EDGE('',*,*,#1714,.T.);
#883=ORIENTED_EDGE('',*,*,#1754,.T.);
#884=ORIENTED_EDGE('',*,*,#1710,.T.);
#885=ORIENTED_EDGE('',*,*,#1755,.T.);
#886=ORIENTED_EDGE('',*,*,#1706,.T.);
#887=ORIENTED_EDGE('',*,*,#1756,.T.);
#888=ORIENTED_EDGE('',*,*,#1702,.T.);
#889=ORIENTED_EDGE('',*,*,#1757,.T.);
#890=ORIENTED_EDGE('',*,*,#1698,.T.);
#891=ORIENTED_EDGE('',*,*,#1758,.T.);
#892=ORIENTED_EDGE('',*,*,#1694,.T.);
#893=ORIENTED_EDGE('',*,*,#1759,.T.);
#894=ORIENTED_EDGE('',*,*,#1690,.T.);
#895=ORIENTED_EDGE('',*,*,#1760,.T.);
#896=ORIENTED_EDGE('',*,*,#1686,.T.);
#897=ORIENTED_EDGE('',*,*,#1761,.T.);
#898=ORIENTED_EDGE('',*,*,#1682,.T.);
#899=ORIENTED_EDGE('',*,*,#1762,.T.);
#900=ORIENTED_EDGE('',*,*,#1678,.T.);
#901=ORIENTED_EDGE('',*,*,#1763,.T.);
#902=ORIENTED_EDGE('',*,*,#1674,.T.);
#903=ORIENTED_EDGE('',*,*,#1764,.T.);
#904=ORIENTED_EDGE('',*,*,#1670,.T.);
#905=ORIENTED_EDGE('',*,*,#1765,.T.);
#906=ORIENTED_EDGE('',*,*,#1666,.T.);
#907=ORIENTED_EDGE('',*,*,#1747,.F.);
#908=ORIENTED_EDGE('',*,*,#1741,.F.);
#909=ORIENTED_EDGE('',*,*,#1766,.F.);
#910=ORIENTED_EDGE('',*,*,#1739,.T.);
#911=ORIENTED_EDGE('',*,*,#1740,.T.);
#912=ORIENTED_EDGE('',*,*,#1766,.T.);
#913=ORIENTED_EDGE('',*,*,#1748,.F.);
#914=ORIENTED_EDGE('',*,*,#1737,.F.);
#915=ORIENTED_EDGE('',*,*,#1767,.F.);
#916=ORIENTED_EDGE('',*,*,#1735,.T.);
#917=ORIENTED_EDGE('',*,*,#1736,.T.);
#918=ORIENTED_EDGE('',*,*,#1767,.T.);
#919=ORIENTED_EDGE('',*,*,#1749,.F.);
#920=ORIENTED_EDGE('',*,*,#1733,.F.);
#921=ORIENTED_EDGE('',*,*,#1768,.F.);
#922=ORIENTED_EDGE('',*,*,#1731,.T.);
#923=ORIENTED_EDGE('',*,*,#1732,.T.);
#924=ORIENTED_EDGE('',*,*,#1768,.T.);
#925=ORIENTED_EDGE('',*,*,#1750,.F.);
#926=ORIENTED_EDGE('',*,*,#1729,.F.);
#927=ORIENTED_EDGE('',*,*,#1769,.F.);
#928=ORIENTED_EDGE('',*,*,#1727,.T.);
#929=ORIENTED_EDGE('',*,*,#1728,.T.);
#930=ORIENTED_EDGE('',*,*,#1769,.T.);
#931=ORIENTED_EDGE('',*,*,#1751,.F.);
#932=ORIENTED_EDGE('',*,*,#1725,.F.);
#933=ORIENTED_EDGE('',*,*,#1770,.F.);
#934=ORIENTED_EDGE('',*,*,#1723,.T.);
#935=ORIENTED_EDGE('',*,*,#1724,.T.);
#936=ORIENTED_EDGE('',*,*,#1770,.T.);
#937=ORIENTED_EDGE('',*,*,#1752,.F.);
#938=ORIENTED_EDGE('',*,*,#1721,.F.);
#939=ORIENTED_EDGE('',*,*,#1771,.F.);
#940=ORIENTED_EDGE('',*,*,#1719,.T.);
#941=ORIENTED_EDGE('',*,*,#1720,.T.);
#942=ORIENTED_EDGE('',*,*,#1771,.T.);
#943=ORIENTED_EDGE('',*,*,#1753,.F.);
#944=ORIENTED_EDGE('',*,*,#1717,.F.);
#945=ORIENTED_EDGE('',*,*,#1772,.F.);
#946=ORIENTED_EDGE('',*,*,#1715,.T.);
#947=ORIENTED_EDGE('',*,*,#1716,.T.);
#948=ORIENTED_EDGE('',*,*,#1772,.T.);
#949=ORIENTED_EDGE('',*,*,#1754,.F.);
#950=ORIENTED_EDGE('',*,*,#1713,.F.);
#951=ORIENTED_EDGE('',*,*,#1773,.F.);
#952=ORIENTED_EDGE('',*,*,#1711,.T.);
#953=ORIENTED_EDGE('',*,*,#1712,.T.);
#954=ORIENTED_EDGE('',*,*,#1773,.T.);
#955=ORIENTED_EDGE('',*,*,#1755,.F.);
#956=ORIENTED_EDGE('',*,*,#1709,.F.);
#957=ORIENTED_EDGE('',*,*,#1774,.F.);
#958=ORIENTED_EDGE('',*,*,#1707,.T.);
#959=ORIENTED_EDGE('',*,*,#1708,.T.);
#960=ORIENTED_EDGE('',*,*,#1774,.T.);
#961=ORIENTED_EDGE('',*,*,#1756,.F.);
#962=ORIENTED_EDGE('',*,*,#1705,.F.);
#963=ORIENTED_EDGE('',*,*,#1775,.F.);
#964=ORIENTED_EDGE('',*,*,#1703,.T.);
#965=ORIENTED_EDGE('',*,*,#1704,.T.);
#966=ORIENTED_EDGE('',*,*,#1775,.T.);
#967=ORIENTED_EDGE('',*,*,#1757,.F.);
#968=ORIENTED_EDGE('',*,*,#1701,.F.);
#969=ORIENTED_EDGE('',*,*,#1776,.F.);
#970=ORIENTED_EDGE('',*,*,#1699,.T.);
#971=ORIENTED_EDGE('',*,*,#1700,.T.);
#972=ORIENTED_EDGE('',*,*,#1776,.T.);
#973=ORIENTED_EDGE('',*,*,#1758,.F.);
#974=ORIENTED_EDGE('',*,*,#1697,.F.);
#975=ORIENTED_EDGE('',*,*,#1777,.F.);
#976=ORIENTED_EDGE('',*,*,#1695,.T.);
#977=ORIENTED_EDGE('',*,*,#1696,.T.);
#978=ORIENTED_EDGE('',*,*,#1777,.T.);
#979=ORIENTED_EDGE('',*,*,#1759,.F.);
#980=ORIENTED_EDGE('',*,*,#1693,.F.);
#981=ORIENTED_EDGE('',*,*,#1778,.F.);
#982=ORIENTED_EDGE('',*,*,#1691,.T.);
#983=ORIENTED_EDGE('',*,*,#1692,.T.);
#984=ORIENTED_EDGE('',*,*,#1778,.T.);
#985=ORIENTED_EDGE('',*,*,#1760,.F.);
#986=ORIENTED_EDGE('',*,*,#1689,.F.);
#987=ORIENTED_EDGE('',*,*,#1779,.F.);
#988=ORIENTED_EDGE('',*,*,#1687,.T.);
#989=ORIENTED_EDGE('',*,*,#1688,.T.);
#990=ORIENTED_EDGE('',*,*,#1779,.T.);
#991=ORIENTED_EDGE('',*,*,#1761,.F.);
#992=ORIENTED_EDGE('',*,*,#1685,.F.);
#993=ORIENTED_EDGE('',*,*,#1780,.F.);
#994=ORIENTED_EDGE('',*,*,#1683,.T.);
#995=ORIENTED_EDGE('',*,*,#1684,.T.);
#996=ORIENTED_EDGE('',*,*,#1780,.T.);
#997=ORIENTED_EDGE('',*,*,#1762,.F.);
#998=ORIENTED_EDGE('',*,*,#1681,.F.);
#999=ORIENTED_EDGE('',*,*,#1781,.F.);
#1000=ORIENTED_EDGE('',*,*,#1679,.T.);
#1001=ORIENTED_EDGE('',*,*,#1680,.T.);
#1002=ORIENTED_EDGE('',*,*,#1781,.T.);
#1003=ORIENTED_EDGE('',*,*,#1763,.F.);
#1004=ORIENTED_EDGE('',*,*,#1677,.F.);
#1005=ORIENTED_EDGE('',*,*,#1782,.F.);
#1006=ORIENTED_EDGE('',*,*,#1675,.T.);
#1007=ORIENTED_EDGE('',*,*,#1676,.T.);
#1008=ORIENTED_EDGE('',*,*,#1782,.T.);
#1009=ORIENTED_EDGE('',*,*,#1764,.F.);
#1010=ORIENTED_EDGE('',*,*,#1673,.F.);
#1011=ORIENTED_EDGE('',*,*,#1783,.F.);
#1012=ORIENTED_EDGE('',*,*,#1671,.T.);
#1013=ORIENTED_EDGE('',*,*,#1672,.T.);
#1014=ORIENTED_EDGE('',*,*,#1783,.T.);
#1015=ORIENTED_EDGE('',*,*,#1765,.F.);
#1016=ORIENTED_EDGE('',*,*,#1669,.F.);
#1017=ORIENTED_EDGE('',*,*,#1784,.F.);
#1018=ORIENTED_EDGE('',*,*,#1667,.T.);
#1019=ORIENTED_EDGE('',*,*,#1668,.T.);
#1020=ORIENTED_EDGE('',*,*,#1784,.T.);
#1021=ORIENTED_EDGE('',*,*,#1746,.T.);
#1022=ORIENTED_EDGE('',*,*,#1785,.F.);
#1023=ORIENTED_EDGE('',*,*,#1785,.T.);
#1024=ORIENTED_EDGE('',*,*,#1786,.F.);
#1025=ORIENTED_EDGE('',*,*,#1786,.T.);
#1026=ORIENTED_EDGE('',*,*,#1787,.F.);
#1027=ORIENTED_EDGE('',*,*,#1788,.T.);
#1028=ORIENTED_EDGE('',*,*,#1789,.T.);
#1029=ORIENTED_EDGE('',*,*,#1790,.T.);
#1030=ORIENTED_EDGE('',*,*,#1791,.T.);
#1031=ORIENTED_EDGE('',*,*,#1792,.T.);
#1032=ORIENTED_EDGE('',*,*,#1793,.F.);
#1033=ORIENTED_EDGE('',*,*,#1794,.T.);
#1034=ORIENTED_EDGE('',*,*,#1795,.F.);
#1035=ORIENTED_EDGE('',*,*,#1796,.T.);
#1036=ORIENTED_EDGE('',*,*,#1787,.T.);
#1037=ORIENTED_EDGE('',*,*,#1797,.T.);
#1038=ORIENTED_EDGE('',*,*,#1798,.F.);
#1039=ORIENTED_EDGE('',*,*,#1799,.T.);
#1040=ORIENTED_EDGE('',*,*,#1795,.T.);
#1041=ORIENTED_EDGE('',*,*,#1800,.T.);
#1042=ORIENTED_EDGE('',*,*,#1801,.T.);
#1043=ORIENTED_EDGE('',*,*,#1802,.T.);
#1044=ORIENTED_EDGE('',*,*,#1803,.F.);
#1045=ORIENTED_EDGE('',*,*,#1804,.T.);
#1046=ORIENTED_EDGE('',*,*,#1791,.F.);
#1047=ORIENTED_EDGE('',*,*,#1805,.T.);
#1048=ORIENTED_EDGE('',*,*,#1803,.T.);
#1049=ORIENTED_EDGE('',*,*,#1806,.T.);
#1050=ORIENTED_EDGE('',*,*,#1789,.F.);
#1051=ORIENTED_EDGE('',*,*,#1807,.T.);
#1052=ORIENTED_EDGE('',*,*,#1798,.T.);
#1053=ORIENTED_EDGE('',*,*,#1808,.T.);
#1054=ORIENTED_EDGE('',*,*,#1793,.T.);
#1055=ORIENTED_EDGE('',*,*,#1809,.T.);
#1056=ORIENTED_EDGE('',*,*,#1801,.F.);
#1057=ORIENTED_EDGE('',*,*,#1810,.T.);
#1058=ORIENTED_EDGE('',*,*,#1788,.F.);
#1059=ORIENTED_EDGE('',*,*,#1796,.F.);
#1060=ORIENTED_EDGE('',*,*,#1799,.F.);
#1061=ORIENTED_EDGE('',*,*,#1807,.F.);
#1062=ORIENTED_EDGE('',*,*,#1790,.F.);
#1063=ORIENTED_EDGE('',*,*,#1808,.F.);
#1064=ORIENTED_EDGE('',*,*,#1804,.F.);
#1065=ORIENTED_EDGE('',*,*,#1805,.F.);
#1066=ORIENTED_EDGE('',*,*,#1792,.F.);
#1067=ORIENTED_EDGE('',*,*,#1806,.F.);
#1068=ORIENTED_EDGE('',*,*,#1802,.F.);
#1069=ORIENTED_EDGE('',*,*,#1809,.F.);
#1070=ORIENTED_EDGE('',*,*,#1794,.F.);
#1071=ORIENTED_EDGE('',*,*,#1810,.F.);
#1072=ORIENTED_EDGE('',*,*,#1800,.F.);
#1073=ORIENTED_EDGE('',*,*,#1797,.F.);
#1074=ORIENTED_EDGE('',*,*,#1811,.T.);
#1075=ORIENTED_EDGE('',*,*,#1812,.F.);
#1076=ORIENTED_EDGE('',*,*,#1813,.F.);
#1077=ORIENTED_EDGE('',*,*,#1814,.T.);
#1078=ORIENTED_EDGE('',*,*,#1815,.F.);
#1079=ORIENTED_EDGE('',*,*,#1816,.F.);
#1080=ORIENTED_EDGE('',*,*,#1817,.T.);
#1081=ORIENTED_EDGE('',*,*,#1812,.T.);
#1082=ORIENTED_EDGE('',*,*,#1818,.T.);
#1083=ORIENTED_EDGE('',*,*,#1819,.F.);
#1084=ORIENTED_EDGE('',*,*,#1820,.F.);
#1085=ORIENTED_EDGE('',*,*,#1816,.T.);
#1086=ORIENTED_EDGE('',*,*,#1821,.T.);
#1087=ORIENTED_EDGE('',*,*,#1822,.F.);
#1088=ORIENTED_EDGE('',*,*,#1823,.T.);
#1089=ORIENTED_EDGE('',*,*,#1814,.F.);
#1090=ORIENTED_EDGE('',*,*,#1824,.F.);
#1091=ORIENTED_EDGE('',*,*,#1819,.T.);
#1092=ORIENTED_EDGE('',*,*,#1825,.T.);
#1093=ORIENTED_EDGE('',*,*,#1826,.F.);
#1094=ORIENTED_EDGE('',*,*,#1813,.T.);
#1095=ORIENTED_EDGE('',*,*,#1817,.F.);
#1096=ORIENTED_EDGE('',*,*,#1820,.T.);
#1097=ORIENTED_EDGE('',*,*,#1824,.T.);
#1098=ORIENTED_EDGE('',*,*,#1821,.F.);
#1099=ORIENTED_EDGE('',*,*,#1825,.F.);
#1100=ORIENTED_EDGE('',*,*,#1811,.F.);
#1101=ORIENTED_EDGE('',*,*,#1823,.F.);
#1102=ORIENTED_EDGE('',*,*,#1818,.F.);
#1103=ORIENTED_EDGE('',*,*,#1815,.T.);
#1104=ORIENTED_EDGE('',*,*,#1822,.T.);
#1105=ORIENTED_EDGE('',*,*,#1826,.T.);
#1106=ORIENTED_EDGE('',*,*,#1827,.F.);
#1107=ORIENTED_EDGE('',*,*,#1828,.F.);
#1108=ORIENTED_EDGE('',*,*,#1829,.T.);
#1109=ORIENTED_EDGE('',*,*,#1830,.F.);
#1110=ORIENTED_EDGE('',*,*,#1831,.F.);
#1111=ORIENTED_EDGE('',*,*,#1832,.T.);
#1112=ORIENTED_EDGE('',*,*,#1833,.T.);
#1113=ORIENTED_EDGE('',*,*,#1834,.F.);
#1114=ORIENTED_EDGE('',*,*,#1835,.F.);
#1115=ORIENTED_EDGE('',*,*,#1830,.T.);
#1116=ORIENTED_EDGE('',*,*,#1836,.F.);
#1117=ORIENTED_EDGE('',*,*,#1837,.F.);
#1118=ORIENTED_EDGE('',*,*,#1838,.F.);
#1119=ORIENTED_EDGE('',*,*,#1839,.F.);
#1120=ORIENTED_EDGE('',*,*,#1840,.T.);
#1121=ORIENTED_EDGE('',*,*,#1834,.T.);
#1122=ORIENTED_EDGE('',*,*,#1841,.F.);
#1123=ORIENTED_EDGE('',*,*,#1832,.F.);
#1124=ORIENTED_EDGE('',*,*,#1842,.T.);
#1125=ORIENTED_EDGE('',*,*,#1839,.T.);
#1126=ORIENTED_EDGE('',*,*,#1831,.T.);
#1127=ORIENTED_EDGE('',*,*,#1835,.T.);
#1128=ORIENTED_EDGE('',*,*,#1840,.F.);
#1129=ORIENTED_EDGE('',*,*,#1842,.F.);
#1130=ORIENTED_EDGE('',*,*,#1829,.F.);
#1131=ORIENTED_EDGE('',*,*,#1841,.T.);
#1132=ORIENTED_EDGE('',*,*,#1838,.T.);
#1133=ORIENTED_EDGE('',*,*,#1833,.F.);
#1134=ORIENTED_EDGE('',*,*,#1837,.T.);
#1135=ORIENTED_EDGE('',*,*,#1828,.T.);
#1136=ORIENTED_EDGE('',*,*,#1836,.T.);
#1137=ORIENTED_EDGE('',*,*,#1827,.T.);
#1138=ORIENTED_EDGE('',*,*,#1843,.F.);
#1139=ORIENTED_EDGE('',*,*,#1844,.F.);
#1140=ORIENTED_EDGE('',*,*,#1845,.T.);
#1141=ORIENTED_EDGE('',*,*,#1846,.F.);
#1142=ORIENTED_EDGE('',*,*,#1847,.F.);
#1143=ORIENTED_EDGE('',*,*,#1848,.F.);
#1144=ORIENTED_EDGE('',*,*,#1849,.T.);
#1145=ORIENTED_EDGE('',*,*,#1850,.T.);
#1146=ORIENTED_EDGE('',*,*,#1851,.T.);
#1147=ORIENTED_EDGE('',*,*,#1852,.T.);
#1148=ORIENTED_EDGE('',*,*,#1853,.F.);
#1149=ORIENTED_EDGE('',*,*,#1850,.F.);
#1150=ORIENTED_EDGE('',*,*,#1854,.F.);
#1151=ORIENTED_EDGE('',*,*,#1855,.T.);
#1152=ORIENTED_EDGE('',*,*,#1856,.T.);
#1153=ORIENTED_EDGE('',*,*,#1857,.T.);
#1154=ORIENTED_EDGE('',*,*,#1858,.F.);
#1155=ORIENTED_EDGE('',*,*,#1859,.T.);
#1156=ORIENTED_EDGE('',*,*,#1860,.T.);
#1157=ORIENTED_EDGE('',*,*,#1861,.T.);
#1158=ORIENTED_EDGE('',*,*,#1862,.T.);
#1159=ORIENTED_EDGE('',*,*,#1863,.T.);
#1160=ORIENTED_EDGE('',*,*,#1864,.T.);
#1161=ORIENTED_EDGE('',*,*,#1865,.F.);
#1162=ORIENTED_EDGE('',*,*,#1866,.T.);
#1163=ORIENTED_EDGE('',*,*,#1867,.T.);
#1164=ORIENTED_EDGE('',*,*,#1861,.F.);
#1165=ORIENTED_EDGE('',*,*,#1868,.F.);
#1166=ORIENTED_EDGE('',*,*,#1848,.T.);
#1167=ORIENTED_EDGE('',*,*,#1869,.T.);
#1168=ORIENTED_EDGE('',*,*,#1862,.F.);
#1169=ORIENTED_EDGE('',*,*,#1870,.F.);
#1170=ORIENTED_EDGE('',*,*,#1871,.F.);
#1171=ORIENTED_EDGE('',*,*,#1872,.T.);
#1172=ORIENTED_EDGE('',*,*,#1849,.F.);
#1173=ORIENTED_EDGE('',*,*,#1870,.T.);
#1174=ORIENTED_EDGE('',*,*,#1868,.T.);
#1175=ORIENTED_EDGE('',*,*,#1860,.F.);
#1176=ORIENTED_EDGE('',*,*,#1873,.T.);
#1177=ORIENTED_EDGE('',*,*,#1856,.F.);
#1178=ORIENTED_EDGE('',*,*,#1874,.T.);
#1179=ORIENTED_EDGE('',*,*,#1851,.F.);
#1180=ORIENTED_EDGE('',*,*,#1871,.T.);
#1181=ORIENTED_EDGE('',*,*,#1875,.F.);
#1182=ORIENTED_EDGE('',*,*,#1843,.T.);
#1183=ORIENTED_EDGE('',*,*,#1853,.T.);
#1184=ORIENTED_EDGE('',*,*,#1876,.T.);
#1185=ORIENTED_EDGE('',*,*,#1854,.T.);
#1186=ORIENTED_EDGE('',*,*,#1877,.T.);
#1187=ORIENTED_EDGE('',*,*,#1858,.T.);
#1188=ORIENTED_EDGE('',*,*,#1867,.F.);
#1189=ORIENTED_EDGE('',*,*,#1872,.F.);
#1190=ORIENTED_EDGE('',*,*,#1878,.T.);
#1191=ORIENTED_EDGE('',*,*,#1879,.T.);
#1192=ORIENTED_EDGE('',*,*,#1880,.F.);
#1193=ORIENTED_EDGE('',*,*,#1846,.T.);
#1194=ORIENTED_EDGE('',*,*,#1881,.T.);
#1195=ORIENTED_EDGE('',*,*,#1882,.T.);
#1196=ORIENTED_EDGE('',*,*,#1883,.F.);
#1197=ORIENTED_EDGE('',*,*,#1884,.T.);
#1198=ORIENTED_EDGE('',*,*,#1885,.F.);
#1199=ORIENTED_EDGE('',*,*,#1886,.T.);
#1200=ORIENTED_EDGE('',*,*,#1887,.T.);
#1201=ORIENTED_EDGE('',*,*,#1864,.F.);
#1202=ORIENTED_EDGE('',*,*,#1888,.T.);
#1203=ORIENTED_EDGE('',*,*,#1889,.F.);
#1204=ORIENTED_EDGE('',*,*,#1847,.T.);
#1205=ORIENTED_EDGE('',*,*,#1880,.T.);
#1206=ORIENTED_EDGE('',*,*,#1890,.T.);
#1207=ORIENTED_EDGE('',*,*,#1883,.T.);
#1208=ORIENTED_EDGE('',*,*,#1891,.T.);
#1209=ORIENTED_EDGE('',*,*,#1885,.T.);
#1210=ORIENTED_EDGE('',*,*,#1863,.F.);
#1211=ORIENTED_EDGE('',*,*,#1869,.F.);
#1212=ORIENTED_EDGE('',*,*,#1888,.F.);
#1213=ORIENTED_EDGE('',*,*,#1845,.F.);
#1214=ORIENTED_EDGE('',*,*,#1892,.T.);
#1215=ORIENTED_EDGE('',*,*,#1865,.T.);
#1216=ORIENTED_EDGE('',*,*,#1887,.F.);
#1217=ORIENTED_EDGE('',*,*,#1893,.T.);
#1218=ORIENTED_EDGE('',*,*,#1881,.F.);
#1219=ORIENTED_EDGE('',*,*,#1894,.T.);
#1220=ORIENTED_EDGE('',*,*,#1878,.F.);
#1221=ORIENTED_EDGE('',*,*,#1889,.T.);
#1222=ORIENTED_EDGE('',*,*,#1875,.T.);
#1223=ORIENTED_EDGE('',*,*,#1866,.F.);
#1224=ORIENTED_EDGE('',*,*,#1892,.F.);
#1225=ORIENTED_EDGE('',*,*,#1844,.T.);
#1226=ORIENTED_EDGE('',*,*,#1874,.F.);
#1227=ORIENTED_EDGE('',*,*,#1855,.F.);
#1228=ORIENTED_EDGE('',*,*,#1876,.F.);
#1229=ORIENTED_EDGE('',*,*,#1852,.F.);
#1230=ORIENTED_EDGE('',*,*,#1873,.F.);
#1231=ORIENTED_EDGE('',*,*,#1859,.F.);
#1232=ORIENTED_EDGE('',*,*,#1877,.F.);
#1233=ORIENTED_EDGE('',*,*,#1857,.F.);
#1234=ORIENTED_EDGE('',*,*,#1891,.F.);
#1235=ORIENTED_EDGE('',*,*,#1882,.F.);
#1236=ORIENTED_EDGE('',*,*,#1893,.F.);
#1237=ORIENTED_EDGE('',*,*,#1886,.F.);
#1238=ORIENTED_EDGE('',*,*,#1890,.F.);
#1239=ORIENTED_EDGE('',*,*,#1879,.F.);
#1240=ORIENTED_EDGE('',*,*,#1894,.F.);
#1241=ORIENTED_EDGE('',*,*,#1884,.F.);
#1242=ORIENTED_EDGE('',*,*,#1895,.T.);
#1243=ORIENTED_EDGE('',*,*,#1896,.F.);
#1244=ORIENTED_EDGE('',*,*,#1897,.F.);
#1245=ORIENTED_EDGE('',*,*,#1898,.T.);
#1246=ORIENTED_EDGE('',*,*,#1899,.T.);
#1247=ORIENTED_EDGE('',*,*,#1900,.F.);
#1248=ORIENTED_EDGE('',*,*,#1901,.F.);
#1249=ORIENTED_EDGE('',*,*,#1896,.T.);
#1250=ORIENTED_EDGE('',*,*,#1902,.F.);
#1251=ORIENTED_EDGE('',*,*,#1903,.F.);
#1252=ORIENTED_EDGE('',*,*,#1904,.T.);
#1253=ORIENTED_EDGE('',*,*,#1900,.T.);
#1254=ORIENTED_EDGE('',*,*,#1905,.T.);
#1255=ORIENTED_EDGE('',*,*,#1906,.F.);
#1256=ORIENTED_EDGE('',*,*,#1907,.F.);
#1257=ORIENTED_EDGE('',*,*,#1908,.T.);
#1258=ORIENTED_EDGE('',*,*,#1909,.T.);
#1259=ORIENTED_EDGE('',*,*,#1910,.F.);
#1260=ORIENTED_EDGE('',*,*,#1911,.F.);
#1261=ORIENTED_EDGE('',*,*,#1906,.T.);
#1262=ORIENTED_EDGE('',*,*,#1912,.F.);
#1263=ORIENTED_EDGE('',*,*,#1913,.F.);
#1264=ORIENTED_EDGE('',*,*,#1914,.T.);
#1265=ORIENTED_EDGE('',*,*,#1910,.T.);
#1266=ORIENTED_EDGE('',*,*,#1915,.F.);
#1267=ORIENTED_EDGE('',*,*,#1908,.F.);
#1268=ORIENTED_EDGE('',*,*,#1916,.T.);
#1269=ORIENTED_EDGE('',*,*,#1913,.T.);
#1270=ORIENTED_EDGE('',*,*,#1917,.F.);
#1271=ORIENTED_EDGE('',*,*,#1898,.F.);
#1272=ORIENTED_EDGE('',*,*,#1918,.T.);
#1273=ORIENTED_EDGE('',*,*,#1903,.T.);
#1274=ORIENTED_EDGE('',*,*,#1907,.T.);
#1275=ORIENTED_EDGE('',*,*,#1911,.T.);
#1276=ORIENTED_EDGE('',*,*,#1914,.F.);
#1277=ORIENTED_EDGE('',*,*,#1916,.F.);
#1278=ORIENTED_EDGE('',*,*,#1897,.T.);
#1279=ORIENTED_EDGE('',*,*,#1901,.T.);
#1280=ORIENTED_EDGE('',*,*,#1904,.F.);
#1281=ORIENTED_EDGE('',*,*,#1918,.F.);
#1282=ORIENTED_EDGE('',*,*,#1905,.F.);
#1283=ORIENTED_EDGE('',*,*,#1915,.T.);
#1284=ORIENTED_EDGE('',*,*,#1912,.T.);
#1285=ORIENTED_EDGE('',*,*,#1909,.F.);
#1286=ORIENTED_EDGE('',*,*,#1895,.F.);
#1287=ORIENTED_EDGE('',*,*,#1917,.T.);
#1288=ORIENTED_EDGE('',*,*,#1902,.T.);
#1289=ORIENTED_EDGE('',*,*,#1899,.F.);
#1290=ORIENTED_EDGE('',*,*,#1919,.T.);
#1291=ORIENTED_EDGE('',*,*,#1920,.F.);
#1292=ORIENTED_EDGE('',*,*,#1921,.T.);
#1293=ORIENTED_EDGE('',*,*,#1922,.T.);
#1294=ORIENTED_EDGE('',*,*,#1923,.F.);
#1295=ORIENTED_EDGE('',*,*,#1924,.T.);
#1296=ORIENTED_EDGE('',*,*,#1925,.F.);
#1297=ORIENTED_EDGE('',*,*,#1926,.F.);
#1298=ORIENTED_EDGE('',*,*,#1927,.F.);
#1299=ORIENTED_EDGE('',*,*,#1928,.T.);
#1300=ORIENTED_EDGE('',*,*,#1929,.T.);
#1301=ORIENTED_EDGE('',*,*,#1930,.T.);
#1302=ORIENTED_EDGE('',*,*,#1931,.T.);
#1303=ORIENTED_EDGE('',*,*,#1932,.T.);
#1304=ORIENTED_EDGE('',*,*,#1933,.F.);
#1305=ORIENTED_EDGE('',*,*,#1934,.T.);
#1306=ORIENTED_EDGE('',*,*,#1935,.F.);
#1307=ORIENTED_EDGE('',*,*,#1936,.T.);
#1308=ORIENTED_EDGE('',*,*,#1937,.T.);
#1309=ORIENTED_EDGE('',*,*,#1938,.T.);
#1310=ORIENTED_EDGE('',*,*,#1939,.F.);
#1311=ORIENTED_EDGE('',*,*,#1940,.T.);
#1312=ORIENTED_EDGE('',*,*,#1941,.T.);
#1313=ORIENTED_EDGE('',*,*,#1942,.T.);
#1314=ORIENTED_EDGE('',*,*,#1943,.F.);
#1315=ORIENTED_EDGE('',*,*,#1944,.T.);
#1316=ORIENTED_EDGE('',*,*,#1945,.T.);
#1317=ORIENTED_EDGE('',*,*,#1946,.T.);
#1318=ORIENTED_EDGE('',*,*,#1947,.T.);
#1319=ORIENTED_EDGE('',*,*,#1948,.T.);
#1320=ORIENTED_EDGE('',*,*,#1949,.F.);
#1321=ORIENTED_EDGE('',*,*,#1950,.T.);
#1322=ORIENTED_EDGE('',*,*,#1951,.F.);
#1323=ORIENTED_EDGE('',*,*,#1952,.T.);
#1324=ORIENTED_EDGE('',*,*,#1953,.T.);
#1325=ORIENTED_EDGE('',*,*,#1954,.T.);
#1326=ORIENTED_EDGE('',*,*,#1955,.F.);
#1327=ORIENTED_EDGE('',*,*,#1956,.T.);
#1328=ORIENTED_EDGE('',*,*,#1957,.T.);
#1329=ORIENTED_EDGE('',*,*,#1958,.T.);
#1330=ORIENTED_EDGE('',*,*,#1926,.T.);
#1331=ORIENTED_EDGE('',*,*,#1959,.F.);
#1332=ORIENTED_EDGE('',*,*,#1925,.T.);
#1333=ORIENTED_EDGE('',*,*,#1960,.F.);
#1334=ORIENTED_EDGE('',*,*,#1961,.F.);
#1335=ORIENTED_EDGE('',*,*,#1959,.T.);
#1336=ORIENTED_EDGE('',*,*,#1924,.F.);
#1337=ORIENTED_EDGE('',*,*,#1962,.F.);
#1338=ORIENTED_EDGE('',*,*,#1963,.T.);
#1339=ORIENTED_EDGE('',*,*,#1960,.T.);
#1340=ORIENTED_EDGE('',*,*,#1923,.T.);
#1341=ORIENTED_EDGE('',*,*,#1964,.F.);
#1342=ORIENTED_EDGE('',*,*,#1965,.F.);
#1343=ORIENTED_EDGE('',*,*,#1962,.T.);
#1344=ORIENTED_EDGE('',*,*,#1966,.F.);
#1345=ORIENTED_EDGE('',*,*,#1967,.T.);
#1346=ORIENTED_EDGE('',*,*,#1968,.T.);
#1347=ORIENTED_EDGE('',*,*,#1964,.T.);
#1348=ORIENTED_EDGE('',*,*,#1922,.F.);
#1349=ORIENTED_EDGE('',*,*,#1969,.T.);
#1350=ORIENTED_EDGE('',*,*,#1970,.T.);
#1351=ORIENTED_EDGE('',*,*,#1919,.F.);
#1352=ORIENTED_EDGE('',*,*,#1945,.F.);
#1353=ORIENTED_EDGE('',*,*,#1971,.T.);
#1354=ORIENTED_EDGE('',*,*,#1947,.F.);
#1355=ORIENTED_EDGE('',*,*,#1972,.T.);
#1356=ORIENTED_EDGE('',*,*,#1951,.T.);
#1357=ORIENTED_EDGE('',*,*,#1973,.T.);
#1358=ORIENTED_EDGE('',*,*,#1955,.T.);
#1359=ORIENTED_EDGE('',*,*,#1961,.T.);
#1360=ORIENTED_EDGE('',*,*,#1963,.F.);
#1361=ORIENTED_EDGE('',*,*,#1965,.T.);
#1362=ORIENTED_EDGE('',*,*,#1968,.F.);
#1363=ORIENTED_EDGE('',*,*,#1974,.T.);
#1364=ORIENTED_EDGE('',*,*,#1929,.F.);
#1365=ORIENTED_EDGE('',*,*,#1975,.T.);
#1366=ORIENTED_EDGE('',*,*,#1933,.T.);
#1367=ORIENTED_EDGE('',*,*,#1976,.T.);
#1368=ORIENTED_EDGE('',*,*,#1935,.T.);
#1369=ORIENTED_EDGE('',*,*,#1977,.T.);
#1370=ORIENTED_EDGE('',*,*,#1941,.F.);
#1371=ORIENTED_EDGE('',*,*,#1978,.T.);
#1372=ORIENTED_EDGE('',*,*,#1970,.F.);
#1373=ORIENTED_EDGE('',*,*,#1979,.T.);
#1374=ORIENTED_EDGE('',*,*,#1980,.F.);
#1375=ORIENTED_EDGE('',*,*,#1981,.F.);
#1376=ORIENTED_EDGE('',*,*,#1982,.T.);
#1377=ORIENTED_EDGE('',*,*,#1983,.T.);
#1378=ORIENTED_EDGE('',*,*,#1982,.F.);
#1379=ORIENTED_EDGE('',*,*,#1984,.F.);
#1380=ORIENTED_EDGE('',*,*,#1985,.T.);
#1381=ORIENTED_EDGE('',*,*,#1986,.F.);
#1382=ORIENTED_EDGE('',*,*,#1985,.F.);
#1383=ORIENTED_EDGE('',*,*,#1987,.T.);
#1384=ORIENTED_EDGE('',*,*,#1988,.T.);
#1385=ORIENTED_EDGE('',*,*,#1920,.T.);
#1386=ORIENTED_EDGE('',*,*,#1958,.F.);
#1387=ORIENTED_EDGE('',*,*,#1989,.F.);
#1388=ORIENTED_EDGE('',*,*,#1990,.T.);
#1389=ORIENTED_EDGE('',*,*,#1991,.T.);
#1390=ORIENTED_EDGE('',*,*,#1988,.F.);
#1391=ORIENTED_EDGE('',*,*,#1992,.F.);
#1392=ORIENTED_EDGE('',*,*,#1980,.T.);
#1393=ORIENTED_EDGE('',*,*,#1949,.T.);
#1394=ORIENTED_EDGE('',*,*,#1993,.T.);
#1395=ORIENTED_EDGE('',*,*,#1943,.T.);
#1396=ORIENTED_EDGE('',*,*,#1994,.T.);
#1397=ORIENTED_EDGE('',*,*,#1939,.T.);
#1398=ORIENTED_EDGE('',*,*,#1995,.T.);
#1399=ORIENTED_EDGE('',*,*,#1937,.F.);
#1400=ORIENTED_EDGE('',*,*,#1996,.T.);
#1401=ORIENTED_EDGE('',*,*,#1931,.F.);
#1402=ORIENTED_EDGE('',*,*,#1997,.T.);
#1403=ORIENTED_EDGE('',*,*,#1927,.T.);
#1404=ORIENTED_EDGE('',*,*,#1998,.T.);
#1405=ORIENTED_EDGE('',*,*,#1966,.T.);
#1406=ORIENTED_EDGE('',*,*,#1999,.F.);
#1407=ORIENTED_EDGE('',*,*,#1989,.T.);
#1408=ORIENTED_EDGE('',*,*,#1957,.F.);
#1409=ORIENTED_EDGE('',*,*,#2000,.T.);
#1410=ORIENTED_EDGE('',*,*,#1953,.F.);
#1411=ORIENTED_EDGE('',*,*,#2001,.T.);
#1412=ORIENTED_EDGE('',*,*,#1981,.T.);
#1413=ORIENTED_EDGE('',*,*,#1992,.T.);
#1414=ORIENTED_EDGE('',*,*,#1987,.F.);
#1415=ORIENTED_EDGE('',*,*,#1984,.T.);
#1416=ORIENTED_EDGE('',*,*,#1979,.F.);
#1417=ORIENTED_EDGE('',*,*,#1983,.F.);
#1418=ORIENTED_EDGE('',*,*,#1986,.T.);
#1419=ORIENTED_EDGE('',*,*,#1991,.F.);
#1420=ORIENTED_EDGE('',*,*,#1971,.F.);
#1421=ORIENTED_EDGE('',*,*,#1944,.F.);
#1422=ORIENTED_EDGE('',*,*,#1993,.F.);
#1423=ORIENTED_EDGE('',*,*,#1948,.F.);
#1424=ORIENTED_EDGE('',*,*,#1978,.F.);
#1425=ORIENTED_EDGE('',*,*,#1940,.F.);
#1426=ORIENTED_EDGE('',*,*,#1994,.F.);
#1427=ORIENTED_EDGE('',*,*,#1946,.F.);
#1428=ORIENTED_EDGE('',*,*,#1976,.F.);
#1429=ORIENTED_EDGE('',*,*,#1932,.F.);
#1430=ORIENTED_EDGE('',*,*,#1996,.F.);
#1431=ORIENTED_EDGE('',*,*,#1936,.F.);
#1432=ORIENTED_EDGE('',*,*,#1977,.F.);
#1433=ORIENTED_EDGE('',*,*,#1938,.F.);
#1434=ORIENTED_EDGE('',*,*,#1995,.F.);
#1435=ORIENTED_EDGE('',*,*,#1942,.F.);
#1436=ORIENTED_EDGE('',*,*,#1990,.F.);
#1437=ORIENTED_EDGE('',*,*,#1999,.T.);
#1438=ORIENTED_EDGE('',*,*,#1969,.F.);
#1439=ORIENTED_EDGE('',*,*,#1921,.F.);
#1440=ORIENTED_EDGE('',*,*,#1972,.F.);
#1441=ORIENTED_EDGE('',*,*,#1950,.F.);
#1442=ORIENTED_EDGE('',*,*,#2001,.F.);
#1443=ORIENTED_EDGE('',*,*,#1952,.F.);
#1444=ORIENTED_EDGE('',*,*,#1973,.F.);
#1445=ORIENTED_EDGE('',*,*,#1954,.F.);
#1446=ORIENTED_EDGE('',*,*,#2000,.F.);
#1447=ORIENTED_EDGE('',*,*,#1956,.F.);
#1448=ORIENTED_EDGE('',*,*,#1975,.F.);
#1449=ORIENTED_EDGE('',*,*,#1928,.F.);
#1450=ORIENTED_EDGE('',*,*,#1997,.F.);
#1451=ORIENTED_EDGE('',*,*,#1934,.F.);
#1452=ORIENTED_EDGE('',*,*,#1974,.F.);
#1453=ORIENTED_EDGE('',*,*,#1967,.F.);
#1454=ORIENTED_EDGE('',*,*,#1998,.F.);
#1455=ORIENTED_EDGE('',*,*,#1930,.F.);
#1456=EDGE_CURVE('',#2002,#2003,#2374,.T.);
#1457=EDGE_CURVE('',#2004,#2003,#2375,.T.);
#1458=EDGE_CURVE('',#2005,#2004,#2376,.T.);
#1459=EDGE_CURVE('',#2005,#2006,#2377,.T.);
#1460=EDGE_CURVE('',#2007,#2006,#2378,.T.);
#1461=EDGE_CURVE('',#2008,#2007,#2379,.T.);
#1462=EDGE_CURVE('',#2009,#2008,#2380,.T.);
#1463=EDGE_CURVE('',#2009,#2002,#2381,.T.);
#1464=EDGE_CURVE('',#2010,#2002,#2382,.T.);
#1465=EDGE_CURVE('',#2011,#2009,#2383,.T.);
#1466=EDGE_CURVE('',#2011,#2010,#2384,.T.);
#1467=EDGE_CURVE('',#2010,#2012,#2385,.T.);
#1468=EDGE_CURVE('',#2011,#2013,#2386,.T.);
#1469=EDGE_CURVE('',#2013,#2014,#2387,.T.);
#1470=EDGE_CURVE('',#2014,#2015,#2388,.T.);
#1471=EDGE_CURVE('',#2016,#2015,#2389,.T.);
#1472=EDGE_CURVE('',#2016,#2017,#2390,.T.);
#1473=EDGE_CURVE('',#2017,#2012,#2391,.T.);
#1474=EDGE_CURVE('',#2014,#2007,#2392,.T.);
#1475=EDGE_CURVE('',#2013,#2008,#2393,.T.);
#1476=EDGE_CURVE('',#2003,#2012,#2394,.T.);
#1477=EDGE_CURVE('',#2015,#2006,#2395,.T.);
#1478=EDGE_CURVE('',#2016,#2005,#2396,.T.);
#1479=EDGE_CURVE('',#2004,#2017,#2397,.T.);
#1480=EDGE_CURVE('',#2018,#2019,#2398,.T.);
#1481=EDGE_CURVE('',#2020,#2019,#2399,.T.);
#1482=EDGE_CURVE('',#2021,#2020,#2400,.T.);
#1483=EDGE_CURVE('',#2021,#2018,#2401,.T.);
#1484=EDGE_CURVE('',#2019,#2022,#66,.T.);
#1485=EDGE_CURVE('',#2023,#2022,#2402,.T.);
#1486=EDGE_CURVE('',#2020,#2023,#67,.T.);
#1487=EDGE_CURVE('',#2024,#2022,#2403,.T.);
#1488=EDGE_CURVE('',#2024,#2025,#2404,.F.);
#1489=EDGE_CURVE('',#2025,#2023,#2405,.T.);
#1490=EDGE_CURVE('',#2026,#2027,#2406,.T.);
#1491=EDGE_CURVE('',#2026,#2028,#2407,.T.);
#1492=EDGE_CURVE('',#2028,#2029,#2408,.T.);
#1493=EDGE_CURVE('',#2027,#2029,#2409,.T.);
#1494=EDGE_CURVE('',#2029,#2030,#2410,.T.);
#1495=EDGE_CURVE('',#2031,#2030,#2411,.T.);
#1496=EDGE_CURVE('',#2027,#2031,#2412,.T.);
#1497=EDGE_CURVE('',#2032,#2030,#2413,.T.);
#1498=EDGE_CURVE('',#2033,#2032,#2414,.T.);
#1499=EDGE_CURVE('',#2033,#2031,#2415,.T.);
#1500=EDGE_CURVE('',#2034,#2035,#68,.T.);
#1501=EDGE_CURVE('',#2036,#2034,#2416,.T.);
#1502=EDGE_CURVE('',#2036,#2037,#69,.T.);
#1503=EDGE_CURVE('',#2037,#2035,#2417,.T.);
#1504=EDGE_CURVE('',#2038,#2038,#70,.T.);
#1505=EDGE_CURVE('',#2039,#2039,#71,.T.);
#1506=EDGE_CURVE('',#2032,#2018,#72,.T.);
#1507=EDGE_CURVE('',#2033,#2021,#73,.T.);
#1508=EDGE_CURVE('',#2034,#2035,#2418,.T.);
#1509=EDGE_CURVE('',#2036,#2037,#2419,.T.);
#1510=EDGE_CURVE('',#2040,#2040,#74,.T.);
#1511=EDGE_CURVE('',#2041,#2041,#75,.T.);
#1512=EDGE_CURVE('',#2025,#2026,#76,.F.);
#1513=EDGE_CURVE('',#2028,#2024,#77,.T.);
#1514=EDGE_CURVE('',#2042,#2043,#2420,.T.);
#1515=EDGE_CURVE('',#2042,#2044,#2421,.T.);
#1516=EDGE_CURVE('',#2044,#2045,#2422,.T.);
#1517=EDGE_CURVE('',#2043,#2045,#2423,.T.);
#1518=EDGE_CURVE('',#2046,#2047,#2424,.T.);
#1519=EDGE_CURVE('',#2046,#2048,#2425,.T.);
#1520=EDGE_CURVE('',#2048,#2049,#2426,.T.);
#1521=EDGE_CURVE('',#2047,#2049,#2427,.T.);
#1522=EDGE_CURVE('',#2046,#2042,#2428,.T.);
#1523=EDGE_CURVE('',#2048,#2043,#2429,.T.);
#1524=EDGE_CURVE('',#2050,#2051,#2430,.T.);
#1525=EDGE_CURVE('',#2050,#2052,#78,.F.);
#1526=EDGE_CURVE('',#2053,#2052,#2431,.T.);
#1527=EDGE_CURVE('',#2053,#2054,#79,.F.);
#1528=EDGE_CURVE('',#2055,#2054,#2432,.T.);
#1529=EDGE_CURVE('',#2055,#2056,#80,.F.);
#1530=EDGE_CURVE('',#2056,#2057,#2433,.T.);
#1531=EDGE_CURVE('',#2057,#2058,#81,.F.);
#1532=EDGE_CURVE('',#2058,#2059,#2434,.T.);
#1533=EDGE_CURVE('',#2059,#2060,#82,.T.);
#1534=EDGE_CURVE('',#2060,#2061,#2435,.T.);
#1535=EDGE_CURVE('',#2061,#2062,#2436,.T.);
#1536=EDGE_CURVE('',#2062,#2063,#2437,.T.);
#1537=EDGE_CURVE('',#2064,#2063,#2438,.T.);
#1538=EDGE_CURVE('',#2065,#2064,#2439,.T.);
#1539=EDGE_CURVE('',#2065,#2051,#83,.T.);
#1540=EDGE_CURVE('',#2052,#2066,#2440,.F.);
#1541=EDGE_CURVE('',#2067,#2066,#2441,.T.);
#1542=EDGE_CURVE('',#2067,#2053,#2442,.T.);
#1543=EDGE_CURVE('',#2047,#2044,#2443,.T.);
#1544=EDGE_CURVE('',#2049,#2045,#2444,.T.);
#1545=EDGE_CURVE('',#2066,#2068,#84,.T.);
#1546=EDGE_CURVE('',#2068,#2069,#2445,.T.);
#1547=EDGE_CURVE('',#2069,#2070,#85,.F.);
#1548=EDGE_CURVE('',#2070,#2071,#2446,.T.);
#1549=EDGE_CURVE('',#2071,#2072,#2447,.T.);
#1550=EDGE_CURVE('',#2073,#2072,#2448,.T.);
#1551=EDGE_CURVE('',#2074,#2073,#2449,.T.);
#1552=EDGE_CURVE('',#2075,#2074,#2450,.T.);
#1553=EDGE_CURVE('',#2075,#2076,#86,.F.);
#1554=EDGE_CURVE('',#2077,#2076,#2451,.T.);
#1555=EDGE_CURVE('',#2077,#2078,#87,.T.);
#1556=EDGE_CURVE('',#2079,#2078,#2452,.T.);
#1557=EDGE_CURVE('',#2079,#2080,#88,.T.);
#1558=EDGE_CURVE('',#2080,#2081,#2453,.T.);
#1559=EDGE_CURVE('',#2081,#2067,#89,.T.);
#1560=EDGE_CURVE('',#2080,#2055,#2454,.T.);
#1561=EDGE_CURVE('',#2054,#2081,#2455,.F.);
#1562=EDGE_CURVE('',#2078,#2057,#2456,.T.);
#1563=EDGE_CURVE('',#2056,#2079,#2457,.F.);
#1564=EDGE_CURVE('',#2076,#2059,#2458,.F.);
#1565=EDGE_CURVE('',#2058,#2077,#2459,.T.);
#1566=EDGE_CURVE('',#2051,#2069,#2460,.T.);
#1567=EDGE_CURVE('',#2050,#2068,#2461,.T.);
#1568=EDGE_CURVE('',#2082,#2082,#90,.T.);
#1569=EDGE_CURVE('',#2083,#2083,#91,.T.);
#1570=EDGE_CURVE('',#2073,#2062,#2462,.T.);
#1571=EDGE_CURVE('',#2072,#2063,#2463,.T.);
#1572=EDGE_CURVE('',#2071,#2064,#2464,.T.);
#1573=EDGE_CURVE('',#2084,#2084,#92,.T.);
#1574=EDGE_CURVE('',#2070,#2065,#2465,.F.);
#1575=EDGE_CURVE('',#2074,#2061,#2466,.T.);
#1576=EDGE_CURVE('',#2085,#2085,#93,.T.);
#1577=EDGE_CURVE('',#2060,#2075,#2467,.T.);
#1578=EDGE_CURVE('',#2086,#2087,#2468,.T.);
#1579=EDGE_CURVE('',#2088,#2087,#2469,.F.);
#1580=EDGE_CURVE('',#2089,#2088,#2470,.T.);
#1581=EDGE_CURVE('',#2089,#2086,#2471,.T.);
#1582=EDGE_CURVE('',#2089,#2090,#2472,.F.);
#1583=EDGE_CURVE('',#2091,#2090,#2473,.T.);
#1584=EDGE_CURVE('',#2091,#2092,#2474,.F.);
#1585=EDGE_CURVE('',#2092,#2093,#2475,.F.);
#1586=EDGE_CURVE('',#2093,#2094,#2476,.F.);
#1587=EDGE_CURVE('',#2094,#2095,#2477,.F.);
#1588=EDGE_CURVE('',#2095,#2096,#2478,.F.);
#1589=EDGE_CURVE('',#2097,#2096,#2479,.T.);
#1590=EDGE_CURVE('',#2097,#2098,#2480,.F.);
#1591=EDGE_CURVE('',#2099,#2098,#2481,.T.);
#1592=EDGE_CURVE('',#2100,#2099,#2482,.T.);
#1593=EDGE_CURVE('',#2086,#2100,#2483,.T.);
#1594=EDGE_CURVE('',#2087,#2101,#2484,.T.);
#1595=EDGE_CURVE('',#2100,#2101,#2485,.T.);
#1596=EDGE_CURVE('',#2102,#2103,#2486,.T.);
#1597=EDGE_CURVE('',#2103,#2104,#2487,.T.);
#1598=EDGE_CURVE('',#2104,#2105,#2488,.F.);
#1599=EDGE_CURVE('',#2105,#2102,#2489,.F.);
#1600=EDGE_CURVE('',#2088,#2106,#2490,.T.);
#1601=EDGE_CURVE('',#2101,#2107,#2491,.F.);
#1602=EDGE_CURVE('',#2107,#2108,#2492,.T.);
#1603=EDGE_CURVE('',#2109,#2108,#2493,.T.);
#1604=EDGE_CURVE('',#2109,#2110,#2494,.T.);
#1605=EDGE_CURVE('',#2111,#2110,#2495,.T.);
#1606=EDGE_CURVE('',#2112,#2111,#2496,.T.);
#1607=EDGE_CURVE('',#2113,#2112,#2497,.T.);
#1608=EDGE_CURVE('',#2114,#2113,#2498,.T.);
#1609=EDGE_CURVE('',#2115,#2114,#2499,.T.);
#1610=EDGE_CURVE('',#2115,#2106,#2500,.F.);
#1611=EDGE_CURVE('',#2090,#2106,#2501,.T.);
#1612=EDGE_CURVE('',#2116,#2115,#2502,.T.);
#1613=EDGE_CURVE('',#2116,#2117,#2503,.T.);
#1614=EDGE_CURVE('',#2117,#2118,#94,.T.);
#1615=EDGE_CURVE('',#2119,#2118,#2504,.F.);
#1616=EDGE_CURVE('',#2091,#2119,#2505,.T.);
#1617=EDGE_CURVE('',#2120,#2119,#2506,.F.);
#1618=EDGE_CURVE('',#2092,#2120,#2507,.T.);
#1619=EDGE_CURVE('',#2099,#2121,#2508,.T.);
#1620=EDGE_CURVE('',#2122,#2121,#2509,.F.);
#1621=EDGE_CURVE('',#2122,#2123,#95,.T.);
#1622=EDGE_CURVE('',#2123,#2124,#2510,.T.);
#1623=EDGE_CURVE('',#2124,#2107,#2511,.T.);
#1624=EDGE_CURVE('',#2120,#2125,#2512,.T.);
#1625=EDGE_CURVE('',#2126,#2125,#96,.T.);
#1626=EDGE_CURVE('',#2127,#2126,#2513,.F.);
#1627=EDGE_CURVE('',#2127,#2114,#2514,.T.);
#1628=EDGE_CURVE('',#2093,#2113,#2515,.T.);
#1629=EDGE_CURVE('',#2098,#2128,#2516,.T.);
#1630=EDGE_CURVE('',#2128,#2121,#2517,.F.);
#1631=EDGE_CURVE('',#2094,#2112,#2518,.T.);
#1632=EDGE_CURVE('',#2097,#2109,#2519,.T.);
#1633=EDGE_CURVE('',#2129,#2108,#2520,.T.);
#1634=EDGE_CURVE('',#2130,#2129,#2521,.F.);
#1635=EDGE_CURVE('',#2131,#2130,#97,.T.);
#1636=EDGE_CURVE('',#2131,#2128,#2522,.T.);
#1637=EDGE_CURVE('',#2132,#2111,#98,.T.);
#1638=EDGE_CURVE('',#2133,#2132,#99,.T.);
#1639=EDGE_CURVE('',#2095,#2133,#100,.T.);
#1640=EDGE_CURVE('',#2096,#2134,#2523,.T.);
#1641=EDGE_CURVE('',#2134,#2110,#2524,.T.);
#1642=EDGE_CURVE('',#2134,#2095,#101,.T.);
#1643=EDGE_CURVE('',#2102,#2135,#2525,.F.);
#1644=EDGE_CURVE('',#2135,#2136,#2526,.T.);
#1645=EDGE_CURVE('',#2103,#2136,#2527,.F.);
#1646=EDGE_CURVE('',#2105,#2137,#2528,.F.);
#1647=EDGE_CURVE('',#2137,#2135,#2529,.T.);
#1648=EDGE_CURVE('',#2104,#2138,#2530,.F.);
#1649=EDGE_CURVE('',#2138,#2137,#2531,.T.);
#1650=EDGE_CURVE('',#2136,#2138,#2532,.T.);
#1651=EDGE_CURVE('',#2127,#2116,#2533,.F.);
#1652=EDGE_CURVE('',#2129,#2124,#2534,.F.);
#1653=EDGE_CURVE('',#2111,#2134,#102,.T.);
#1654=EDGE_CURVE('',#2117,#2126,#2535,.T.);
#1655=EDGE_CURVE('',#2118,#2125,#2536,.T.);
#1656=EDGE_CURVE('',#2122,#2131,#2537,.T.);
#1657=EDGE_CURVE('',#2123,#2130,#2538,.T.);
#1658=EDGE_CURVE('',#2133,#2139,#2539,.T.);
#1659=EDGE_CURVE('',#2140,#2139,#103,.T.);
#1660=EDGE_CURVE('',#2132,#2140,#2540,.T.);
#1661=EDGE_CURVE('',#2139,#2140,#104,.T.);
#1662=EDGE_CURVE('',#2141,#2141,#105,.T.);
#1663=EDGE_CURVE('',#2142,#2143,#2541,.T.);
#1664=EDGE_CURVE('',#2144,#2142,#106,.T.);
#1665=EDGE_CURVE('',#2144,#2145,#2542,.T.);
#1666=EDGE_CURVE('',#2146,#2145,#107,.T.);
#1667=EDGE_CURVE('',#2147,#2146,#2543,.T.);
#1668=EDGE_CURVE('',#2148,#2147,#108,.T.);
#1669=EDGE_CURVE('',#2148,#2149,#2544,.T.);
#1670=EDGE_CURVE('',#2150,#2149,#109,.T.);
#1671=EDGE_CURVE('',#2151,#2150,#2545,.T.);
#1672=EDGE_CURVE('',#2152,#2151,#110,.T.);
#1673=EDGE_CURVE('',#2152,#2153,#2546,.T.);
#1674=EDGE_CURVE('',#2154,#2153,#111,.T.);
#1675=EDGE_CURVE('',#2155,#2154,#2547,.T.);
#1676=EDGE_CURVE('',#2156,#2155,#112,.T.);
#1677=EDGE_CURVE('',#2156,#2157,#2548,.T.);
#1678=EDGE_CURVE('',#2158,#2157,#113,.T.);
#1679=EDGE_CURVE('',#2159,#2158,#2549,.T.);
#1680=EDGE_CURVE('',#2160,#2159,#114,.T.);
#1681=EDGE_CURVE('',#2160,#2161,#2550,.T.);
#1682=EDGE_CURVE('',#2162,#2161,#115,.T.);
#1683=EDGE_CURVE('',#2163,#2162,#2551,.T.);
#1684=EDGE_CURVE('',#2164,#2163,#116,.T.);
#1685=EDGE_CURVE('',#2164,#2165,#2552,.T.);
#1686=EDGE_CURVE('',#2166,#2165,#117,.T.);
#1687=EDGE_CURVE('',#2167,#2166,#2553,.T.);
#1688=EDGE_CURVE('',#2168,#2167,#118,.T.);
#1689=EDGE_CURVE('',#2168,#2169,#2554,.T.);
#1690=EDGE_CURVE('',#2170,#2169,#119,.T.);
#1691=EDGE_CURVE('',#2171,#2170,#2555,.T.);
#1692=EDGE_CURVE('',#2172,#2171,#120,.T.);
#1693=EDGE_CURVE('',#2172,#2173,#2556,.T.);
#1694=EDGE_CURVE('',#2174,#2173,#121,.T.);
#1695=EDGE_CURVE('',#2175,#2174,#2557,.T.);
#1696=EDGE_CURVE('',#2176,#2175,#122,.T.);
#1697=EDGE_CURVE('',#2176,#2177,#2558,.T.);
#1698=EDGE_CURVE('',#2178,#2177,#123,.T.);
#1699=EDGE_CURVE('',#2179,#2178,#2559,.T.);
#1700=EDGE_CURVE('',#2180,#2179,#124,.T.);
#1701=EDGE_CURVE('',#2180,#2181,#2560,.T.);
#1702=EDGE_CURVE('',#2182,#2181,#125,.T.);
#1703=EDGE_CURVE('',#2183,#2182,#2561,.T.);
#1704=EDGE_CURVE('',#2184,#2183,#126,.T.);
#1705=EDGE_CURVE('',#2184,#2185,#2562,.T.);
#1706=EDGE_CURVE('',#2186,#2185,#127,.T.);
#1707=EDGE_CURVE('',#2187,#2186,#2563,.T.);
#1708=EDGE_CURVE('',#2188,#2187,#128,.T.);
#1709=EDGE_CURVE('',#2188,#2189,#2564,.T.);
#1710=EDGE_CURVE('',#2190,#2189,#129,.T.);
#1711=EDGE_CURVE('',#2191,#2190,#2565,.T.);
#1712=EDGE_CURVE('',#2192,#2191,#130,.T.);
#1713=EDGE_CURVE('',#2192,#2193,#2566,.T.);
#1714=EDGE_CURVE('',#2194,#2193,#131,.T.);
#1715=EDGE_CURVE('',#2195,#2194,#2567,.T.);
#1716=EDGE_CURVE('',#2196,#2195,#132,.T.);
#1717=EDGE_CURVE('',#2196,#2197,#2568,.T.);
#1718=EDGE_CURVE('',#2198,#2197,#133,.T.);
#1719=EDGE_CURVE('',#2199,#2198,#2569,.T.);
#1720=EDGE_CURVE('',#2200,#2199,#134,.T.);
#1721=EDGE_CURVE('',#2200,#2201,#2570,.T.);
#1722=EDGE_CURVE('',#2202,#2201,#135,.T.);
#1723=EDGE_CURVE('',#2203,#2202,#2571,.T.);
#1724=EDGE_CURVE('',#2204,#2203,#136,.T.);
#1725=EDGE_CURVE('',#2204,#2205,#2572,.T.);
#1726=EDGE_CURVE('',#2206,#2205,#137,.T.);
#1727=EDGE_CURVE('',#2207,#2206,#2573,.T.);
#1728=EDGE_CURVE('',#2208,#2207,#138,.T.);
#1729=EDGE_CURVE('',#2208,#2209,#2574,.T.);
#1730=EDGE_CURVE('',#2210,#2209,#139,.T.);
#1731=EDGE_CURVE('',#2211,#2210,#2575,.T.);
#1732=EDGE_CURVE('',#2212,#2211,#140,.T.);
#1733=EDGE_CURVE('',#2212,#2213,#2576,.T.);
#1734=EDGE_CURVE('',#2214,#2213,#141,.T.);
#1735=EDGE_CURVE('',#2215,#2214,#2577,.T.);
#1736=EDGE_CURVE('',#2216,#2215,#142,.T.);
#1737=EDGE_CURVE('',#2216,#2217,#2578,.T.);
#1738=EDGE_CURVE('',#2218,#2217,#143,.T.);
#1739=EDGE_CURVE('',#2219,#2218,#2579,.T.);
#1740=EDGE_CURVE('',#2220,#2219,#144,.T.);
#1741=EDGE_CURVE('',#2220,#2221,#2580,.T.);
#1742=EDGE_CURVE('',#2143,#2221,#145,.T.);
#1743=EDGE_CURVE('',#2142,#2144,#146,.T.);
#1744=EDGE_CURVE('',#2143,#2222,#12,.T.);
#1745=EDGE_CURVE('',#2145,#2222,#13,.T.);
#1746=EDGE_CURVE('',#2223,#2223,#147,.T.);
#1747=EDGE_CURVE('',#2221,#2218,#14,.T.);
#1748=EDGE_CURVE('',#2217,#2214,#15,.T.);
#1749=EDGE_CURVE('',#2213,#2210,#16,.T.);
#1750=EDGE_CURVE('',#2209,#2206,#17,.T.);
#1751=EDGE_CURVE('',#2205,#2202,#18,.T.);
#1752=EDGE_CURVE('',#2201,#2198,#19,.T.);
#1753=EDGE_CURVE('',#2197,#2194,#20,.T.);
#1754=EDGE_CURVE('',#2193,#2190,#21,.T.);
#1755=EDGE_CURVE('',#2189,#2186,#22,.T.);
#1756=EDGE_CURVE('',#2185,#2182,#23,.T.);
#1757=EDGE_CURVE('',#2181,#2178,#24,.T.);
#1758=EDGE_CURVE('',#2177,#2174,#25,.T.);
#1759=EDGE_CURVE('',#2173,#2170,#26,.T.);
#1760=EDGE_CURVE('',#2169,#2166,#27,.T.);
#1761=EDGE_CURVE('',#2165,#2162,#28,.T.);
#1762=EDGE_CURVE('',#2161,#2158,#29,.T.);
#1763=EDGE_CURVE('',#2157,#2154,#30,.T.);
#1764=EDGE_CURVE('',#2153,#2150,#31,.T.);
#1765=EDGE_CURVE('',#2149,#2146,#32,.T.);
#1766=EDGE_CURVE('',#2219,#2220,#148,.T.);
#1767=EDGE_CURVE('',#2215,#2216,#149,.T.);
#1768=EDGE_CURVE('',#2211,#2212,#150,.T.);
#1769=EDGE_CURVE('',#2207,#2208,#151,.T.);
#1770=EDGE_CURVE('',#2203,#2204,#152,.T.);
#1771=EDGE_CURVE('',#2199,#2200,#153,.T.);
#1772=EDGE_CURVE('',#2195,#2196,#154,.T.);
#1773=EDGE_CURVE('',#2191,#2192,#155,.T.);
#1774=EDGE_CURVE('',#2187,#2188,#156,.T.);
#1775=EDGE_CURVE('',#2183,#2184,#157,.T.);
#1776=EDGE_CURVE('',#2179,#2180,#158,.T.);
#1777=EDGE_CURVE('',#2175,#2176,#159,.T.);
#1778=EDGE_CURVE('',#2171,#2172,#160,.T.);
#1779=EDGE_CURVE('',#2167,#2168,#161,.T.);
#1780=EDGE_CURVE('',#2163,#2164,#162,.T.);
#1781=EDGE_CURVE('',#2159,#2160,#163,.T.);
#1782=EDGE_CURVE('',#2155,#2156,#164,.T.);
#1783=EDGE_CURVE('',#2151,#2152,#165,.T.);
#1784=EDGE_CURVE('',#2147,#2148,#166,.T.);
#1785=EDGE_CURVE('',#2224,#2224,#167,.T.);
#1786=EDGE_CURVE('',#2225,#2225,#168,.T.);
#1787=EDGE_CURVE('',#2226,#2227,#2581,.T.);
#1788=EDGE_CURVE('',#2226,#2228,#169,.T.);
#1789=EDGE_CURVE('',#2228,#2229,#2582,.T.);
#1790=EDGE_CURVE('',#2229,#2230,#170,.T.);
#1791=EDGE_CURVE('',#2230,#2231,#2583,.T.);
#1792=EDGE_CURVE('',#2231,#2232,#171,.T.);
#1793=EDGE_CURVE('',#2233,#2232,#2584,.T.);
#1794=EDGE_CURVE('',#2233,#2227,#172,.T.);
#1795=EDGE_CURVE('',#2234,#2235,#2585,.T.);
#1796=EDGE_CURVE('',#2234,#2226,#2586,.F.);
#1797=EDGE_CURVE('',#2227,#2235,#2587,.T.);
#1798=EDGE_CURVE('',#2236,#2237,#2588,.T.);
#1799=EDGE_CURVE('',#2236,#2234,#173,.F.);
#1800=EDGE_CURVE('',#2235,#2238,#174,.F.);
#1801=EDGE_CURVE('',#2238,#2239,#2589,.T.);
#1802=EDGE_CURVE('',#2239,#2240,#175,.F.);
#1803=EDGE_CURVE('',#2241,#2240,#2590,.T.);
#1804=EDGE_CURVE('',#2241,#2237,#176,.F.);
#1805=EDGE_CURVE('',#2230,#2241,#2591,.T.);
#1806=EDGE_CURVE('',#2240,#2231,#2592,.F.);
#1807=EDGE_CURVE('',#2228,#2236,#2593,.T.);
#1808=EDGE_CURVE('',#2237,#2229,#2594,.F.);
#1809=EDGE_CURVE('',#2232,#2239,#2595,.T.);
#1810=EDGE_CURVE('',#2238,#2233,#2596,.F.);
#1811=EDGE_CURVE('',#2242,#2243,#177,.T.);
#1812=EDGE_CURVE('',#2244,#2243,#2597,.T.);
#1813=EDGE_CURVE('',#2245,#2244,#178,.T.);
#1814=EDGE_CURVE('',#2245,#2242,#2598,.T.);
#1815=EDGE_CURVE('',#2246,#2243,#2599,.T.);
#1816=EDGE_CURVE('',#2247,#2246,#2600,.T.);
#1817=EDGE_CURVE('',#2247,#2244,#2601,.T.);
#1818=EDGE_CURVE('',#2246,#2248,#179,.T.);
#1819=EDGE_CURVE('',#2249,#2248,#2602,.T.);
#1820=EDGE_CURVE('',#2247,#2249,#180,.T.);
#1821=EDGE_CURVE('',#2250,#2250,#181,.T.);
#1822=EDGE_CURVE('',#2251,#2251,#182,.T.);
#1823=EDGE_CURVE('',#2248,#2242,#2603,.T.);
#1824=EDGE_CURVE('',#2249,#2245,#2604,.T.);
#1825=EDGE_CURVE('',#2252,#2252,#183,.T.);
#1826=EDGE_CURVE('',#2253,#2253,#184,.T.);
#1827=EDGE_CURVE('',#2254,#2254,#185,.T.);
#1828=EDGE_CURVE('',#2255,#2255,#186,.T.);
#1829=EDGE_CURVE('',#2256,#2257,#2605,.T.);
#1830=EDGE_CURVE('',#2258,#2257,#2606,.T.);
#1831=EDGE_CURVE('',#2259,#2258,#2607,.T.);
#1832=EDGE_CURVE('',#2259,#2256,#2608,.T.);
#1833=EDGE_CURVE('',#2257,#2260,#2609,.T.);
#1834=EDGE_CURVE('',#2261,#2260,#2610,.T.);
#1835=EDGE_CURVE('',#2258,#2261,#2611,.T.);
#1836=EDGE_CURVE('',#2262,#2262,#187,.T.);
#1837=EDGE_CURVE('',#2263,#2263,#188,.T.);
#1838=EDGE_CURVE('',#2264,#2260,#2612,.T.);
#1839=EDGE_CURVE('',#2265,#2264,#2613,.T.);
#1840=EDGE_CURVE('',#2265,#2261,#2614,.T.);
#1841=EDGE_CURVE('',#2256,#2264,#2615,.T.);
#1842=EDGE_CURVE('',#2259,#2265,#2616,.T.);
#1843=EDGE_CURVE('',#2266,#2267,#2617,.T.);
#1844=EDGE_CURVE('',#2268,#2266,#2618,.T.);
#1845=EDGE_CURVE('',#2268,#2269,#2619,.T.);
#1846=EDGE_CURVE('',#2270,#2269,#2620,.T.);
#1847=EDGE_CURVE('',#2271,#2270,#2621,.T.);
#1848=EDGE_CURVE('',#2272,#2271,#2622,.T.);
#1849=EDGE_CURVE('',#2272,#2273,#2623,.T.);
#1850=EDGE_CURVE('',#2273,#2267,#2624,.T.);
#1851=EDGE_CURVE('',#2273,#2274,#2625,.T.);
#1852=EDGE_CURVE('',#2274,#2275,#2626,.T.);
#1853=EDGE_CURVE('',#2267,#2275,#2627,.T.);
#1854=EDGE_CURVE('',#2276,#2277,#189,.T.);
#1855=EDGE_CURVE('',#2276,#2278,#2628,.T.);
#1856=EDGE_CURVE('',#2278,#2279,#190,.T.);
#1857=EDGE_CURVE('',#2279,#2277,#2629,.T.);
#1858=EDGE_CURVE('',#2280,#2281,#2630,.T.);
#1859=EDGE_CURVE('',#2280,#2282,#2631,.F.);
#1860=EDGE_CURVE('',#2282,#2283,#2632,.T.);
#1861=EDGE_CURVE('',#2283,#2281,#2633,.T.);
#1862=EDGE_CURVE('',#2284,#2285,#2634,.T.);
#1863=EDGE_CURVE('',#2285,#2286,#2635,.T.);
#1864=EDGE_CURVE('',#2286,#2287,#2636,.T.);
#1865=EDGE_CURVE('',#2288,#2287,#2637,.T.);
#1866=EDGE_CURVE('',#2288,#2289,#2638,.T.);
#1867=EDGE_CURVE('',#2289,#2281,#2639,.T.);
#1868=EDGE_CURVE('',#2284,#2283,#2640,.T.);
#1869=EDGE_CURVE('',#2271,#2285,#2641,.T.);
#1870=EDGE_CURVE('',#2272,#2284,#2642,.T.);
#1871=EDGE_CURVE('',#2290,#2290,#191,.T.);
#1872=EDGE_CURVE('',#2291,#2291,#192,.T.);
#1873=EDGE_CURVE('',#2282,#2279,#193,.T.);
#1874=EDGE_CURVE('',#2278,#2274,#194,.T.);
#1875=EDGE_CURVE('',#2266,#2289,#2643,.T.);
#1876=EDGE_CURVE('',#2275,#2276,#195,.F.);
#1877=EDGE_CURVE('',#2277,#2280,#196,.F.);
#1878=EDGE_CURVE('',#2269,#2292,#2644,.T.);
#1879=EDGE_CURVE('',#2292,#2293,#2645,.F.);
#1880=EDGE_CURVE('',#2270,#2293,#2646,.T.);
#1881=EDGE_CURVE('',#2294,#2295,#197,.T.);
#1882=EDGE_CURVE('',#2295,#2296,#2647,.F.);
#1883=EDGE_CURVE('',#2297,#2296,#198,.T.);
#1884=EDGE_CURVE('',#2297,#2294,#2648,.T.);
#1885=EDGE_CURVE('',#2298,#2286,#2649,.T.);
#1886=EDGE_CURVE('',#2298,#2299,#2650,.T.);
#1887=EDGE_CURVE('',#2299,#2287,#2651,.T.);
#1888=EDGE_CURVE('',#2300,#2300,#199,.T.);
#1889=EDGE_CURVE('',#2301,#2301,#200,.T.);
#1890=EDGE_CURVE('',#2293,#2297,#201,.F.);
#1891=EDGE_CURVE('',#2296,#2298,#202,.F.);
#1892=EDGE_CURVE('',#2268,#2288,#2652,.T.);
#1893=EDGE_CURVE('',#2299,#2295,#203,.T.);
#1894=EDGE_CURVE('',#2294,#2292,#204,.T.);
#1895=EDGE_CURVE('',#2302,#2303,#2653,.T.);
#1896=EDGE_CURVE('',#2304,#2303,#2654,.T.);
#1897=EDGE_CURVE('',#2305,#2304,#2655,.T.);
#1898=EDGE_CURVE('',#2305,#2302,#2656,.T.);
#1899=EDGE_CURVE('',#2303,#2306,#2657,.T.);
#1900=EDGE_CURVE('',#2307,#2306,#2658,.T.);
#1901=EDGE_CURVE('',#2304,#2307,#2659,.T.);
#1902=EDGE_CURVE('',#2308,#2306,#2660,.T.);
#1903=EDGE_CURVE('',#2309,#2308,#2661,.T.);
#1904=EDGE_CURVE('',#2309,#2307,#2662,.T.);
#1905=EDGE_CURVE('',#2310,#2311,#2663,.T.);
#1906=EDGE_CURVE('',#2312,#2311,#2664,.T.);
#1907=EDGE_CURVE('',#2313,#2312,#2665,.T.);
#1908=EDGE_CURVE('',#2313,#2310,#2666,.T.);
#1909=EDGE_CURVE('',#2311,#2314,#2667,.T.);
#1910=EDGE_CURVE('',#2315,#2314,#2668,.T.);
#1911=EDGE_CURVE('',#2312,#2315,#2669,.T.);
#1912=EDGE_CURVE('',#2316,#2314,#2670,.T.);
#1913=EDGE_CURVE('',#2317,#2316,#2671,.T.);
#1914=EDGE_CURVE('',#2317,#2315,#2672,.T.);
#1915=EDGE_CURVE('',#2310,#2316,#2673,.T.);
#1916=EDGE_CURVE('',#2313,#2317,#2674,.T.);
#1917=EDGE_CURVE('',#2302,#2308,#2675,.T.);
#1918=EDGE_CURVE('',#2305,#2309,#2676,.T.);
#1919=EDGE_CURVE('',#2318,#2318,#205,.T.);
#1920=EDGE_CURVE('',#2319,#2320,#2677,.T.);
#1921=EDGE_CURVE('',#2319,#2321,#2678,.T.);
#1922=EDGE_CURVE('',#2321,#2322,#2679,.T.);
#1923=EDGE_CURVE('',#2323,#2322,#206,.T.);
#1924=EDGE_CURVE('',#2323,#2324,#2680,.T.);
#1925=EDGE_CURVE('',#2325,#2324,#207,.T.);
#1926=EDGE_CURVE('',#2320,#2325,#2681,.T.);
#1927=EDGE_CURVE('',#2326,#2327,#2682,.T.);
#1928=EDGE_CURVE('',#2326,#2328,#2683,.F.);
#1929=EDGE_CURVE('',#2328,#2329,#2684,.T.);
#1930=EDGE_CURVE('',#2329,#2327,#2685,.T.);
#1931=EDGE_CURVE('',#2330,#2331,#2686,.T.);
#1932=EDGE_CURVE('',#2331,#2332,#2687,.F.);
#1933=EDGE_CURVE('',#2333,#2332,#2688,.T.);
#1934=EDGE_CURVE('',#2333,#2330,#2689,.T.);
#1935=EDGE_CURVE('',#2334,#2335,#2690,.T.);
#1936=EDGE_CURVE('',#2334,#2336,#2691,.T.);
#1937=EDGE_CURVE('',#2336,#2337,#2692,.T.);
#1938=EDGE_CURVE('',#2337,#2335,#2693,.F.);
#1939=EDGE_CURVE('',#2338,#2339,#2694,.T.);
#1940=EDGE_CURVE('',#2338,#2340,#2695,.F.);
#1941=EDGE_CURVE('',#2340,#2341,#2696,.T.);
#1942=EDGE_CURVE('',#2341,#2339,#2697,.T.);
#1943=EDGE_CURVE('',#2342,#2343,#2698,.T.);
#1944=EDGE_CURVE('',#2342,#2344,#2699,.F.);
#1945=EDGE_CURVE('',#2344,#2345,#2700,.T.);
#1946=EDGE_CURVE('',#2345,#2343,#2701,.T.);
#1947=EDGE_CURVE('',#2346,#2347,#2702,.T.);
#1948=EDGE_CURVE('',#2347,#2348,#2703,.T.);
#1949=EDGE_CURVE('',#2349,#2348,#2704,.T.);
#1950=EDGE_CURVE('',#2349,#2346,#2705,.F.);
#1951=EDGE_CURVE('',#2350,#2351,#2706,.T.);
#1952=EDGE_CURVE('',#2350,#2352,#2707,.T.);
#1953=EDGE_CURVE('',#2352,#2353,#2708,.T.);
#1954=EDGE_CURVE('',#2353,#2351,#2709,.F.);
#1955=EDGE_CURVE('',#2354,#2355,#2710,.T.);
#1956=EDGE_CURVE('',#2354,#2356,#2711,.T.);
#1957=EDGE_CURVE('',#2356,#2357,#2712,.T.);
#1958=EDGE_CURVE('',#2357,#2320,#2713,.T.);
#1959=EDGE_CURVE('',#2355,#2325,#2714,.T.);
#1960=EDGE_CURVE('',#2358,#2324,#2715,.T.);
#1961=EDGE_CURVE('',#2355,#2358,#208,.T.);
#1962=EDGE_CURVE('',#2359,#2323,#2716,.T.);
#1963=EDGE_CURVE('',#2359,#2358,#2717,.T.);
#1964=EDGE_CURVE('',#2360,#2322,#2718,.T.);
#1965=EDGE_CURVE('',#2359,#2360,#209,.T.);
#1966=EDGE_CURVE('',#2361,#2362,#2719,.T.);
#1967=EDGE_CURVE('',#2361,#2363,#2720,.F.);
#1968=EDGE_CURVE('',#2363,#2360,#2721,.T.);
#1969=EDGE_CURVE('',#2321,#2362,#210,.F.);
#1970=EDGE_CURVE('',#2364,#2364,#211,.T.);
#1971=EDGE_CURVE('',#2344,#2347,#212,.T.);
#1972=EDGE_CURVE('',#2346,#2350,#213,.T.);
#1973=EDGE_CURVE('',#2351,#2354,#214,.F.);
#1974=EDGE_CURVE('',#2363,#2329,#215,.F.);
#1975=EDGE_CURVE('',#2328,#2333,#216,.T.);
#1976=EDGE_CURVE('',#2332,#2334,#217,.T.);
#1977=EDGE_CURVE('',#2335,#2341,#218,.T.);
#1978=EDGE_CURVE('',#2340,#2345,#219,.T.);
#1979=EDGE_CURVE('',#2365,#2366,#2722,.T.);
#1980=EDGE_CURVE('',#2367,#2366,#2723,.T.);
#1981=EDGE_CURVE('',#2368,#2367,#2724,.T.);
#1982=EDGE_CURVE('',#2368,#2365,#2725,.T.);
#1983=EDGE_CURVE('',#2369,#2365,#220,.T.);
#1984=EDGE_CURVE('',#2370,#2368,#221,.T.);
#1985=EDGE_CURVE('',#2370,#2369,#2726,.T.);
#1986=EDGE_CURVE('',#2369,#2371,#2727,.T.);
#1987=EDGE_CURVE('',#2370,#2372,#2728,.T.);
#1988=EDGE_CURVE('',#2372,#2371,#2729,.T.);
#1989=EDGE_CURVE('',#2373,#2357,#2730,.T.);
#1990=EDGE_CURVE('',#2373,#2319,#10,.T.);
#1991=EDGE_CURVE('',#2366,#2371,#222,.T.);
#1992=EDGE_CURVE('',#2367,#2372,#223,.T.);
#1993=EDGE_CURVE('',#2348,#2342,#224,.F.);
#1994=EDGE_CURVE('',#2343,#2338,#225,.F.);
#1995=EDGE_CURVE('',#2339,#2337,#226,.F.);
#1996=EDGE_CURVE('',#2336,#2331,#227,.F.);
#1997=EDGE_CURVE('',#2330,#2326,#228,.F.);
#1998=EDGE_CURVE('',#2327,#2361,#229,.T.);
#1999=EDGE_CURVE('',#2373,#2362,#2731,.T.);
#2000=EDGE_CURVE('',#2356,#2353,#230,.T.);
#2001=EDGE_CURVE('',#2352,#2349,#231,.F.);
#2002=VERTEX_POINT('',#5808);
#2003=VERTEX_POINT('',#5809);
#2004=VERTEX_POINT('',#5811);
#2005=VERTEX_POINT('',#5813);
#2006=VERTEX_POINT('',#5815);
#2007=VERTEX_POINT('',#5817);
#2008=VERTEX_POINT('',#5819);
#2009=VERTEX_POINT('',#5821);
#2010=VERTEX_POINT('',#5825);
#2011=VERTEX_POINT('',#5827);
#2012=VERTEX_POINT('',#5831);
#2013=VERTEX_POINT('',#5833);
#2014=VERTEX_POINT('',#5835);
#2015=VERTEX_POINT('',#5837);
#2016=VERTEX_POINT('',#5839);
#2017=VERTEX_POINT('',#5841);
#2018=VERTEX_POINT('',#5859);
#2019=VERTEX_POINT('',#5860);
#2020=VERTEX_POINT('',#5862);
#2021=VERTEX_POINT('',#5864);
#2022=VERTEX_POINT('',#5868);
#2023=VERTEX_POINT('',#5870);
#2024=VERTEX_POINT('',#5874);
#2025=VERTEX_POINT('',#5876);
#2026=VERTEX_POINT('',#5880);
#2027=VERTEX_POINT('',#5881);
#2028=VERTEX_POINT('',#5883);
#2029=VERTEX_POINT('',#5885);
#2030=VERTEX_POINT('',#5889);
#2031=VERTEX_POINT('',#5891);
#2032=VERTEX_POINT('',#5895);
#2033=VERTEX_POINT('',#5897);
#2034=VERTEX_POINT('',#5901);
#2035=VERTEX_POINT('',#5902);
#2036=VERTEX_POINT('',#5904);
#2037=VERTEX_POINT('',#5906);
#2038=VERTEX_POINT('',#5910);
#2039=VERTEX_POINT('',#5912);
#2040=VERTEX_POINT('',#5921);
#2041=VERTEX_POINT('',#5923);
#2042=VERTEX_POINT('',#5932);
#2043=VERTEX_POINT('',#5933);
#2044=VERTEX_POINT('',#5935);
#2045=VERTEX_POINT('',#5937);
#2046=VERTEX_POINT('',#5941);
#2047=VERTEX_POINT('',#5942);
#2048=VERTEX_POINT('',#5944);
#2049=VERTEX_POINT('',#5946);
#2050=VERTEX_POINT('',#5952);
#2051=VERTEX_POINT('',#5953);
#2052=VERTEX_POINT('',#5955);
#2053=VERTEX_POINT('',#5957);
#2054=VERTEX_POINT('',#5959);
#2055=VERTEX_POINT('',#5961);
#2056=VERTEX_POINT('',#5963);
#2057=VERTEX_POINT('',#5965);
#2058=VERTEX_POINT('',#5967);
#2059=VERTEX_POINT('',#5969);
#2060=VERTEX_POINT('',#5971);
#2061=VERTEX_POINT('',#5973);
#2062=VERTEX_POINT('',#5975);
#2063=VERTEX_POINT('',#5977);
#2064=VERTEX_POINT('',#5979);
#2065=VERTEX_POINT('',#5981);
#2066=VERTEX_POINT('',#5985);
#2067=VERTEX_POINT('',#5987);
#2068=VERTEX_POINT('',#5993);
#2069=VERTEX_POINT('',#5995);
#2070=VERTEX_POINT('',#5997);
#2071=VERTEX_POINT('',#5999);
#2072=VERTEX_POINT('',#6001);
#2073=VERTEX_POINT('',#6003);
#2074=VERTEX_POINT('',#6005);
#2075=VERTEX_POINT('',#6007);
#2076=VERTEX_POINT('',#6009);
#2077=VERTEX_POINT('',#6011);
#2078=VERTEX_POINT('',#6013);
#2079=VERTEX_POINT('',#6015);
#2080=VERTEX_POINT('',#6017);
#2081=VERTEX_POINT('',#6019);
#2082=VERTEX_POINT('',#6036);
#2083=VERTEX_POINT('',#6038);
#2084=VERTEX_POINT('',#6046);
#2085=VERTEX_POINT('',#6052);
#2086=VERTEX_POINT('',#6065);
#2087=VERTEX_POINT('',#6066);
#2088=VERTEX_POINT('',#6068);
#2089=VERTEX_POINT('',#6070);
#2090=VERTEX_POINT('',#6074);
#2091=VERTEX_POINT('',#6076);
#2092=VERTEX_POINT('',#6078);
#2093=VERTEX_POINT('',#6080);
#2094=VERTEX_POINT('',#6082);
#2095=VERTEX_POINT('',#6084);
#2096=VERTEX_POINT('',#6086);
#2097=VERTEX_POINT('',#6088);
#2098=VERTEX_POINT('',#6090);
#2099=VERTEX_POINT('',#6092);
#2100=VERTEX_POINT('',#6094);
#2101=VERTEX_POINT('',#6098);
#2102=VERTEX_POINT('',#6101);
#2103=VERTEX_POINT('',#6102);
#2104=VERTEX_POINT('',#6104);
#2105=VERTEX_POINT('',#6106);
#2106=VERTEX_POINT('',#6110);
#2107=VERTEX_POINT('',#6112);
#2108=VERTEX_POINT('',#6114);
#2109=VERTEX_POINT('',#6116);
#2110=VERTEX_POINT('',#6118);
#2111=VERTEX_POINT('',#6120);
#2112=VERTEX_POINT('',#6122);
#2113=VERTEX_POINT('',#6124);
#2114=VERTEX_POINT('',#6126);
#2115=VERTEX_POINT('',#6128);
#2116=VERTEX_POINT('',#6134);
#2117=VERTEX_POINT('',#6136);
#2118=VERTEX_POINT('',#6138);
#2119=VERTEX_POINT('',#6140);
#2120=VERTEX_POINT('',#6144);
#2121=VERTEX_POINT('',#6148);
#2122=VERTEX_POINT('',#6150);
#2123=VERTEX_POINT('',#6152);
#2124=VERTEX_POINT('',#6154);
#2125=VERTEX_POINT('',#6158);
#2126=VERTEX_POINT('',#6160);
#2127=VERTEX_POINT('',#6162);
#2128=VERTEX_POINT('',#6167);
#2129=VERTEX_POINT('',#6174);
#2130=VERTEX_POINT('',#6176);
#2131=VERTEX_POINT('',#6178);
#2132=VERTEX_POINT('',#6182);
#2133=VERTEX_POINT('',#6184);
#2134=VERTEX_POINT('',#6188);
#2135=VERTEX_POINT('',#6194);
#2136=VERTEX_POINT('',#6196);
#2137=VERTEX_POINT('',#6200);
#2138=VERTEX_POINT('',#6204);
#2139=VERTEX_POINT('',#6226);
#2140=VERTEX_POINT('',#6228);
#2141=VERTEX_POINT('',#6235);
#2142=VERTEX_POINT('',#6238);
#2143=VERTEX_POINT('',#6239);
#2144=VERTEX_POINT('',#6241);
#2145=VERTEX_POINT('',#6243);
#2146=VERTEX_POINT('',#6245);
#2147=VERTEX_POINT('',#6247);
#2148=VERTEX_POINT('',#6249);
#2149=VERTEX_POINT('',#6251);
#2150=VERTEX_POINT('',#6253);
#2151=VERTEX_POINT('',#6255);
#2152=VERTEX_POINT('',#6257);
#2153=VERTEX_POINT('',#6259);
#2154=VERTEX_POINT('',#6261);
#2155=VERTEX_POINT('',#6263);
#2156=VERTEX_POINT('',#6265);
#2157=VERTEX_POINT('',#6267);
#2158=VERTEX_POINT('',#6269);
#2159=VERTEX_POINT('',#6271);
#2160=VERTEX_POINT('',#6273);
#2161=VERTEX_POINT('',#6275);
#2162=VERTEX_POINT('',#6277);
#2163=VERTEX_POINT('',#6279);
#2164=VERTEX_POINT('',#6281);
#2165=VERTEX_POINT('',#6283);
#2166=VERTEX_POINT('',#6285);
#2167=VERTEX_POINT('',#6287);
#2168=VERTEX_POINT('',#6289);
#2169=VERTEX_POINT('',#6291);
#2170=VERTEX_POINT('',#6293);
#2171=VERTEX_POINT('',#6295);
#2172=VERTEX_POINT('',#6297);
#2173=VERTEX_POINT('',#6299);
#2174=VERTEX_POINT('',#6301);
#2175=VERTEX_POINT('',#6303);
#2176=VERTEX_POINT('',#6305);
#2177=VERTEX_POINT('',#6307);
#2178=VERTEX_POINT('',#6309);
#2179=VERTEX_POINT('',#6311);
#2180=VERTEX_POINT('',#6313);
#2181=VERTEX_POINT('',#6315);
#2182=VERTEX_POINT('',#6317);
#2183=VERTEX_POINT('',#6319);
#2184=VERTEX_POINT('',#6321);
#2185=VERTEX_POINT('',#6323);
#2186=VERTEX_POINT('',#6325);
#2187=VERTEX_POINT('',#6327);
#2188=VERTEX_POINT('',#6329);
#2189=VERTEX_POINT('',#6331);
#2190=VERTEX_POINT('',#6333);
#2191=VERTEX_POINT('',#6335);
#2192=VERTEX_POINT('',#6337);
#2193=VERTEX_POINT('',#6339);
#2194=VERTEX_POINT('',#6341);
#2195=VERTEX_POINT('',#6343);
#2196=VERTEX_POINT('',#6345);
#2197=VERTEX_POINT('',#6347);
#2198=VERTEX_POINT('',#6349);
#2199=VERTEX_POINT('',#6351);
#2200=VERTEX_POINT('',#6353);
#2201=VERTEX_POINT('',#6355);
#2202=VERTEX_POINT('',#6357);
#2203=VERTEX_POINT('',#6359);
#2204=VERTEX_POINT('',#6361);
#2205=VERTEX_POINT('',#6363);
#2206=VERTEX_POINT('',#6365);
#2207=VERTEX_POINT('',#6367);
#2208=VERTEX_POINT('',#6369);
#2209=VERTEX_POINT('',#6371);
#2210=VERTEX_POINT('',#6373);
#2211=VERTEX_POINT('',#6375);
#2212=VERTEX_POINT('',#6377);
#2213=VERTEX_POINT('',#6379);
#2214=VERTEX_POINT('',#6381);
#2215=VERTEX_POINT('',#6383);
#2216=VERTEX_POINT('',#6385);
#2217=VERTEX_POINT('',#6387);
#2218=VERTEX_POINT('',#6389);
#2219=VERTEX_POINT('',#6391);
#2220=VERTEX_POINT('',#6393);
#2221=VERTEX_POINT('',#6395);
#2222=VERTEX_POINT('',#6404);
#2223=VERTEX_POINT('',#6412);
#2224=VERTEX_POINT('',#6611);
#2225=VERTEX_POINT('',#6614);
#2226=VERTEX_POINT('',#6619);
#2227=VERTEX_POINT('',#6620);
#2228=VERTEX_POINT('',#6622);
#2229=VERTEX_POINT('',#6624);
#2230=VERTEX_POINT('',#6626);
#2231=VERTEX_POINT('',#6628);
#2232=VERTEX_POINT('',#6630);
#2233=VERTEX_POINT('',#6632);
#2234=VERTEX_POINT('',#6636);
#2235=VERTEX_POINT('',#6637);
#2236=VERTEX_POINT('',#6642);
#2237=VERTEX_POINT('',#6643);
#2238=VERTEX_POINT('',#6646);
#2239=VERTEX_POINT('',#6648);
#2240=VERTEX_POINT('',#6650);
#2241=VERTEX_POINT('',#6652);
#2242=VERTEX_POINT('',#6670);
#2243=VERTEX_POINT('',#6671);
#2244=VERTEX_POINT('',#6673);
#2245=VERTEX_POINT('',#6675);
#2246=VERTEX_POINT('',#6679);
#2247=VERTEX_POINT('',#6681);
#2248=VERTEX_POINT('',#6685);
#2249=VERTEX_POINT('',#6687);
#2250=VERTEX_POINT('',#6691);
#2251=VERTEX_POINT('',#6693);
#2252=VERTEX_POINT('',#6699);
#2253=VERTEX_POINT('',#6701);
#2254=VERTEX_POINT('',#6707);
#2255=VERTEX_POINT('',#6709);
#2256=VERTEX_POINT('',#6711);
#2257=VERTEX_POINT('',#6712);
#2258=VERTEX_POINT('',#6714);
#2259=VERTEX_POINT('',#6716);
#2260=VERTEX_POINT('',#6720);
#2261=VERTEX_POINT('',#6722);
#2262=VERTEX_POINT('',#6726);
#2263=VERTEX_POINT('',#6728);
#2264=VERTEX_POINT('',#6730);
#2265=VERTEX_POINT('',#6732);
#2266=VERTEX_POINT('',#6744);
#2267=VERTEX_POINT('',#6745);
#2268=VERTEX_POINT('',#6747);
#2269=VERTEX_POINT('',#6749);
#2270=VERTEX_POINT('',#6751);
#2271=VERTEX_POINT('',#6753);
#2272=VERTEX_POINT('',#6755);
#2273=VERTEX_POINT('',#6757);
#2274=VERTEX_POINT('',#6761);
#2275=VERTEX_POINT('',#6763);
#2276=VERTEX_POINT('',#6767);
#2277=VERTEX_POINT('',#6768);
#2278=VERTEX_POINT('',#6770);
#2279=VERTEX_POINT('',#6772);
#2280=VERTEX_POINT('',#6776);
#2281=VERTEX_POINT('',#6777);
#2282=VERTEX_POINT('',#6779);
#2283=VERTEX_POINT('',#6781);
#2284=VERTEX_POINT('',#6785);
#2285=VERTEX_POINT('',#6786);
#2286=VERTEX_POINT('',#6788);
#2287=VERTEX_POINT('',#6790);
#2288=VERTEX_POINT('',#6792);
#2289=VERTEX_POINT('',#6794);
#2290=VERTEX_POINT('',#6802);
#2291=VERTEX_POINT('',#6804);
#2292=VERTEX_POINT('',#6814);
#2293=VERTEX_POINT('',#6816);
#2294=VERTEX_POINT('',#6820);
#2295=VERTEX_POINT('',#6821);
#2296=VERTEX_POINT('',#6823);
#2297=VERTEX_POINT('',#6825);
#2298=VERTEX_POINT('',#6829);
#2299=VERTEX_POINT('',#6831);
#2300=VERTEX_POINT('',#6835);
#2301=VERTEX_POINT('',#6837);
#2302=VERTEX_POINT('',#6853);
#2303=VERTEX_POINT('',#6854);
#2304=VERTEX_POINT('',#6856);
#2305=VERTEX_POINT('',#6858);
#2306=VERTEX_POINT('',#6862);
#2307=VERTEX_POINT('',#6864);
#2308=VERTEX_POINT('',#6868);
#2309=VERTEX_POINT('',#6870);
#2310=VERTEX_POINT('',#6874);
#2311=VERTEX_POINT('',#6875);
#2312=VERTEX_POINT('',#6877);
#2313=VERTEX_POINT('',#6879);
#2314=VERTEX_POINT('',#6883);
#2315=VERTEX_POINT('',#6885);
#2316=VERTEX_POINT('',#6889);
#2317=VERTEX_POINT('',#6891);
#2318=VERTEX_POINT('',#6904);
#2319=VERTEX_POINT('',#6906);
#2320=VERTEX_POINT('',#6907);
#2321=VERTEX_POINT('',#6909);
#2322=VERTEX_POINT('',#6911);
#2323=VERTEX_POINT('',#6913);
#2324=VERTEX_POINT('',#6915);
#2325=VERTEX_POINT('',#6917);
#2326=VERTEX_POINT('',#6921);
#2327=VERTEX_POINT('',#6922);
#2328=VERTEX_POINT('',#6924);
#2329=VERTEX_POINT('',#6926);
#2330=VERTEX_POINT('',#6930);
#2331=VERTEX_POINT('',#6931);
#2332=VERTEX_POINT('',#6933);
#2333=VERTEX_POINT('',#6935);
#2334=VERTEX_POINT('',#6939);
#2335=VERTEX_POINT('',#6940);
#2336=VERTEX_POINT('',#6942);
#2337=VERTEX_POINT('',#6944);
#2338=VERTEX_POINT('',#6948);
#2339=VERTEX_POINT('',#6949);
#2340=VERTEX_POINT('',#6951);
#2341=VERTEX_POINT('',#6953);
#2342=VERTEX_POINT('',#6957);
#2343=VERTEX_POINT('',#6958);
#2344=VERTEX_POINT('',#6960);
#2345=VERTEX_POINT('',#6962);
#2346=VERTEX_POINT('',#6966);
#2347=VERTEX_POINT('',#6967);
#2348=VERTEX_POINT('',#6969);
#2349=VERTEX_POINT('',#6971);
#2350=VERTEX_POINT('',#6975);
#2351=VERTEX_POINT('',#6976);
#2352=VERTEX_POINT('',#6978);
#2353=VERTEX_POINT('',#6980);
#2354=VERTEX_POINT('',#6984);
#2355=VERTEX_POINT('',#6985);
#2356=VERTEX_POINT('',#6987);
#2357=VERTEX_POINT('',#6989);
#2358=VERTEX_POINT('',#6994);
#2359=VERTEX_POINT('',#6998);
#2360=VERTEX_POINT('',#7002);
#2361=VERTEX_POINT('',#7006);
#2362=VERTEX_POINT('',#7007);
#2363=VERTEX_POINT('',#7009);
#2364=VERTEX_POINT('',#7014);
#2365=VERTEX_POINT('',#7026);
#2366=VERTEX_POINT('',#7027);
#2367=VERTEX_POINT('',#7029);
#2368=VERTEX_POINT('',#7031);
#2369=VERTEX_POINT('',#7035);
#2370=VERTEX_POINT('',#7037);
#2371=VERTEX_POINT('',#7041);
#2372=VERTEX_POINT('',#7043);
#2373=VERTEX_POINT('',#7047);
#2374=LINE('',#5807,#2732);
#2375=LINE('',#5810,#2733);
#2376=LINE('',#5812,#2734);
#2377=LINE('',#5814,#2735);
#2378=LINE('',#5816,#2736);
#2379=LINE('',#5818,#2737);
#2380=LINE('',#5820,#2738);
#2381=LINE('',#5822,#2739);
#2382=LINE('',#5824,#2740);
#2383=LINE('',#5826,#2741);
#2384=LINE('',#5828,#2742);
#2385=LINE('',#5830,#2743);
#2386=LINE('',#5832,#2744);
#2387=LINE('',#5834,#2745);
#2388=LINE('',#5836,#2746);
#2389=LINE('',#5838,#2747);
#2390=LINE('',#5840,#2748);
#2391=LINE('',#5842,#2749);
#2392=LINE('',#5844,#2750);
#2393=LINE('',#5845,#2751);
#2394=LINE('',#5848,#2752);
#2395=LINE('',#5850,#2753);
#2396=LINE('',#5851,#2754);
#2397=LINE('',#5853,#2755);
#2398=LINE('',#5858,#2756);
#2399=LINE('',#5861,#2757);
#2400=LINE('',#5863,#2758);
#2401=LINE('',#5865,#2759);
#2402=LINE('',#5869,#2760);
#2403=LINE('',#5873,#2761);
#2404=LINE('',#5875,#2762);
#2405=LINE('',#5877,#2763);
#2406=LINE('',#5879,#2764);
#2407=LINE('',#5882,#2765);
#2408=LINE('',#5884,#2766);
#2409=LINE('',#5886,#2767);
#2410=LINE('',#5888,#2768);
#2411=LINE('',#5890,#2769);
#2412=LINE('',#5892,#2770);
#2413=LINE('',#5894,#2771);
#2414=LINE('',#5896,#2772);
#2415=LINE('',#5898,#2773);
#2416=LINE('',#5903,#2774);
#2417=LINE('',#5907,#2775);
#2418=LINE('',#5917,#2776);
#2419=LINE('',#5918,#2777);
#2420=LINE('',#5931,#2778);
#2421=LINE('',#5934,#2779);
#2422=LINE('',#5936,#2780);
#2423=LINE('',#5938,#2781);
#2424=LINE('',#5940,#2782);
#2425=LINE('',#5943,#2783);
#2426=LINE('',#5945,#2784);
#2427=LINE('',#5947,#2785);
#2428=LINE('',#5949,#2786);
#2429=LINE('',#5950,#2787);
#2430=LINE('',#5951,#2788);
#2431=LINE('',#5956,#2789);
#2432=LINE('',#5960,#2790);
#2433=LINE('',#5964,#2791);
#2434=LINE('',#5968,#2792);
#2435=LINE('',#5972,#2793);
#2436=LINE('',#5974,#2794);
#2437=LINE('',#5976,#2795);
#2438=LINE('',#5978,#2796);
#2439=LINE('',#5980,#2797);
#2440=LINE('',#5984,#2798);
#2441=LINE('',#5986,#2799);
#2442=LINE('',#5988,#2800);
#2443=LINE('',#5990,#2801);
#2444=LINE('',#5991,#2802);
#2445=LINE('',#5994,#2803);
#2446=LINE('',#5998,#2804);
#2447=LINE('',#6000,#2805);
#2448=LINE('',#6002,#2806);
#2449=LINE('',#6004,#2807);
#2450=LINE('',#6006,#2808);
#2451=LINE('',#6010,#2809);
#2452=LINE('',#6014,#2810);
#2453=LINE('',#6018,#2811);
#2454=LINE('',#6022,#2812);
#2455=LINE('',#6023,#2813);
#2456=LINE('',#6025,#2814);
#2457=LINE('',#6026,#2815);
#2458=LINE('',#6028,#2816);
#2459=LINE('',#6029,#2817);
#2460=LINE('',#6031,#2818);
#2461=LINE('',#6032,#2819);
#2462=LINE('',#6039,#2820);
#2463=LINE('',#6040,#2821);
#2464=LINE('',#6043,#2822);
#2465=LINE('',#6047,#2823);
#2466=LINE('',#6049,#2824);
#2467=LINE('',#6053,#2825);
#2468=LINE('',#6064,#2826);
#2469=LINE('',#6067,#2827);
#2470=LINE('',#6069,#2828);
#2471=LINE('',#6071,#2829);
#2472=LINE('',#6073,#2830);
#2473=LINE('',#6075,#2831);
#2474=LINE('',#6077,#2832);
#2475=LINE('',#6079,#2833);
#2476=LINE('',#6081,#2834);
#2477=LINE('',#6083,#2835);
#2478=LINE('',#6085,#2836);
#2479=LINE('',#6087,#2837);
#2480=LINE('',#6089,#2838);
#2481=LINE('',#6091,#2839);
#2482=LINE('',#6093,#2840);
#2483=LINE('',#6095,#2841);
#2484=LINE('',#6097,#2842);
#2485=LINE('',#6099,#2843);
#2486=LINE('',#6100,#2844);
#2487=LINE('',#6103,#2845);
#2488=LINE('',#6105,#2846);
#2489=LINE('',#6107,#2847);
#2490=LINE('',#6109,#2848);
#2491=LINE('',#6111,#2849);
#2492=LINE('',#6113,#2850);
#2493=LINE('',#6115,#2851);
#2494=LINE('',#6117,#2852);
#2495=LINE('',#6119,#2853);
#2496=LINE('',#6121,#2854);
#2497=LINE('',#6123,#2855);
#2498=LINE('',#6125,#2856);
#2499=LINE('',#6127,#2857);
#2500=LINE('',#6129,#2858);
#2501=LINE('',#6131,#2859);
#2502=LINE('',#6133,#2860);
#2503=LINE('',#6135,#2861);
#2504=LINE('',#6139,#2862);
#2505=LINE('',#6141,#2863);
#2506=LINE('',#6143,#2864);
#2507=LINE('',#6145,#2865);
#2508=LINE('',#6147,#2866);
#2509=LINE('',#6149,#2867);
#2510=LINE('',#6153,#2868);
#2511=LINE('',#6155,#2869);
#2512=LINE('',#6157,#2870);
#2513=LINE('',#6161,#2871);
#2514=LINE('',#6163,#2872);
#2515=LINE('',#6164,#2873);
#2516=LINE('',#6166,#2874);
#2517=LINE('',#6168,#2875);
#2518=LINE('',#6170,#2876);
#2519=LINE('',#6172,#2877);
#2520=LINE('',#6173,#2878);
#2521=LINE('',#6175,#2879);
#2522=LINE('',#6179,#2880);
#2523=LINE('',#6187,#2881);
#2524=LINE('',#6189,#2882);
#2525=LINE('',#6193,#2883);
#2526=LINE('',#6195,#2884);
#2527=LINE('',#6197,#2885);
#2528=LINE('',#6199,#2886);
#2529=LINE('',#6201,#2887);
#2530=LINE('',#6203,#2888);
#2531=LINE('',#6205,#2889);
#2532=LINE('',#6207,#2890);
#2533=LINE('',#6209,#2891);
#2534=LINE('',#6211,#2892);
#2535=LINE('',#6215,#2893);
#2536=LINE('',#6217,#2894);
#2537=LINE('',#6220,#2895);
#2538=LINE('',#6222,#2896);
#2539=LINE('',#6225,#2897);
#2540=LINE('',#6229,#2898);
#2541=LINE('',#6237,#2899);
#2542=LINE('',#6242,#2900);
#2543=LINE('',#6246,#2901);
#2544=LINE('',#6250,#2902);
#2545=LINE('',#6254,#2903);
#2546=LINE('',#6258,#2904);
#2547=LINE('',#6262,#2905);
#2548=LINE('',#6266,#2906);
#2549=LINE('',#6270,#2907);
#2550=LINE('',#6274,#2908);
#2551=LINE('',#6278,#2909);
#2552=LINE('',#6282,#2910);
#2553=LINE('',#6286,#2911);
#2554=LINE('',#6290,#2912);
#2555=LINE('',#6294,#2913);
#2556=LINE('',#6298,#2914);
#2557=LINE('',#6302,#2915);
#2558=LINE('',#6306,#2916);
#2559=LINE('',#6310,#2917);
#2560=LINE('',#6314,#2918);
#2561=LINE('',#6318,#2919);
#2562=LINE('',#6322,#2920);
#2563=LINE('',#6326,#2921);
#2564=LINE('',#6330,#2922);
#2565=LINE('',#6334,#2923);
#2566=LINE('',#6338,#2924);
#2567=LINE('',#6342,#2925);
#2568=LINE('',#6346,#2926);
#2569=LINE('',#6350,#2927);
#2570=LINE('',#6354,#2928);
#2571=LINE('',#6358,#2929);
#2572=LINE('',#6362,#2930);
#2573=LINE('',#6366,#2931);
#2574=LINE('',#6370,#2932);
#2575=LINE('',#6374,#2933);
#2576=LINE('',#6378,#2934);
#2577=LINE('',#6382,#2935);
#2578=LINE('',#6386,#2936);
#2579=LINE('',#6390,#2937);
#2580=LINE('',#6394,#2938);
#2581=LINE('',#6618,#2939);
#2582=LINE('',#6623,#2940);
#2583=LINE('',#6627,#2941);
#2584=LINE('',#6631,#2942);
#2585=LINE('',#6635,#2943);
#2586=LINE('',#6638,#2944);
#2587=LINE('',#6639,#2945);
#2588=LINE('',#6641,#2946);
#2589=LINE('',#6647,#2947);
#2590=LINE('',#6651,#2948);
#2591=LINE('',#6655,#2949);
#2592=LINE('',#6656,#2950);
#2593=LINE('',#6658,#2951);
#2594=LINE('',#6659,#2952);
#2595=LINE('',#6661,#2953);
#2596=LINE('',#6662,#2954);
#2597=LINE('',#6672,#2955);
#2598=LINE('',#6676,#2956);
#2599=LINE('',#6678,#2957);
#2600=LINE('',#6680,#2958);
#2601=LINE('',#6682,#2959);
#2602=LINE('',#6686,#2960);
#2603=LINE('',#6695,#2961);
#2604=LINE('',#6696,#2962);
#2605=LINE('',#6710,#2963);
#2606=LINE('',#6713,#2964);
#2607=LINE('',#6715,#2965);
#2608=LINE('',#6717,#2966);
#2609=LINE('',#6719,#2967);
#2610=LINE('',#6721,#2968);
#2611=LINE('',#6723,#2969);
#2612=LINE('',#6729,#2970);
#2613=LINE('',#6731,#2971);
#2614=LINE('',#6733,#2972);
#2615=LINE('',#6735,#2973);
#2616=LINE('',#6736,#2974);
#2617=LINE('',#6743,#2975);
#2618=LINE('',#6746,#2976);
#2619=LINE('',#6748,#2977);
#2620=LINE('',#6750,#2978);
#2621=LINE('',#6752,#2979);
#2622=LINE('',#6754,#2980);
#2623=LINE('',#6756,#2981);
#2624=LINE('',#6758,#2982);
#2625=LINE('',#6760,#2983);
#2626=LINE('',#6762,#2984);
#2627=LINE('',#6764,#2985);
#2628=LINE('',#6769,#2986);
#2629=LINE('',#6773,#2987);
#2630=LINE('',#6775,#2988);
#2631=LINE('',#6778,#2989);
#2632=LINE('',#6780,#2990);
#2633=LINE('',#6782,#2991);
#2634=LINE('',#6784,#2992);
#2635=LINE('',#6787,#2993);
#2636=LINE('',#6789,#2994);
#2637=LINE('',#6791,#2995);
#2638=LINE('',#6793,#2996);
#2639=LINE('',#6795,#2997);
#2640=LINE('',#6796,#2998);
#2641=LINE('',#6798,#2999);
#2642=LINE('',#6799,#3000);
#2643=LINE('',#6809,#3001);
#2644=LINE('',#6813,#3002);
#2645=LINE('',#6815,#3003);
#2646=LINE('',#6817,#3004);
#2647=LINE('',#6822,#3005);
#2648=LINE('',#6826,#3006);
#2649=LINE('',#6828,#3007);
#2650=LINE('',#6830,#3008);
#2651=LINE('',#6832,#3009);
#2652=LINE('',#6842,#3010);
#2653=LINE('',#6852,#3011);
#2654=LINE('',#6855,#3012);
#2655=LINE('',#6857,#3013);
#2656=LINE('',#6859,#3014);
#2657=LINE('',#6861,#3015);
#2658=LINE('',#6863,#3016);
#2659=LINE('',#6865,#3017);
#2660=LINE('',#6867,#3018);
#2661=LINE('',#6869,#3019);
#2662=LINE('',#6871,#3020);
#2663=LINE('',#6873,#3021);
#2664=LINE('',#6876,#3022);
#2665=LINE('',#6878,#3023);
#2666=LINE('',#6880,#3024);
#2667=LINE('',#6882,#3025);
#2668=LINE('',#6884,#3026);
#2669=LINE('',#6886,#3027);
#2670=LINE('',#6888,#3028);
#2671=LINE('',#6890,#3029);
#2672=LINE('',#6892,#3030);
#2673=LINE('',#6894,#3031);
#2674=LINE('',#6895,#3032);
#2675=LINE('',#6897,#3033);
#2676=LINE('',#6898,#3034);
#2677=LINE('',#6905,#3035);
#2678=LINE('',#6908,#3036);
#2679=LINE('',#6910,#3037);
#2680=LINE('',#6914,#3038);
#2681=LINE('',#6918,#3039);
#2682=LINE('',#6920,#3040);
#2683=LINE('',#6923,#3041);
#2684=LINE('',#6925,#3042);
#2685=LINE('',#6927,#3043);
#2686=LINE('',#6929,#3044);
#2687=LINE('',#6932,#3045);
#2688=LINE('',#6934,#3046);
#2689=LINE('',#6936,#3047);
#2690=LINE('',#6938,#3048);
#2691=LINE('',#6941,#3049);
#2692=LINE('',#6943,#3050);
#2693=LINE('',#6945,#3051);
#2694=LINE('',#6947,#3052);
#2695=LINE('',#6950,#3053);
#2696=LINE('',#6952,#3054);
#2697=LINE('',#6954,#3055);
#2698=LINE('',#6956,#3056);
#2699=LINE('',#6959,#3057);
#2700=LINE('',#6961,#3058);
#2701=LINE('',#6963,#3059);
#2702=LINE('',#6965,#3060);
#2703=LINE('',#6968,#3061);
#2704=LINE('',#6970,#3062);
#2705=LINE('',#6972,#3063);
#2706=LINE('',#6974,#3064);
#2707=LINE('',#6977,#3065);
#2708=LINE('',#6979,#3066);
#2709=LINE('',#6981,#3067);
#2710=LINE('',#6983,#3068);
#2711=LINE('',#6986,#3069);
#2712=LINE('',#6988,#3070);
#2713=LINE('',#6990,#3071);
#2714=LINE('',#6991,#3072);
#2715=LINE('',#6993,#3073);
#2716=LINE('',#6997,#3074);
#2717=LINE('',#6999,#3075);
#2718=LINE('',#7001,#3076);
#2719=LINE('',#7005,#3077);
#2720=LINE('',#7008,#3078);
#2721=LINE('',#7010,#3079);
#2722=LINE('',#7025,#3080);
#2723=LINE('',#7028,#3081);
#2724=LINE('',#7030,#3082);
#2725=LINE('',#7032,#3083);
#2726=LINE('',#7038,#3084);
#2727=LINE('',#7040,#3085);
#2728=LINE('',#7042,#3086);
#2729=LINE('',#7044,#3087);
#2730=LINE('',#7046,#3088);
#2731=LINE('',#7059,#3089);
#2732=VECTOR('',#4671,1.);
#2733=VECTOR('',#4672,1.);
#2734=VECTOR('',#4673,1.);
#2735=VECTOR('',#4674,1.);
#2736=VECTOR('',#4675,1.);
#2737=VECTOR('',#4676,1.);
#2738=VECTOR('',#4677,1.);
#2739=VECTOR('',#4678,1.);
#2740=VECTOR('',#4681,1.);
#2741=VECTOR('',#4682,1.);
#2742=VECTOR('',#4683,1.);
#2743=VECTOR('',#4686,1.);
#2744=VECTOR('',#4687,1.);
#2745=VECTOR('',#4688,1.);
#2746=VECTOR('',#4689,1.);
#2747=VECTOR('',#4690,1.);
#2748=VECTOR('',#4691,1.);
#2749=VECTOR('',#4692,1.);
#2750=VECTOR('',#4695,1.);
#2751=VECTOR('',#4696,1.);
#2752=VECTOR('',#4701,1.);
#2753=VECTOR('',#4704,1.);
#2754=VECTOR('',#4705,1.);
#2755=VECTOR('',#4708,1.);
#2756=VECTOR('',#4717,1.);
#2757=VECTOR('',#4718,1.);
#2758=VECTOR('',#4719,1.);
#2759=VECTOR('',#4720,1.);
#2760=VECTOR('',#4725,1.);
#2761=VECTOR('',#4730,1.);
#2762=VECTOR('',#4731,1.);
#2763=VECTOR('',#4732,1.);
#2764=VECTOR('',#4735,1.);
#2765=VECTOR('',#4736,1.);
#2766=VECTOR('',#4737,1.);
#2767=VECTOR('',#4738,1.);
#2768=VECTOR('',#4741,1.);
#2769=VECTOR('',#4742,1.);
#2770=VECTOR('',#4743,1.);
#2771=VECTOR('',#4746,1.);
#2772=VECTOR('',#4747,1.);
#2773=VECTOR('',#4748,1.);
#2774=VECTOR('',#4753,1.);
#2775=VECTOR('',#4756,1.);
#2776=VECTOR('',#4771,1.);
#2777=VECTOR('',#4772,1.);
#2778=VECTOR('',#4793,1.);
#2779=VECTOR('',#4794,1.);
#2780=VECTOR('',#4795,1.);
#2781=VECTOR('',#4796,1.);
#2782=VECTOR('',#4799,1.);
#2783=VECTOR('',#4800,1.);
#2784=VECTOR('',#4801,1.);
#2785=VECTOR('',#4802,1.);
#2786=VECTOR('',#4805,1.);
#2787=VECTOR('',#4806,1.);
#2788=VECTOR('',#4807,1.);
#2789=VECTOR('',#4810,1.);
#2790=VECTOR('',#4813,1.);
#2791=VECTOR('',#4816,1.);
#2792=VECTOR('',#4819,1.);
#2793=VECTOR('',#4822,1.);
#2794=VECTOR('',#4823,1.);
#2795=VECTOR('',#4824,1.);
#2796=VECTOR('',#4825,1.);
#2797=VECTOR('',#4826,1.);
#2798=VECTOR('',#4831,1.);
#2799=VECTOR('',#4832,1.);
#2800=VECTOR('',#4833,1.);
#2801=VECTOR('',#4836,1.);
#2802=VECTOR('',#4837,1.);
#2803=VECTOR('',#4840,1.);
#2804=VECTOR('',#4843,1.);
#2805=VECTOR('',#4844,1.);
#2806=VECTOR('',#4845,1.);
#2807=VECTOR('',#4846,1.);
#2808=VECTOR('',#4847,1.);
#2809=VECTOR('',#4850,1.);
#2810=VECTOR('',#4853,1.);
#2811=VECTOR('',#4856,1.);
#2812=VECTOR('',#4861,1.);
#2813=VECTOR('',#4862,1.);
#2814=VECTOR('',#4865,1.);
#2815=VECTOR('',#4866,1.);
#2816=VECTOR('',#4869,1.);
#2817=VECTOR('',#4870,1.);
#2818=VECTOR('',#4873,1.);
#2819=VECTOR('',#4874,1.);
#2820=VECTOR('',#4883,1.);
#2821=VECTOR('',#4884,1.);
#2822=VECTOR('',#4889,1.);
#2823=VECTOR('',#4894,1.);
#2824=VECTOR('',#4897,1.);
#2825=VECTOR('',#4902,1.);
#2826=VECTOR('',#4923,1.);
#2827=VECTOR('',#4924,1.);
#2828=VECTOR('',#4925,1.);
#2829=VECTOR('',#4926,1.);
#2830=VECTOR('',#4929,1.);
#2831=VECTOR('',#4930,1.);
#2832=VECTOR('',#4931,1.);
#2833=VECTOR('',#4932,1.);
#2834=VECTOR('',#4933,1.);
#2835=VECTOR('',#4934,1.);
#2836=VECTOR('',#4935,1.);
#2837=VECTOR('',#4936,1.);
#2838=VECTOR('',#4937,1.);
#2839=VECTOR('',#4938,1.);
#2840=VECTOR('',#4939,1.);
#2841=VECTOR('',#4940,1.);
#2842=VECTOR('',#4943,1.);
#2843=VECTOR('',#4944,1.);
#2844=VECTOR('',#4945,1.);
#2845=VECTOR('',#4946,1.);
#2846=VECTOR('',#4947,1.);
#2847=VECTOR('',#4948,1.);
#2848=VECTOR('',#4951,1.);
#2849=VECTOR('',#4952,1.);
#2850=VECTOR('',#4953,1.);
#2851=VECTOR('',#4954,1.);
#2852=VECTOR('',#4955,1.);
#2853=VECTOR('',#4956,1.);
#2854=VECTOR('',#4957,1.);
#2855=VECTOR('',#4958,1.);
#2856=VECTOR('',#4959,1.);
#2857=VECTOR('',#4960,1.);
#2858=VECTOR('',#4961,1.);
#2859=VECTOR('',#4964,1.);
#2860=VECTOR('',#4967,1.);
#2861=VECTOR('',#4968,1.);
#2862=VECTOR('',#4971,1.);
#2863=VECTOR('',#4972,1.);
#2864=VECTOR('',#4975,1.);
#2865=VECTOR('',#4976,1.);
#2866=VECTOR('',#4979,1.);
#2867=VECTOR('',#4980,1.);
#2868=VECTOR('',#4983,1.);
#2869=VECTOR('',#4984,1.);
#2870=VECTOR('',#4987,1.);
#2871=VECTOR('',#4990,1.);
#2872=VECTOR('',#4991,1.);
#2873=VECTOR('',#4992,1.);
#2874=VECTOR('',#4995,1.);
#2875=VECTOR('',#4996,1.);
#2876=VECTOR('',#4999,1.);
#2877=VECTOR('',#5002,1.);
#2878=VECTOR('',#5003,1.);
#2879=VECTOR('',#5004,1.);
#2880=VECTOR('',#5007,1.);
#2881=VECTOR('',#5018,1.);
#2882=VECTOR('',#5019,1.);
#2883=VECTOR('',#5026,1.);
#2884=VECTOR('',#5027,1.);
#2885=VECTOR('',#5028,1.);
#2886=VECTOR('',#5031,1.);
#2887=VECTOR('',#5032,1.);
#2888=VECTOR('',#5035,1.);
#2889=VECTOR('',#5036,1.);
#2890=VECTOR('',#5039,1.);
#2891=VECTOR('',#5042,1.);
#2892=VECTOR('',#5045,1.);
#2893=VECTOR('',#5052,1.);
#2894=VECTOR('',#5055,1.);
#2895=VECTOR('',#5060,1.);
#2896=VECTOR('',#5063,1.);
#2897=VECTOR('',#5068,1.);
#2898=VECTOR('',#5071,1.);
#2899=VECTOR('',#5084,1.);
#2900=VECTOR('',#5087,1.);
#2901=VECTOR('',#5090,1.);
#2902=VECTOR('',#5093,1.);
#2903=VECTOR('',#5096,1.);
#2904=VECTOR('',#5099,1.);
#2905=VECTOR('',#5102,1.);
#2906=VECTOR('',#5105,1.);
#2907=VECTOR('',#5108,1.);
#2908=VECTOR('',#5111,1.);
#2909=VECTOR('',#5114,1.);
#2910=VECTOR('',#5117,1.);
#2911=VECTOR('',#5120,1.);
#2912=VECTOR('',#5123,1.);
#2913=VECTOR('',#5126,1.);
#2914=VECTOR('',#5129,1.);
#2915=VECTOR('',#5132,1.);
#2916=VECTOR('',#5135,1.);
#2917=VECTOR('',#5138,1.);
#2918=VECTOR('',#5141,1.);
#2919=VECTOR('',#5144,1.);
#2920=VECTOR('',#5147,1.);
#2921=VECTOR('',#5150,1.);
#2922=VECTOR('',#5153,1.);
#2923=VECTOR('',#5156,1.);
#2924=VECTOR('',#5159,1.);
#2925=VECTOR('',#5162,1.);
#2926=VECTOR('',#5165,1.);
#2927=VECTOR('',#5168,1.);
#2928=VECTOR('',#5171,1.);
#2929=VECTOR('',#5174,1.);
#2930=VECTOR('',#5177,1.);
#2931=VECTOR('',#5180,1.);
#2932=VECTOR('',#5183,1.);
#2933=VECTOR('',#5186,1.);
#2934=VECTOR('',#5189,1.);
#2935=VECTOR('',#5192,1.);
#2936=VECTOR('',#5195,1.);
#2937=VECTOR('',#5198,1.);
#2938=VECTOR('',#5201,1.);
#2939=VECTOR('',#5342,1.);
#2940=VECTOR('',#5345,1.);
#2941=VECTOR('',#5348,1.);
#2942=VECTOR('',#5351,1.);
#2943=VECTOR('',#5356,1.);
#2944=VECTOR('',#5357,1.);
#2945=VECTOR('',#5358,1.);
#2946=VECTOR('',#5361,1.);
#2947=VECTOR('',#5366,1.);
#2948=VECTOR('',#5369,1.);
#2949=VECTOR('',#5374,1.);
#2950=VECTOR('',#5375,1.);
#2951=VECTOR('',#5378,1.);
#2952=VECTOR('',#5379,1.);
#2953=VECTOR('',#5382,1.);
#2954=VECTOR('',#5383,1.);
#2955=VECTOR('',#5398,1.);
#2956=VECTOR('',#5401,1.);
#2957=VECTOR('',#5404,1.);
#2958=VECTOR('',#5405,1.);
#2959=VECTOR('',#5406,1.);
#2960=VECTOR('',#5411,1.);
#2961=VECTOR('',#5422,1.);
#2962=VECTOR('',#5423,1.);
#2963=VECTOR('',#5442,1.);
#2964=VECTOR('',#5443,1.);
#2965=VECTOR('',#5444,1.);
#2966=VECTOR('',#5445,1.);
#2967=VECTOR('',#5448,1.);
#2968=VECTOR('',#5449,1.);
#2969=VECTOR('',#5450,1.);
#2970=VECTOR('',#5457,1.);
#2971=VECTOR('',#5458,1.);
#2972=VECTOR('',#5459,1.);
#2973=VECTOR('',#5462,1.);
#2974=VECTOR('',#5463,1.);
#2975=VECTOR('',#5476,1.);
#2976=VECTOR('',#5477,1.);
#2977=VECTOR('',#5478,1.);
#2978=VECTOR('',#5479,1.);
#2979=VECTOR('',#5480,1.);
#2980=VECTOR('',#5481,1.);
#2981=VECTOR('',#5482,1.);
#2982=VECTOR('',#5483,1.);
#2983=VECTOR('',#5486,1.);
#2984=VECTOR('',#5487,1.);
#2985=VECTOR('',#5488,1.);
#2986=VECTOR('',#5493,1.);
#2987=VECTOR('',#5496,1.);
#2988=VECTOR('',#5499,1.);
#2989=VECTOR('',#5500,1.);
#2990=VECTOR('',#5501,1.);
#2991=VECTOR('',#5502,1.);
#2992=VECTOR('',#5505,1.);
#2993=VECTOR('',#5506,1.);
#2994=VECTOR('',#5507,1.);
#2995=VECTOR('',#5508,1.);
#2996=VECTOR('',#5509,1.);
#2997=VECTOR('',#5510,1.);
#2998=VECTOR('',#5511,1.);
#2999=VECTOR('',#5514,1.);
#3000=VECTOR('',#5515,1.);
#3001=VECTOR('',#5530,1.);
#3002=VECTOR('',#5537,1.);
#3003=VECTOR('',#5538,1.);
#3004=VECTOR('',#5539,1.);
#3005=VECTOR('',#5544,1.);
#3006=VECTOR('',#5547,1.);
#3007=VECTOR('',#5550,1.);
#3008=VECTOR('',#5551,1.);
#3009=VECTOR('',#5552,1.);
#3010=VECTOR('',#5567,1.);
#3011=VECTOR('',#5586,1.);
#3012=VECTOR('',#5587,1.);
#3013=VECTOR('',#5588,1.);
#3014=VECTOR('',#5589,1.);
#3015=VECTOR('',#5592,1.);
#3016=VECTOR('',#5593,1.);
#3017=VECTOR('',#5594,1.);
#3018=VECTOR('',#5597,1.);
#3019=VECTOR('',#5598,1.);
#3020=VECTOR('',#5599,1.);
#3021=VECTOR('',#5602,1.);
#3022=VECTOR('',#5603,1.);
#3023=VECTOR('',#5604,1.);
#3024=VECTOR('',#5605,1.);
#3025=VECTOR('',#5608,1.);
#3026=VECTOR('',#5609,1.);
#3027=VECTOR('',#5610,1.);
#3028=VECTOR('',#5613,1.);
#3029=VECTOR('',#5614,1.);
#3030=VECTOR('',#5615,1.);
#3031=VECTOR('',#5618,1.);
#3032=VECTOR('',#5619,1.);
#3033=VECTOR('',#5622,1.);
#3034=VECTOR('',#5623,1.);
#3035=VECTOR('',#5634,1.);
#3036=VECTOR('',#5635,1.);
#3037=VECTOR('',#5636,1.);
#3038=VECTOR('',#5639,1.);
#3039=VECTOR('',#5642,1.);
#3040=VECTOR('',#5645,1.);
#3041=VECTOR('',#5646,1.);
#3042=VECTOR('',#5647,1.);
#3043=VECTOR('',#5648,1.);
#3044=VECTOR('',#5651,1.);
#3045=VECTOR('',#5652,1.);
#3046=VECTOR('',#5653,1.);
#3047=VECTOR('',#5654,1.);
#3048=VECTOR('',#5657,1.);
#3049=VECTOR('',#5658,1.);
#3050=VECTOR('',#5659,1.);
#3051=VECTOR('',#5660,1.);
#3052=VECTOR('',#5663,1.);
#3053=VECTOR('',#5664,1.);
#3054=VECTOR('',#5665,1.);
#3055=VECTOR('',#5666,1.);
#3056=VECTOR('',#5669,1.);
#3057=VECTOR('',#5670,1.);
#3058=VECTOR('',#5671,1.);
#3059=VECTOR('',#5672,1.);
#3060=VECTOR('',#5675,1.);
#3061=VECTOR('',#5676,1.);
#3062=VECTOR('',#5677,1.);
#3063=VECTOR('',#5678,1.);
#3064=VECTOR('',#5681,1.);
#3065=VECTOR('',#5682,1.);
#3066=VECTOR('',#5683,1.);
#3067=VECTOR('',#5684,1.);
#3068=VECTOR('',#5687,1.);
#3069=VECTOR('',#5688,1.);
#3070=VECTOR('',#5689,1.);
#3071=VECTOR('',#5690,1.);
#3072=VECTOR('',#5691,1.);
#3073=VECTOR('',#5694,1.);
#3074=VECTOR('',#5699,1.);
#3075=VECTOR('',#5700,1.);
#3076=VECTOR('',#5703,1.);
#3077=VECTOR('',#5708,1.);
#3078=VECTOR('',#5709,1.);
#3079=VECTOR('',#5710,1.);
#3080=VECTOR('',#5737,1.);
#3081=VECTOR('',#5738,1.);
#3082=VECTOR('',#5739,1.);
#3083=VECTOR('',#5740,1.);
#3084=VECTOR('',#5747,1.);
#3085=VECTOR('',#5750,1.);
#3086=VECTOR('',#5751,1.);
#3087=VECTOR('',#5752,1.);
#3088=VECTOR('',#5755,1.);
#3089=VECTOR('',#5778,1.);
#3090=EDGE_LOOP('',(#364,#365,#366,#367,#368,#369,#370,#371));
#3091=EDGE_LOOP('',(#372,#373,#374,#375));
#3092=EDGE_LOOP('',(#376,#377,#378,#379,#380,#381,#382,#383));
#3093=EDGE_LOOP('',(#384,#385,#386,#387));
#3094=EDGE_LOOP('',(#388,#389,#390,#391));
#3095=EDGE_LOOP('',(#392,#393,#394,#395));
#3096=EDGE_LOOP('',(#396,#397,#398,#399));
#3097=EDGE_LOOP('',(#400,#401,#402,#403));
#3098=EDGE_LOOP('',(#404,#405,#406,#407));
#3099=EDGE_LOOP('',(#408,#409,#410,#411));
#3100=EDGE_LOOP('',(#412,#413,#414,#415));
#3101=EDGE_LOOP('',(#416,#417,#418,#419));
#3102=EDGE_LOOP('',(#420,#421,#422,#423));
#3103=EDGE_LOOP('',(#424,#425,#426,#427));
#3104=EDGE_LOOP('',(#428,#429,#430,#431));
#3105=EDGE_LOOP('',(#432,#433,#434,#435));
#3106=EDGE_LOOP('',(#436,#437,#438,#439));
#3107=EDGE_LOOP('',(#440));
#3108=EDGE_LOOP('',(#441));
#3109=EDGE_LOOP('',(#442,#443,#444,#445));
#3110=EDGE_LOOP('',(#446,#447,#448,#449));
#3111=EDGE_LOOP('',(#450));
#3112=EDGE_LOOP('',(#451));
#3113=EDGE_LOOP('',(#452,#453));
#3114=EDGE_LOOP('',(#454,#455,#456,#457,#458,#459,#460,#461));
#3115=EDGE_LOOP('',(#462));
#3116=EDGE_LOOP('',(#463));
#3117=EDGE_LOOP('',(#464,#465));
#3118=EDGE_LOOP('',(#466,#467,#468,#469,#470,#471,#472,#473));
#3119=EDGE_LOOP('',(#474));
#3120=EDGE_LOOP('',(#475));
#3121=EDGE_LOOP('',(#476,#477,#478,#479));
#3122=EDGE_LOOP('',(#480,#481,#482,#483));
#3123=EDGE_LOOP('',(#484,#485,#486,#487));
#3124=EDGE_LOOP('',(#488,#489,#490,#491));
#3125=EDGE_LOOP('',(#492,#493,#494,#495,#496,#497,#498,#499,#500,#501,#502,
#503,#504,#505,#506,#507));
#3126=EDGE_LOOP('',(#508,#509,#510,#511));
#3127=EDGE_LOOP('',(#512,#513,#514,#515));
#3128=EDGE_LOOP('',(#516,#517,#518,#519,#520,#521,#522,#523,#524,#525,#526,
#527,#528,#529,#530,#531));
#3129=EDGE_LOOP('',(#532,#533,#534,#535));
#3130=EDGE_LOOP('',(#536,#537,#538,#539));
#3131=EDGE_LOOP('',(#540,#541,#542,#543));
#3132=EDGE_LOOP('',(#544,#545,#546,#547));
#3133=EDGE_LOOP('',(#548,#549,#550,#551));
#3134=EDGE_LOOP('',(#552));
#3135=EDGE_LOOP('',(#553));
#3136=EDGE_LOOP('',(#554,#555,#556,#557));
#3137=EDGE_LOOP('',(#558,#559,#560,#561));
#3138=EDGE_LOOP('',(#562,#563,#564,#565));
#3139=EDGE_LOOP('',(#566));
#3140=EDGE_LOOP('',(#567,#568,#569,#570));
#3141=EDGE_LOOP('',(#571,#572,#573,#574));
#3142=EDGE_LOOP('',(#575));
#3143=EDGE_LOOP('',(#576,#577,#578,#579));
#3144=EDGE_LOOP('',(#580,#581,#582,#583));
#3145=EDGE_LOOP('',(#584,#585,#586,#587));
#3146=EDGE_LOOP('',(#588,#589,#590,#591));
#3147=EDGE_LOOP('',(#592,#593,#594,#595));
#3148=EDGE_LOOP('',(#596,#597,#598,#599));
#3149=EDGE_LOOP('',(#600,#601,#602,#603));
#3150=EDGE_LOOP('',(#604));
#3151=EDGE_LOOP('',(#605));
#3152=EDGE_LOOP('',(#606));
#3153=EDGE_LOOP('',(#607));
#3154=EDGE_LOOP('',(#608,#609,#610,#611));
#3155=EDGE_LOOP('',(#612,#613,#614,#615,#616,#617,#618,#619,#620,#621,#622,
#623,#624));
#3156=EDGE_LOOP('',(#625,#626,#627,#628));
#3157=EDGE_LOOP('',(#629,#630,#631,#632));
#3158=EDGE_LOOP('',(#633,#634,#635,#636,#637,#638,#639,#640,#641,#642,#643,
#644,#645));
#3159=EDGE_LOOP('',(#646,#647,#648,#649));
#3160=EDGE_LOOP('',(#650,#651,#652,#653,#654,#655,#656,#657));
#3161=EDGE_LOOP('',(#658,#659,#660,#661));
#3162=EDGE_LOOP('',(#662,#663,#664,#665,#666,#667,#668,#669));
#3163=EDGE_LOOP('',(#670,#671,#672,#673,#674,#675,#676,#677));
#3164=EDGE_LOOP('',(#678,#679,#680,#681));
#3165=EDGE_LOOP('',(#682,#683,#684,#685));
#3166=EDGE_LOOP('',(#686,#687,#688,#689,#690,#691,#692,#693));
#3167=EDGE_LOOP('',(#694,#695,#696,#697,#698,#699));
#3168=EDGE_LOOP('',(#700,#701,#702,#703,#704));
#3169=EDGE_LOOP('',(#705,#706,#707));
#3170=EDGE_LOOP('',(#708,#709,#710,#711));
#3171=EDGE_LOOP('',(#712,#713,#714,#715));
#3172=EDGE_LOOP('',(#716,#717,#718,#719));
#3173=EDGE_LOOP('',(#720,#721,#722,#723));
#3174=EDGE_LOOP('',(#724,#725,#726,#727));
#3175=EDGE_LOOP('',(#728,#729,#730,#731));
#3176=EDGE_LOOP('',(#732,#733,#734));
#3177=EDGE_LOOP('',(#735,#736,#737,#738));
#3178=EDGE_LOOP('',(#739,#740,#741,#742));
#3179=EDGE_LOOP('',(#743,#744,#745,#746));
#3180=EDGE_LOOP('',(#747,#748,#749,#750));
#3181=EDGE_LOOP('',(#751,#752,#753,#754));
#3182=EDGE_LOOP('',(#755,#756,#757,#758));
#3183=EDGE_LOOP('',(#759,#760,#761,#762,#763,#764,#765));
#3184=EDGE_LOOP('',(#766,#767,#768,#769));
#3185=EDGE_LOOP('',(#770,#771,#772,#773));
#3186=EDGE_LOOP('',(#774,#775));
#3187=EDGE_LOOP('',(#776));
#3188=EDGE_LOOP('',(#777,#778,#779,#780,#781,#782,#783,#784,#785,#786,#787,
#788,#789,#790,#791,#792,#793,#794,#795,#796,#797,#798,#799,#800,#801,#802,
#803,#804,#805,#806,#807,#808,#809,#810,#811,#812,#813,#814,#815,#816,#817,
#818,#819,#820,#821,#822,#823,#824,#825,#826,#827,#828,#829,#830,#831,#832,
#833,#834,#835,#836,#837,#838,#839,#840,#841,#842,#843,#844,#845,#846,#847,
#848,#849,#850,#851,#852,#853,#854,#855,#856));
#3189=EDGE_LOOP('',(#857));
#3190=EDGE_LOOP('',(#858,#859));
#3191=EDGE_LOOP('',(#860,#861,#862,#863,#864));
#3192=EDGE_LOOP('',(#865));
#3193=EDGE_LOOP('',(#866,#867,#868,#869,#870,#871,#872,#873,#874,#875,#876,
#877,#878,#879,#880,#881,#882,#883,#884,#885,#886,#887,#888,#889,#890,#891,
#892,#893,#894,#895,#896,#897,#898,#899,#900,#901,#902,#903,#904,#905,#906));
#3194=EDGE_LOOP('',(#907,#908,#909,#910));
#3195=EDGE_LOOP('',(#911,#912));
#3196=EDGE_LOOP('',(#913,#914,#915,#916));
#3197=EDGE_LOOP('',(#917,#918));
#3198=EDGE_LOOP('',(#919,#920,#921,#922));
#3199=EDGE_LOOP('',(#923,#924));
#3200=EDGE_LOOP('',(#925,#926,#927,#928));
#3201=EDGE_LOOP('',(#929,#930));
#3202=EDGE_LOOP('',(#931,#932,#933,#934));
#3203=EDGE_LOOP('',(#935,#936));
#3204=EDGE_LOOP('',(#937,#938,#939,#940));
#3205=EDGE_LOOP('',(#941,#942));
#3206=EDGE_LOOP('',(#943,#944,#945,#946));
#3207=EDGE_LOOP('',(#947,#948));
#3208=EDGE_LOOP('',(#949,#950,#951,#952));
#3209=EDGE_LOOP('',(#953,#954));
#3210=EDGE_LOOP('',(#955,#956,#957,#958));
#3211=EDGE_LOOP('',(#959,#960));
#3212=EDGE_LOOP('',(#961,#962,#963,#964));
#3213=EDGE_LOOP('',(#965,#966));
#3214=EDGE_LOOP('',(#967,#968,#969,#970));
#3215=EDGE_LOOP('',(#971,#972));
#3216=EDGE_LOOP('',(#973,#974,#975,#976));
#3217=EDGE_LOOP('',(#977,#978));
#3218=EDGE_LOOP('',(#979,#980,#981,#982));
#3219=EDGE_LOOP('',(#983,#984));
#3220=EDGE_LOOP('',(#985,#986,#987,#988));
#3221=EDGE_LOOP('',(#989,#990));
#3222=EDGE_LOOP('',(#991,#992,#993,#994));
#3223=EDGE_LOOP('',(#995,#996));
#3224=EDGE_LOOP('',(#997,#998,#999,#1000));
#3225=EDGE_LOOP('',(#1001,#1002));
#3226=EDGE_LOOP('',(#1003,#1004,#1005,#1006));
#3227=EDGE_LOOP('',(#1007,#1008));
#3228=EDGE_LOOP('',(#1009,#1010,#1011,#1012));
#3229=EDGE_LOOP('',(#1013,#1014));
#3230=EDGE_LOOP('',(#1015,#1016,#1017,#1018));
#3231=EDGE_LOOP('',(#1019,#1020));
#3232=EDGE_LOOP('',(#1021));
#3233=EDGE_LOOP('',(#1022));
#3234=EDGE_LOOP('',(#1023));
#3235=EDGE_LOOP('',(#1024));
#3236=EDGE_LOOP('',(#1025));
#3237=EDGE_LOOP('',(#1026,#1027,#1028,#1029,#1030,#1031,#1032,#1033));
#3238=EDGE_LOOP('',(#1034,#1035,#1036,#1037));
#3239=EDGE_LOOP('',(#1038,#1039,#1040,#1041,#1042,#1043,#1044,#1045));
#3240=EDGE_LOOP('',(#1046,#1047,#1048,#1049));
#3241=EDGE_LOOP('',(#1050,#1051,#1052,#1053));
#3242=EDGE_LOOP('',(#1054,#1055,#1056,#1057));
#3243=EDGE_LOOP('',(#1058,#1059,#1060,#1061));
#3244=EDGE_LOOP('',(#1062,#1063,#1064,#1065));
#3245=EDGE_LOOP('',(#1066,#1067,#1068,#1069));
#3246=EDGE_LOOP('',(#1070,#1071,#1072,#1073));
#3247=EDGE_LOOP('',(#1074,#1075,#1076,#1077));
#3248=EDGE_LOOP('',(#1078,#1079,#1080,#1081));
#3249=EDGE_LOOP('',(#1082,#1083,#1084,#1085));
#3250=EDGE_LOOP('',(#1086));
#3251=EDGE_LOOP('',(#1087));
#3252=EDGE_LOOP('',(#1088,#1089,#1090,#1091));
#3253=EDGE_LOOP('',(#1092));
#3254=EDGE_LOOP('',(#1093));
#3255=EDGE_LOOP('',(#1094,#1095,#1096,#1097));
#3256=EDGE_LOOP('',(#1098));
#3257=EDGE_LOOP('',(#1099));
#3258=EDGE_LOOP('',(#1100,#1101,#1102,#1103));
#3259=EDGE_LOOP('',(#1104));
#3260=EDGE_LOOP('',(#1105));
#3261=EDGE_LOOP('',(#1106));
#3262=EDGE_LOOP('',(#1107));
#3263=EDGE_LOOP('',(#1108,#1109,#1110,#1111));
#3264=EDGE_LOOP('',(#1112,#1113,#1114,#1115));
#3265=EDGE_LOOP('',(#1116));
#3266=EDGE_LOOP('',(#1117));
#3267=EDGE_LOOP('',(#1118,#1119,#1120,#1121));
#3268=EDGE_LOOP('',(#1122,#1123,#1124,#1125));
#3269=EDGE_LOOP('',(#1126,#1127,#1128,#1129));
#3270=EDGE_LOOP('',(#1130,#1131,#1132,#1133));
#3271=EDGE_LOOP('',(#1134));
#3272=EDGE_LOOP('',(#1135));
#3273=EDGE_LOOP('',(#1136));
#3274=EDGE_LOOP('',(#1137));
#3275=EDGE_LOOP('',(#1138,#1139,#1140,#1141,#1142,#1143,#1144,#1145));
#3276=EDGE_LOOP('',(#1146,#1147,#1148,#1149));
#3277=EDGE_LOOP('',(#1150,#1151,#1152,#1153));
#3278=EDGE_LOOP('',(#1154,#1155,#1156,#1157));
#3279=EDGE_LOOP('',(#1158,#1159,#1160,#1161,#1162,#1163,#1164,#1165));
#3280=EDGE_LOOP('',(#1166,#1167,#1168,#1169));
#3281=EDGE_LOOP('',(#1170));
#3282=EDGE_LOOP('',(#1171));
#3283=EDGE_LOOP('',(#1172,#1173,#1174,#1175,#1176,#1177,#1178,#1179));
#3284=EDGE_LOOP('',(#1180));
#3285=EDGE_LOOP('',(#1181,#1182,#1183,#1184,#1185,#1186,#1187,#1188));
#3286=EDGE_LOOP('',(#1189));
#3287=EDGE_LOOP('',(#1190,#1191,#1192,#1193));
#3288=EDGE_LOOP('',(#1194,#1195,#1196,#1197));
#3289=EDGE_LOOP('',(#1198,#1199,#1200,#1201));
#3290=EDGE_LOOP('',(#1202));
#3291=EDGE_LOOP('',(#1203));
#3292=EDGE_LOOP('',(#1204,#1205,#1206,#1207,#1208,#1209,#1210,#1211));
#3293=EDGE_LOOP('',(#1212));
#3294=EDGE_LOOP('',(#1213,#1214,#1215,#1216,#1217,#1218,#1219,#1220));
#3295=EDGE_LOOP('',(#1221));
#3296=EDGE_LOOP('',(#1222,#1223,#1224,#1225));
#3297=EDGE_LOOP('',(#1226,#1227,#1228,#1229));
#3298=EDGE_LOOP('',(#1230,#1231,#1232,#1233));
#3299=EDGE_LOOP('',(#1234,#1235,#1236,#1237));
#3300=EDGE_LOOP('',(#1238,#1239,#1240,#1241));
#3301=EDGE_LOOP('',(#1242,#1243,#1244,#1245));
#3302=EDGE_LOOP('',(#1246,#1247,#1248,#1249));
#3303=EDGE_LOOP('',(#1250,#1251,#1252,#1253));
#3304=EDGE_LOOP('',(#1254,#1255,#1256,#1257));
#3305=EDGE_LOOP('',(#1258,#1259,#1260,#1261));
#3306=EDGE_LOOP('',(#1262,#1263,#1264,#1265));
#3307=EDGE_LOOP('',(#1266,#1267,#1268,#1269));
#3308=EDGE_LOOP('',(#1270,#1271,#1272,#1273));
#3309=EDGE_LOOP('',(#1274,#1275,#1276,#1277));
#3310=EDGE_LOOP('',(#1278,#1279,#1280,#1281));
#3311=EDGE_LOOP('',(#1282,#1283,#1284,#1285));
#3312=EDGE_LOOP('',(#1286,#1287,#1288,#1289));
#3313=EDGE_LOOP('',(#1290));
#3314=EDGE_LOOP('',(#1291,#1292,#1293,#1294,#1295,#1296,#1297));
#3315=EDGE_LOOP('',(#1298,#1299,#1300,#1301));
#3316=EDGE_LOOP('',(#1302,#1303,#1304,#1305));
#3317=EDGE_LOOP('',(#1306,#1307,#1308,#1309));
#3318=EDGE_LOOP('',(#1310,#1311,#1312,#1313));
#3319=EDGE_LOOP('',(#1314,#1315,#1316,#1317));
#3320=EDGE_LOOP('',(#1318,#1319,#1320,#1321));
#3321=EDGE_LOOP('',(#1322,#1323,#1324,#1325));
#3322=EDGE_LOOP('',(#1326,#1327,#1328,#1329,#1330,#1331));
#3323=EDGE_LOOP('',(#1332,#1333,#1334,#1335));
#3324=EDGE_LOOP('',(#1336,#1337,#1338,#1339));
#3325=EDGE_LOOP('',(#1340,#1341,#1342,#1343));
#3326=EDGE_LOOP('',(#1344,#1345,#1346,#1347,#1348,#1349));
#3327=EDGE_LOOP('',(#1350));
#3328=EDGE_LOOP('',(#1351));
#3329=EDGE_LOOP('',(#1352,#1353,#1354,#1355,#1356,#1357,#1358,#1359,#1360,
#1361,#1362,#1363,#1364,#1365,#1366,#1367,#1368,#1369,#1370,#1371));
#3330=EDGE_LOOP('',(#1372));
#3331=EDGE_LOOP('',(#1373,#1374,#1375,#1376));
#3332=EDGE_LOOP('',(#1377,#1378,#1379,#1380));
#3333=EDGE_LOOP('',(#1381,#1382,#1383,#1384));
#3334=EDGE_LOOP('',(#1385,#1386,#1387,#1388));
#3335=EDGE_LOOP('',(#1389,#1390,#1391,#1392));
#3336=EDGE_LOOP('',(#1393,#1394,#1395,#1396,#1397,#1398,#1399,#1400,#1401,
#1402,#1403,#1404,#1405,#1406,#1407,#1408,#1409,#1410,#1411));
#3337=EDGE_LOOP('',(#1412,#1413,#1414,#1415));
#3338=EDGE_LOOP('',(#1416,#1417,#1418,#1419));
#3339=EDGE_LOOP('',(#1420,#1421,#1422,#1423));
#3340=EDGE_LOOP('',(#1424,#1425,#1426,#1427));
#3341=EDGE_LOOP('',(#1428,#1429,#1430,#1431));
#3342=EDGE_LOOP('',(#1432,#1433,#1434,#1435));
#3343=EDGE_LOOP('',(#1436,#1437,#1438,#1439));
#3344=EDGE_LOOP('',(#1440,#1441,#1442,#1443));
#3345=EDGE_LOOP('',(#1444,#1445,#1446,#1447));
#3346=EDGE_LOOP('',(#1448,#1449,#1450,#1451));
#3347=EDGE_LOOP('',(#1452,#1453,#1454,#1455));
#3348=FACE_BOUND('',#3090,.T.);
#3349=FACE_BOUND('',#3091,.T.);
#3350=FACE_BOUND('',#3092,.T.);
#3351=FACE_BOUND('',#3093,.T.);
#3352=FACE_BOUND('',#3094,.T.);
#3353=FACE_BOUND('',#3095,.T.);
#3354=FACE_BOUND('',#3096,.T.);
#3355=FACE_BOUND('',#3097,.T.);
#3356=FACE_BOUND('',#3098,.T.);
#3357=FACE_BOUND('',#3099,.T.);
#3358=FACE_BOUND('',#3100,.T.);
#3359=FACE_BOUND('',#3101,.T.);
#3360=FACE_BOUND('',#3102,.T.);
#3361=FACE_BOUND('',#3103,.T.);
#3362=FACE_BOUND('',#3104,.T.);
#3363=FACE_BOUND('',#3105,.T.);
#3364=FACE_BOUND('',#3106,.T.);
#3365=FACE_BOUND('',#3107,.T.);
#3366=FACE_BOUND('',#3108,.T.);
#3367=FACE_BOUND('',#3109,.T.);
#3368=FACE_BOUND('',#3110,.T.);
#3369=FACE_BOUND('',#3111,.T.);
#3370=FACE_BOUND('',#3112,.T.);
#3371=FACE_BOUND('',#3113,.T.);
#3372=FACE_BOUND('',#3114,.T.);
#3373=FACE_BOUND('',#3115,.T.);
#3374=FACE_BOUND('',#3116,.T.);
#3375=FACE_BOUND('',#3117,.T.);
#3376=FACE_BOUND('',#3118,.T.);
#3377=FACE_BOUND('',#3119,.T.);
#3378=FACE_BOUND('',#3120,.T.);
#3379=FACE_BOUND('',#3121,.T.);
#3380=FACE_BOUND('',#3122,.T.);
#3381=FACE_BOUND('',#3123,.T.);
#3382=FACE_BOUND('',#3124,.T.);
#3383=FACE_BOUND('',#3125,.T.);
#3384=FACE_BOUND('',#3126,.T.);
#3385=FACE_BOUND('',#3127,.T.);
#3386=FACE_BOUND('',#3128,.T.);
#3387=FACE_BOUND('',#3129,.T.);
#3388=FACE_BOUND('',#3130,.T.);
#3389=FACE_BOUND('',#3131,.T.);
#3390=FACE_BOUND('',#3132,.T.);
#3391=FACE_BOUND('',#3133,.T.);
#3392=FACE_BOUND('',#3134,.T.);
#3393=FACE_BOUND('',#3135,.T.);
#3394=FACE_BOUND('',#3136,.T.);
#3395=FACE_BOUND('',#3137,.T.);
#3396=FACE_BOUND('',#3138,.T.);
#3397=FACE_BOUND('',#3139,.T.);
#3398=FACE_BOUND('',#3140,.T.);
#3399=FACE_BOUND('',#3141,.T.);
#3400=FACE_BOUND('',#3142,.T.);
#3401=FACE_BOUND('',#3143,.T.);
#3402=FACE_BOUND('',#3144,.T.);
#3403=FACE_BOUND('',#3145,.T.);
#3404=FACE_BOUND('',#3146,.T.);
#3405=FACE_BOUND('',#3147,.T.);
#3406=FACE_BOUND('',#3148,.T.);
#3407=FACE_BOUND('',#3149,.T.);
#3408=FACE_BOUND('',#3150,.T.);
#3409=FACE_BOUND('',#3151,.T.);
#3410=FACE_BOUND('',#3152,.T.);
#3411=FACE_BOUND('',#3153,.T.);
#3412=FACE_BOUND('',#3154,.T.);
#3413=FACE_BOUND('',#3155,.T.);
#3414=FACE_BOUND('',#3156,.T.);
#3415=FACE_BOUND('',#3157,.T.);
#3416=FACE_BOUND('',#3158,.T.);
#3417=FACE_BOUND('',#3159,.T.);
#3418=FACE_BOUND('',#3160,.T.);
#3419=FACE_BOUND('',#3161,.T.);
#3420=FACE_BOUND('',#3162,.T.);
#3421=FACE_BOUND('',#3163,.T.);
#3422=FACE_BOUND('',#3164,.T.);
#3423=FACE_BOUND('',#3165,.T.);
#3424=FACE_BOUND('',#3166,.T.);
#3425=FACE_BOUND('',#3167,.T.);
#3426=FACE_BOUND('',#3168,.T.);
#3427=FACE_BOUND('',#3169,.T.);
#3428=FACE_BOUND('',#3170,.T.);
#3429=FACE_BOUND('',#3171,.T.);
#3430=FACE_BOUND('',#3172,.T.);
#3431=FACE_BOUND('',#3173,.T.);
#3432=FACE_BOUND('',#3174,.T.);
#3433=FACE_BOUND('',#3175,.T.);
#3434=FACE_BOUND('',#3176,.T.);
#3435=FACE_BOUND('',#3177,.T.);
#3436=FACE_BOUND('',#3178,.T.);
#3437=FACE_BOUND('',#3179,.T.);
#3438=FACE_BOUND('',#3180,.T.);
#3439=FACE_BOUND('',#3181,.T.);
#3440=FACE_BOUND('',#3182,.T.);
#3441=FACE_BOUND('',#3183,.T.);
#3442=FACE_BOUND('',#3184,.T.);
#3443=FACE_BOUND('',#3185,.T.);
#3444=FACE_BOUND('',#3186,.T.);
#3445=FACE_BOUND('',#3187,.T.);
#3446=FACE_BOUND('',#3188,.T.);
#3447=FACE_BOUND('',#3189,.T.);
#3448=FACE_BOUND('',#3190,.T.);
#3449=FACE_BOUND('',#3191,.T.);
#3450=FACE_BOUND('',#3192,.T.);
#3451=FACE_BOUND('',#3193,.T.);
#3452=FACE_BOUND('',#3194,.T.);
#3453=FACE_BOUND('',#3195,.T.);
#3454=FACE_BOUND('',#3196,.T.);
#3455=FACE_BOUND('',#3197,.T.);
#3456=FACE_BOUND('',#3198,.T.);
#3457=FACE_BOUND('',#3199,.T.);
#3458=FACE_BOUND('',#3200,.T.);
#3459=FACE_BOUND('',#3201,.T.);
#3460=FACE_BOUND('',#3202,.T.);
#3461=FACE_BOUND('',#3203,.T.);
#3462=FACE_BOUND('',#3204,.T.);
#3463=FACE_BOUND('',#3205,.T.);
#3464=FACE_BOUND('',#3206,.T.);
#3465=FACE_BOUND('',#3207,.T.);
#3466=FACE_BOUND('',#3208,.T.);
#3467=FACE_BOUND('',#3209,.T.);
#3468=FACE_BOUND('',#3210,.T.);
#3469=FACE_BOUND('',#3211,.T.);
#3470=FACE_BOUND('',#3212,.T.);
#3471=FACE_BOUND('',#3213,.T.);
#3472=FACE_BOUND('',#3214,.T.);
#3473=FACE_BOUND('',#3215,.T.);
#3474=FACE_BOUND('',#3216,.T.);
#3475=FACE_BOUND('',#3217,.T.);
#3476=FACE_BOUND('',#3218,.T.);
#3477=FACE_BOUND('',#3219,.T.);
#3478=FACE_BOUND('',#3220,.T.);
#3479=FACE_BOUND('',#3221,.T.);
#3480=FACE_BOUND('',#3222,.T.);
#3481=FACE_BOUND('',#3223,.T.);
#3482=FACE_BOUND('',#3224,.T.);
#3483=FACE_BOUND('',#3225,.T.);
#3484=FACE_BOUND('',#3226,.T.);
#3485=FACE_BOUND('',#3227,.T.);
#3486=FACE_BOUND('',#3228,.T.);
#3487=FACE_BOUND('',#3229,.T.);
#3488=FACE_BOUND('',#3230,.T.);
#3489=FACE_BOUND('',#3231,.T.);
#3490=FACE_BOUND('',#3232,.T.);
#3491=FACE_BOUND('',#3233,.T.);
#3492=FACE_BOUND('',#3234,.T.);
#3493=FACE_BOUND('',#3235,.T.);
#3494=FACE_BOUND('',#3236,.T.);
#3495=FACE_BOUND('',#3237,.T.);
#3496=FACE_BOUND('',#3238,.T.);
#3497=FACE_BOUND('',#3239,.T.);
#3498=FACE_BOUND('',#3240,.T.);
#3499=FACE_BOUND('',#3241,.T.);
#3500=FACE_BOUND('',#3242,.T.);
#3501=FACE_BOUND('',#3243,.T.);
#3502=FACE_BOUND('',#3244,.T.);
#3503=FACE_BOUND('',#3245,.T.);
#3504=FACE_BOUND('',#3246,.T.);
#3505=FACE_BOUND('',#3247,.T.);
#3506=FACE_BOUND('',#3248,.T.);
#3507=FACE_BOUND('',#3249,.T.);
#3508=FACE_BOUND('',#3250,.T.);
#3509=FACE_BOUND('',#3251,.T.);
#3510=FACE_BOUND('',#3252,.T.);
#3511=FACE_BOUND('',#3253,.T.);
#3512=FACE_BOUND('',#3254,.T.);
#3513=FACE_BOUND('',#3255,.T.);
#3514=FACE_BOUND('',#3256,.T.);
#3515=FACE_BOUND('',#3257,.T.);
#3516=FACE_BOUND('',#3258,.T.);
#3517=FACE_BOUND('',#3259,.T.);
#3518=FACE_BOUND('',#3260,.T.);
#3519=FACE_BOUND('',#3261,.T.);
#3520=FACE_BOUND('',#3262,.T.);
#3521=FACE_BOUND('',#3263,.T.);
#3522=FACE_BOUND('',#3264,.T.);
#3523=FACE_BOUND('',#3265,.T.);
#3524=FACE_BOUND('',#3266,.T.);
#3525=FACE_BOUND('',#3267,.T.);
#3526=FACE_BOUND('',#3268,.T.);
#3527=FACE_BOUND('',#3269,.T.);
#3528=FACE_BOUND('',#3270,.T.);
#3529=FACE_BOUND('',#3271,.T.);
#3530=FACE_BOUND('',#3272,.T.);
#3531=FACE_BOUND('',#3273,.T.);
#3532=FACE_BOUND('',#3274,.T.);
#3533=FACE_BOUND('',#3275,.T.);
#3534=FACE_BOUND('',#3276,.T.);
#3535=FACE_BOUND('',#3277,.T.);
#3536=FACE_BOUND('',#3278,.T.);
#3537=FACE_BOUND('',#3279,.T.);
#3538=FACE_BOUND('',#3280,.T.);
#3539=FACE_BOUND('',#3281,.T.);
#3540=FACE_BOUND('',#3282,.T.);
#3541=FACE_BOUND('',#3283,.T.);
#3542=FACE_BOUND('',#3284,.T.);
#3543=FACE_BOUND('',#3285,.T.);
#3544=FACE_BOUND('',#3286,.T.);
#3545=FACE_BOUND('',#3287,.T.);
#3546=FACE_BOUND('',#3288,.T.);
#3547=FACE_BOUND('',#3289,.T.);
#3548=FACE_BOUND('',#3290,.T.);
#3549=FACE_BOUND('',#3291,.T.);
#3550=FACE_BOUND('',#3292,.T.);
#3551=FACE_BOUND('',#3293,.T.);
#3552=FACE_BOUND('',#3294,.T.);
#3553=FACE_BOUND('',#3295,.T.);
#3554=FACE_BOUND('',#3296,.T.);
#3555=FACE_BOUND('',#3297,.T.);
#3556=FACE_BOUND('',#3298,.T.);
#3557=FACE_BOUND('',#3299,.T.);
#3558=FACE_BOUND('',#3300,.T.);
#3559=FACE_BOUND('',#3301,.T.);
#3560=FACE_BOUND('',#3302,.T.);
#3561=FACE_BOUND('',#3303,.T.);
#3562=FACE_BOUND('',#3304,.T.);
#3563=FACE_BOUND('',#3305,.T.);
#3564=FACE_BOUND('',#3306,.T.);
#3565=FACE_BOUND('',#3307,.T.);
#3566=FACE_BOUND('',#3308,.T.);
#3567=FACE_BOUND('',#3309,.T.);
#3568=FACE_BOUND('',#3310,.T.);
#3569=FACE_BOUND('',#3311,.T.);
#3570=FACE_BOUND('',#3312,.T.);
#3571=FACE_BOUND('',#3313,.T.);
#3572=FACE_BOUND('',#3314,.T.);
#3573=FACE_BOUND('',#3315,.T.);
#3574=FACE_BOUND('',#3316,.T.);
#3575=FACE_BOUND('',#3317,.T.);
#3576=FACE_BOUND('',#3318,.T.);
#3577=FACE_BOUND('',#3319,.T.);
#3578=FACE_BOUND('',#3320,.T.);
#3579=FACE_BOUND('',#3321,.T.);
#3580=FACE_BOUND('',#3322,.T.);
#3581=FACE_BOUND('',#3323,.T.);
#3582=FACE_BOUND('',#3324,.T.);
#3583=FACE_BOUND('',#3325,.T.);
#3584=FACE_BOUND('',#3326,.T.);
#3585=FACE_BOUND('',#3327,.T.);
#3586=FACE_BOUND('',#3328,.T.);
#3587=FACE_BOUND('',#3329,.T.);
#3588=FACE_BOUND('',#3330,.T.);
#3589=FACE_BOUND('',#3331,.T.);
#3590=FACE_BOUND('',#3332,.T.);
#3591=FACE_BOUND('',#3333,.T.);
#3592=FACE_BOUND('',#3334,.T.);
#3593=FACE_BOUND('',#3335,.T.);
#3594=FACE_BOUND('',#3336,.T.);
#3595=FACE_BOUND('',#3337,.T.);
#3596=FACE_BOUND('',#3338,.T.);
#3597=FACE_BOUND('',#3339,.T.);
#3598=FACE_BOUND('',#3340,.T.);
#3599=FACE_BOUND('',#3341,.T.);
#3600=FACE_BOUND('',#3342,.T.);
#3601=FACE_BOUND('',#3343,.T.);
#3602=FACE_BOUND('',#3344,.T.);
#3603=FACE_BOUND('',#3345,.T.);
#3604=FACE_BOUND('',#3346,.T.);
#3605=FACE_BOUND('',#3347,.T.);
#3606=PLANE('',#4278);
#3607=PLANE('',#4279);
#3608=PLANE('',#4280);
#3609=PLANE('',#4281);
#3610=PLANE('',#4282);
#3611=PLANE('',#4283);
#3612=PLANE('',#4284);
#3613=PLANE('',#4285);
#3614=PLANE('',#4286);
#3615=PLANE('',#4287);
#3616=PLANE('',#4289);
#3617=PLANE('',#4293);
#3618=PLANE('',#4294);
#3619=PLANE('',#4295);
#3620=PLANE('',#4296);
#3621=PLANE('',#4306);
#3622=PLANE('',#4310);
#3623=PLANE('',#4312);
#3624=PLANE('',#4316);
#3625=PLANE('',#4317);
#3626=PLANE('',#4318);
#3627=PLANE('',#4325);
#3628=PLANE('',#4326);
#3629=PLANE('',#4333);
#3630=PLANE('',#4334);
#3631=PLANE('',#4335);
#3632=PLANE('',#4336);
#3633=PLANE('',#4337);
#3634=PLANE('',#4338);
#3635=PLANE('',#4341);
#3636=PLANE('',#4342);
#3637=PLANE('',#4343);
#3638=PLANE('',#4345);
#3639=PLANE('',#4346);
#3640=PLANE('',#4357);
#3641=PLANE('',#4358);
#3642=PLANE('',#4359);
#3643=PLANE('',#4360);
#3644=PLANE('',#4361);
#3645=PLANE('',#4362);
#3646=PLANE('',#4364);
#3647=PLANE('',#4365);
#3648=PLANE('',#4367);
#3649=PLANE('',#4369);
#3650=PLANE('',#4370);
#3651=PLANE('',#4371);
#3652=PLANE('',#4373);
#3653=PLANE('',#4377);
#3654=PLANE('',#4378);
#3655=PLANE('',#4380);
#3656=PLANE('',#4381);
#3657=PLANE('',#4382);
#3658=PLANE('',#4383);
#3659=PLANE('',#4384);
#3660=PLANE('',#4385);
#3661=PLANE('',#4386);
#3662=PLANE('',#4388);
#3663=PLANE('',#4390);
#3664=PLANE('',#4391);
#3665=PLANE('',#4393);
#3666=PLANE('',#4398);
#3667=PLANE('',#4399);
#3668=PLANE('',#4442);
#3669=PLANE('',#4449);
#3670=PLANE('',#4452);
#3671=PLANE('',#4455);
#3672=PLANE('',#4458);
#3673=PLANE('',#4461);
#3674=PLANE('',#4464);
#3675=PLANE('',#4467);
#3676=PLANE('',#4470);
#3677=PLANE('',#4473);
#3678=PLANE('',#4476);
#3679=PLANE('',#4479);
#3680=PLANE('',#4482);
#3681=PLANE('',#4485);
#3682=PLANE('',#4488);
#3683=PLANE('',#4491);
#3684=PLANE('',#4494);
#3685=PLANE('',#4497);
#3686=PLANE('',#4500);
#3687=PLANE('',#4503);
#3688=PLANE('',#4504);
#3689=PLANE('',#4508);
#3690=PLANE('',#4510);
#3691=PLANE('',#4515);
#3692=PLANE('',#4516);
#3693=PLANE('',#4521);
#3694=PLANE('',#4522);
#3695=PLANE('',#4523);
#3696=PLANE('',#4532);
#3697=PLANE('',#4539);
#3698=PLANE('',#4543);
#3699=PLANE('',#4544);
#3700=PLANE('',#4546);
#3701=PLANE('',#4549);
#3702=PLANE('',#4550);
#3703=PLANE('',#4553);
#3704=PLANE('',#4554);
#3705=PLANE('',#4555);
#3706=PLANE('',#4559);
#3707=PLANE('',#4560);
#3708=PLANE('',#4564);
#3709=PLANE('',#4565);
#3710=PLANE('',#4566);
#3711=PLANE('',#4570);
#3712=PLANE('',#4573);
#3713=PLANE('',#4576);
#3714=PLANE('',#4580);
#3715=PLANE('',#4584);
#3716=PLANE('',#4587);
#3717=PLANE('',#4590);
#3718=PLANE('',#4596);
#3719=PLANE('',#4597);
#3720=PLANE('',#4598);
#3721=PLANE('',#4599);
#3722=PLANE('',#4600);
#3723=PLANE('',#4601);
#3724=PLANE('',#4602);
#3725=PLANE('',#4603);
#3726=PLANE('',#4604);
#3727=PLANE('',#4605);
#3728=PLANE('',#4607);
#3729=PLANE('',#4611);
#3730=PLANE('',#4612);
#3731=PLANE('',#4613);
#3732=PLANE('',#4614);
#3733=PLANE('',#4615);
#3734=PLANE('',#4616);
#3735=PLANE('',#4617);
#3736=PLANE('',#4618);
#3737=PLANE('',#4621);
#3738=PLANE('',#4624);
#3739=PLANE('',#4628);
#3740=PLANE('',#4637);
#3741=PLANE('',#4641);
#3742=PLANE('',#4642);
#3743=PLANE('',#4647);
#3744=PLANE('',#4656);
#3745=ADVANCED_FACE('',(#3348),#3606,.F.);
#3746=ADVANCED_FACE('',(#3349),#3607,.F.);
#3747=ADVANCED_FACE('',(#3350),#3608,.T.);
#3748=ADVANCED_FACE('',(#3351),#3609,.T.);
#3749=ADVANCED_FACE('',(#3352),#3610,.F.);
#3750=ADVANCED_FACE('',(#3353),#3611,.T.);
#3751=ADVANCED_FACE('',(#3354),#3612,.F.);
#3752=ADVANCED_FACE('',(#3355),#3613,.F.);
#3753=ADVANCED_FACE('',(#3356),#3614,.F.);
#3754=ADVANCED_FACE('',(#3357),#3615,.F.);
#3755=ADVANCED_FACE('',(#3358),#3616,.F.);
#3756=ADVANCED_FACE('',(#3359),#232,.T.);
#3757=ADVANCED_FACE('',(#3360),#3617,.T.);
#3758=ADVANCED_FACE('',(#3361),#3618,.F.);
#3759=ADVANCED_FACE('',(#3362),#3619,.F.);
#3760=ADVANCED_FACE('',(#3363),#3620,.T.);
#3761=ADVANCED_FACE('',(#3364),#233,.F.);
#3762=ADVANCED_FACE('',(#3365,#3366),#234,.F.);
#3763=ADVANCED_FACE('',(#3367),#235,.T.);
#3764=ADVANCED_FACE('',(#3368),#3621,.F.);
#3765=ADVANCED_FACE('',(#3369,#3370),#236,.F.);
#3766=ADVANCED_FACE('',(#3371,#3372,#3373,#3374),#3622,.T.);
#3767=ADVANCED_FACE('',(#3375,#3376,#3377,#3378),#3623,.F.);
#3768=ADVANCED_FACE('',(#3379),#237,.F.);
#3769=ADVANCED_FACE('',(#3380),#3624,.T.);
#3770=ADVANCED_FACE('',(#3381),#3625,.F.);
#3771=ADVANCED_FACE('',(#3382,#3383),#3626,.F.);
#3772=ADVANCED_FACE('',(#3384),#3627,.T.);
#3773=ADVANCED_FACE('',(#3385,#3386),#3628,.T.);
#3774=ADVANCED_FACE('',(#3387),#3629,.T.);
#3775=ADVANCED_FACE('',(#3388),#3630,.F.);
#3776=ADVANCED_FACE('',(#3389),#3631,.T.);
#3777=ADVANCED_FACE('',(#3390),#3632,.F.);
#3778=ADVANCED_FACE('',(#3391),#3633,.T.);
#3779=ADVANCED_FACE('',(#3392,#3393,#3394),#3634,.F.);
#3780=ADVANCED_FACE('',(#3395),#3635,.F.);
#3781=ADVANCED_FACE('',(#3396),#3636,.T.);
#3782=ADVANCED_FACE('',(#3397,#3398),#3637,.T.);
#3783=ADVANCED_FACE('',(#3399),#3638,.F.);
#3784=ADVANCED_FACE('',(#3400,#3401),#3639,.T.);
#3785=ADVANCED_FACE('',(#3402),#238,.F.);
#3786=ADVANCED_FACE('',(#3403),#239,.F.);
#3787=ADVANCED_FACE('',(#3404),#240,.T.);
#3788=ADVANCED_FACE('',(#3405),#241,.T.);
#3789=ADVANCED_FACE('',(#3406),#242,.T.);
#3790=ADVANCED_FACE('',(#3407),#243,.T.);
#3791=ADVANCED_FACE('',(#3408,#3409),#244,.F.);
#3792=ADVANCED_FACE('',(#3410,#3411),#245,.F.);
#3793=ADVANCED_FACE('',(#3412),#3640,.F.);
#3794=ADVANCED_FACE('',(#3413),#3641,.T.);
#3795=ADVANCED_FACE('',(#3414,#3415),#3642,.T.);
#3796=ADVANCED_FACE('',(#3416),#3643,.T.);
#3797=ADVANCED_FACE('',(#3417),#3644,.F.);
#3798=ADVANCED_FACE('',(#3418),#3645,.F.);
#3799=ADVANCED_FACE('',(#3419),#3646,.F.);
#3800=ADVANCED_FACE('',(#3420),#3647,.F.);
#3801=ADVANCED_FACE('',(#3421),#3648,.T.);
#3802=ADVANCED_FACE('',(#3422),#3649,.T.);
#3803=ADVANCED_FACE('',(#3423),#3650,.F.);
#3804=ADVANCED_FACE('',(#3424),#3651,.T.);
#3805=ADVANCED_FACE('',(#3425),#3652,.T.);
#3806=ADVANCED_FACE('',(#3426),#3653,.T.);
#3807=ADVANCED_FACE('',(#3427),#3654,.T.);
#3808=ADVANCED_FACE('',(#3428),#3655,.T.);
#3809=ADVANCED_FACE('',(#3429),#3656,.T.);
#3810=ADVANCED_FACE('',(#3430),#3657,.T.);
#3811=ADVANCED_FACE('',(#3431),#3658,.T.);
#3812=ADVANCED_FACE('',(#3432),#3659,.F.);
#3813=ADVANCED_FACE('',(#3433),#3660,.T.);
#3814=ADVANCED_FACE('',(#3434),#3661,.T.);
#3815=ADVANCED_FACE('',(#3435),#3662,.F.);
#3816=ADVANCED_FACE('',(#3436),#246,.F.);
#3817=ADVANCED_FACE('',(#3437),#3663,.T.);
#3818=ADVANCED_FACE('',(#3438),#3664,.T.);
#3819=ADVANCED_FACE('',(#3439),#247,.F.);
#3820=ADVANCED_FACE('',(#3440),#3665,.F.);
#3821=ADVANCED_FACE('',(#3441),#248,.T.);
#3822=ADVANCED_FACE('',(#3442),#249,.T.);
#3823=ADVANCED_FACE('',(#3443),#3666,.T.);
#3824=ADVANCED_FACE('',(#3444,#3445),#3667,.F.);
#3825=ADVANCED_FACE('',(#3446,#3447),#250,.T.);
#3826=ADVANCED_FACE('',(#3448),#3668,.T.);
#3827=ADVANCED_FACE('',(#3449),#251,.F.);
#3828=ADVANCED_FACE('',(#3450,#3451),#11,.T.);
#3829=ADVANCED_FACE('',(#3452),#252,.F.);
#3830=ADVANCED_FACE('',(#3453),#3669,.T.);
#3831=ADVANCED_FACE('',(#3454),#253,.F.);
#3832=ADVANCED_FACE('',(#3455),#3670,.T.);
#3833=ADVANCED_FACE('',(#3456),#254,.F.);
#3834=ADVANCED_FACE('',(#3457),#3671,.T.);
#3835=ADVANCED_FACE('',(#3458),#255,.F.);
#3836=ADVANCED_FACE('',(#3459),#3672,.T.);
#3837=ADVANCED_FACE('',(#3460),#256,.F.);
#3838=ADVANCED_FACE('',(#3461),#3673,.T.);
#3839=ADVANCED_FACE('',(#3462),#257,.F.);
#3840=ADVANCED_FACE('',(#3463),#3674,.T.);
#3841=ADVANCED_FACE('',(#3464),#258,.F.);
#3842=ADVANCED_FACE('',(#3465),#3675,.T.);
#3843=ADVANCED_FACE('',(#3466),#259,.F.);
#3844=ADVANCED_FACE('',(#3467),#3676,.T.);
#3845=ADVANCED_FACE('',(#3468),#260,.F.);
#3846=ADVANCED_FACE('',(#3469),#3677,.T.);
#3847=ADVANCED_FACE('',(#3470),#261,.F.);
#3848=ADVANCED_FACE('',(#3471),#3678,.T.);
#3849=ADVANCED_FACE('',(#3472),#262,.F.);
#3850=ADVANCED_FACE('',(#3473),#3679,.T.);
#3851=ADVANCED_FACE('',(#3474),#263,.F.);
#3852=ADVANCED_FACE('',(#3475),#3680,.T.);
#3853=ADVANCED_FACE('',(#3476),#264,.F.);
#3854=ADVANCED_FACE('',(#3477),#3681,.T.);
#3855=ADVANCED_FACE('',(#3478),#265,.F.);
#3856=ADVANCED_FACE('',(#3479),#3682,.T.);
#3857=ADVANCED_FACE('',(#3480),#266,.F.);
#3858=ADVANCED_FACE('',(#3481),#3683,.T.);
#3859=ADVANCED_FACE('',(#3482),#267,.F.);
#3860=ADVANCED_FACE('',(#3483),#3684,.T.);
#3861=ADVANCED_FACE('',(#3484),#268,.F.);
#3862=ADVANCED_FACE('',(#3485),#3685,.T.);
#3863=ADVANCED_FACE('',(#3486),#269,.F.);
#3864=ADVANCED_FACE('',(#3487),#3686,.T.);
#3865=ADVANCED_FACE('',(#3488),#270,.F.);
#3866=ADVANCED_FACE('',(#3489),#3687,.T.);
#3867=ADVANCED_FACE('',(#3490,#3491),#3688,.T.);
#3868=ADVANCED_FACE('',(#3492,#3493),#271,.F.);
#3869=ADVANCED_FACE('',(#3494),#3689,.F.);
#3870=ADVANCED_FACE('',(#3495),#3690,.T.);
#3871=ADVANCED_FACE('',(#3496),#3691,.F.);
#3872=ADVANCED_FACE('',(#3497),#3692,.F.);
#3873=ADVANCED_FACE('',(#3498),#3693,.T.);
#3874=ADVANCED_FACE('',(#3499),#3694,.T.);
#3875=ADVANCED_FACE('',(#3500),#3695,.F.);
#3876=ADVANCED_FACE('',(#3501),#272,.T.);
#3877=ADVANCED_FACE('',(#3502),#273,.T.);
#3878=ADVANCED_FACE('',(#3503),#274,.T.);
#3879=ADVANCED_FACE('',(#3504),#275,.T.);
#3880=ADVANCED_FACE('',(#3505),#276,.T.);
#3881=ADVANCED_FACE('',(#3506),#3696,.T.);
#3882=ADVANCED_FACE('',(#3507),#277,.T.);
#3883=ADVANCED_FACE('',(#3508,#3509),#278,.F.);
#3884=ADVANCED_FACE('',(#3510),#3697,.F.);
#3885=ADVANCED_FACE('',(#3511,#3512),#279,.F.);
#3886=ADVANCED_FACE('',(#3513,#3514,#3515),#3698,.T.);
#3887=ADVANCED_FACE('',(#3516,#3517,#3518),#3699,.F.);
#3888=ADVANCED_FACE('',(#3519,#3520,#3521),#3700,.F.);
#3889=ADVANCED_FACE('',(#3522),#3701,.F.);
#3890=ADVANCED_FACE('',(#3523,#3524,#3525),#3702,.T.);
#3891=ADVANCED_FACE('',(#3526),#3703,.T.);
#3892=ADVANCED_FACE('',(#3527),#3704,.F.);
#3893=ADVANCED_FACE('',(#3528),#3705,.T.);
#3894=ADVANCED_FACE('',(#3529,#3530),#280,.F.);
#3895=ADVANCED_FACE('',(#3531,#3532),#281,.F.);
#3896=ADVANCED_FACE('',(#3533),#3706,.T.);
#3897=ADVANCED_FACE('',(#3534),#3707,.T.);
#3898=ADVANCED_FACE('',(#3535),#282,.T.);
#3899=ADVANCED_FACE('',(#3536),#3708,.T.);
#3900=ADVANCED_FACE('',(#3537),#3709,.F.);
#3901=ADVANCED_FACE('',(#3538),#3710,.F.);
#3902=ADVANCED_FACE('',(#3539,#3540),#283,.F.);
#3903=ADVANCED_FACE('',(#3541,#3542),#3711,.F.);
#3904=ADVANCED_FACE('',(#3543,#3544),#3712,.T.);
#3905=ADVANCED_FACE('',(#3545),#3713,.F.);
#3906=ADVANCED_FACE('',(#3546),#284,.T.);
#3907=ADVANCED_FACE('',(#3547),#3714,.F.);
#3908=ADVANCED_FACE('',(#3548,#3549),#285,.F.);
#3909=ADVANCED_FACE('',(#3550,#3551),#3715,.T.);
#3910=ADVANCED_FACE('',(#3552,#3553),#3716,.F.);
#3911=ADVANCED_FACE('',(#3554),#3717,.F.);
#3912=ADVANCED_FACE('',(#3555),#286,.F.);
#3913=ADVANCED_FACE('',(#3556),#287,.F.);
#3914=ADVANCED_FACE('',(#3557),#288,.F.);
#3915=ADVANCED_FACE('',(#3558),#289,.F.);
#3916=ADVANCED_FACE('',(#3559),#3718,.F.);
#3917=ADVANCED_FACE('',(#3560),#3719,.F.);
#3918=ADVANCED_FACE('',(#3561),#3720,.T.);
#3919=ADVANCED_FACE('',(#3562),#3721,.F.);
#3920=ADVANCED_FACE('',(#3563),#3722,.F.);
#3921=ADVANCED_FACE('',(#3564),#3723,.T.);
#3922=ADVANCED_FACE('',(#3565),#3724,.T.);
#3923=ADVANCED_FACE('',(#3566),#3725,.T.);
#3924=ADVANCED_FACE('',(#3567,#3568),#3726,.T.);
#3925=ADVANCED_FACE('',(#3569,#3570),#3727,.F.);
#3926=ADVANCED_FACE('',(#3571,#3572),#3728,.F.);
#3927=ADVANCED_FACE('',(#3573),#3729,.T.);
#3928=ADVANCED_FACE('',(#3574),#3730,.F.);
#3929=ADVANCED_FACE('',(#3575),#3731,.F.);
#3930=ADVANCED_FACE('',(#3576),#3732,.T.);
#3931=ADVANCED_FACE('',(#3577),#3733,.T.);
#3932=ADVANCED_FACE('',(#3578),#3734,.T.);
#3933=ADVANCED_FACE('',(#3579),#3735,.F.);
#3934=ADVANCED_FACE('',(#3580),#3736,.F.);
#3935=ADVANCED_FACE('',(#3581),#290,.T.);
#3936=ADVANCED_FACE('',(#3582),#3737,.T.);
#3937=ADVANCED_FACE('',(#3583),#291,.T.);
#3938=ADVANCED_FACE('',(#3584),#3738,.T.);
#3939=ADVANCED_FACE('',(#3585,#3586),#292,.F.);
#3940=ADVANCED_FACE('',(#3587,#3588),#3739,.T.);
#3941=ADVANCED_FACE('',(#3589),#3740,.F.);
#3942=ADVANCED_FACE('',(#3590),#293,.F.);
#3943=ADVANCED_FACE('',(#3591),#3741,.T.);
#3944=ADVANCED_FACE('',(#3592),#3742,.F.);
#3945=ADVANCED_FACE('',(#3593),#294,.F.);
#3946=ADVANCED_FACE('',(#3594,#3595),#3743,.F.);
#3947=ADVANCED_FACE('',(#3596),#3744,.F.);
#3948=ADVANCED_FACE('',(#3597),#295,.T.);
#3949=ADVANCED_FACE('',(#3598),#296,.T.);
#3950=ADVANCED_FACE('',(#3599),#297,.T.);
#3951=ADVANCED_FACE('',(#3600),#298,.T.);
#3952=ADVANCED_FACE('',(#3601),#299,.F.);
#3953=ADVANCED_FACE('',(#3602),#300,.T.);
#3954=ADVANCED_FACE('',(#3603),#301,.F.);
#3955=ADVANCED_FACE('',(#3604),#302,.T.);
#3956=ADVANCED_FACE('',(#3605),#303,.F.);
#3957=CLOSED_SHELL('',(#3745,#3746,#3747,#3748,#3749,#3750,#3751,#3752,
#3753,#3754));
#3958=CLOSED_SHELL('',(#3755,#3756,#3757,#3758,#3759,#3760,#3761,#3762,
#3763,#3764,#3765,#3766,#3767,#3768));
#3959=CLOSED_SHELL('',(#3769,#3770,#3771,#3772,#3773,#3774,#3775,#3776,
#3777,#3778,#3779,#3780,#3781,#3782,#3783,#3784,#3785,#3786,#3787,#3788,
#3789,#3790,#3791,#3792));
#3960=CLOSED_SHELL('',(#3793,#3794,#3795,#3796,#3797,#3798,#3799,#3800,
#3801,#3802,#3803,#3804,#3805,#3806,#3807,#3808,#3809,#3810,#3811,#3812,
#3813,#3814,#3815,#3816,#3817,#3818,#3819,#3820,#3821,#3822,#3823,#3824,
#3825,#3826,#3827,#3828,#3829,#3830,#3831,#3832,#3833,#3834,#3835,#3836,
#3837,#3838,#3839,#3840,#3841,#3842,#3843,#3844,#3845,#3846,#3847,#3848,
#3849,#3850,#3851,#3852,#3853,#3854,#3855,#3856,#3857,#3858,#3859,#3860,
#3861,#3862,#3863,#3864,#3865,#3866,#3867,#3868,#3869));
#3961=CLOSED_SHELL('',(#3870,#3871,#3872,#3873,#3874,#3875,#3876,#3877,
#3878,#3879));
#3962=CLOSED_SHELL('',(#3880,#3881,#3882,#3883,#3884,#3885,#3886,#3887));
#3963=CLOSED_SHELL('',(#3888,#3889,#3890,#3891,#3892,#3893,#3894,#3895));
#3964=CLOSED_SHELL('',(#3896,#3897,#3898,#3899,#3900,#3901,#3902,#3903,
#3904,#3905,#3906,#3907,#3908,#3909,#3910,#3911,#3912,#3913,#3914,#3915));
#3965=CLOSED_SHELL('',(#3916,#3917,#3918,#3919,#3920,#3921,#3922,#3923,
#3924,#3925));
#3966=CLOSED_SHELL('',(#3926,#3927,#3928,#3929,#3930,#3931,#3932,#3933,
#3934,#3935,#3936,#3937,#3938,#3939,#3940,#3941,#3942,#3943,#3944,#3945,
#3946,#3947,#3948,#3949,#3950,#3951,#3952,#3953,#3954,#3955,#3956));
#3967=STYLED_ITEM('',(#3977),#4245);
#3968=STYLED_ITEM('',(#3978),#4246);
#3969=STYLED_ITEM('',(#3979),#4247);
#3970=STYLED_ITEM('',(#3980),#4248);
#3971=STYLED_ITEM('',(#4014),#4249);
#3972=STYLED_ITEM('',(#4015),#4250);
#3973=STYLED_ITEM('',(#4016),#4251);
#3974=STYLED_ITEM('',(#4017),#4252);
#3975=STYLED_ITEM('',(#4018),#4253);
#3976=STYLED_ITEM('',(#4019),#4254);
#3977=PRESENTATION_STYLE_ASSIGNMENT((#4020));
#3978=PRESENTATION_STYLE_ASSIGNMENT((#4021));
#3979=PRESENTATION_STYLE_ASSIGNMENT((#4022));
#3980=PRESENTATION_STYLE_ASSIGNMENT((#4023));
#3981=PRESENTATION_STYLE_ASSIGNMENT((#4024));
#3982=PRESENTATION_STYLE_ASSIGNMENT((#4025));
#3983=PRESENTATION_STYLE_ASSIGNMENT((#4026));
#3984=PRESENTATION_STYLE_ASSIGNMENT((#4027));
#3985=PRESENTATION_STYLE_ASSIGNMENT((#4028));
#3986=PRESENTATION_STYLE_ASSIGNMENT((#4029));
#3987=PRESENTATION_STYLE_ASSIGNMENT((#4030));
#3988=PRESENTATION_STYLE_ASSIGNMENT((#4031));
#3989=PRESENTATION_STYLE_ASSIGNMENT((#4032));
#3990=PRESENTATION_STYLE_ASSIGNMENT((#4033));
#3991=PRESENTATION_STYLE_ASSIGNMENT((#4034));
#3992=PRESENTATION_STYLE_ASSIGNMENT((#4035));
#3993=PRESENTATION_STYLE_ASSIGNMENT((#4036));
#3994=PRESENTATION_STYLE_ASSIGNMENT((#4037));
#3995=PRESENTATION_STYLE_ASSIGNMENT((#4038));
#3996=PRESENTATION_STYLE_ASSIGNMENT((#4039));
#3997=PRESENTATION_STYLE_ASSIGNMENT((#4040));
#3998=PRESENTATION_STYLE_ASSIGNMENT((#4041));
#3999=PRESENTATION_STYLE_ASSIGNMENT((#4042));
#4000=PRESENTATION_STYLE_ASSIGNMENT((#4043));
#4001=PRESENTATION_STYLE_ASSIGNMENT((#4044));
#4002=PRESENTATION_STYLE_ASSIGNMENT((#4045));
#4003=PRESENTATION_STYLE_ASSIGNMENT((#4046));
#4004=PRESENTATION_STYLE_ASSIGNMENT((#4047));
#4005=PRESENTATION_STYLE_ASSIGNMENT((#4048));
#4006=PRESENTATION_STYLE_ASSIGNMENT((#4049));
#4007=PRESENTATION_STYLE_ASSIGNMENT((#4050));
#4008=PRESENTATION_STYLE_ASSIGNMENT((#4051));
#4009=PRESENTATION_STYLE_ASSIGNMENT((#4052));
#4010=PRESENTATION_STYLE_ASSIGNMENT((#4053));
#4011=PRESENTATION_STYLE_ASSIGNMENT((#4054));
#4012=PRESENTATION_STYLE_ASSIGNMENT((#4055));
#4013=PRESENTATION_STYLE_ASSIGNMENT((#4056));
#4014=PRESENTATION_STYLE_ASSIGNMENT((#4057));
#4015=PRESENTATION_STYLE_ASSIGNMENT((#4058));
#4016=PRESENTATION_STYLE_ASSIGNMENT((#4059));
#4017=PRESENTATION_STYLE_ASSIGNMENT((#4060));
#4018=PRESENTATION_STYLE_ASSIGNMENT((#4061));
#4019=PRESENTATION_STYLE_ASSIGNMENT((#4062));
#4020=SURFACE_STYLE_USAGE(.BOTH.,#4063);
#4021=SURFACE_STYLE_USAGE(.BOTH.,#4064);
#4022=SURFACE_STYLE_USAGE(.BOTH.,#4065);
#4023=SURFACE_STYLE_USAGE(.BOTH.,#4066);
#4024=SURFACE_STYLE_USAGE(.BOTH.,#4067);
#4025=SURFACE_STYLE_USAGE(.BOTH.,#4068);
#4026=SURFACE_STYLE_USAGE(.BOTH.,#4069);
#4027=SURFACE_STYLE_USAGE(.BOTH.,#4070);
#4028=SURFACE_STYLE_USAGE(.BOTH.,#4071);
#4029=SURFACE_STYLE_USAGE(.BOTH.,#4072);
#4030=SURFACE_STYLE_USAGE(.BOTH.,#4073);
#4031=SURFACE_STYLE_USAGE(.BOTH.,#4074);
#4032=SURFACE_STYLE_USAGE(.BOTH.,#4075);
#4033=SURFACE_STYLE_USAGE(.BOTH.,#4076);
#4034=SURFACE_STYLE_USAGE(.BOTH.,#4077);
#4035=SURFACE_STYLE_USAGE(.BOTH.,#4078);
#4036=SURFACE_STYLE_USAGE(.BOTH.,#4079);
#4037=SURFACE_STYLE_USAGE(.BOTH.,#4080);
#4038=SURFACE_STYLE_USAGE(.BOTH.,#4081);
#4039=SURFACE_STYLE_USAGE(.BOTH.,#4082);
#4040=SURFACE_STYLE_USAGE(.BOTH.,#4083);
#4041=SURFACE_STYLE_USAGE(.BOTH.,#4084);
#4042=SURFACE_STYLE_USAGE(.BOTH.,#4085);
#4043=SURFACE_STYLE_USAGE(.BOTH.,#4086);
#4044=SURFACE_STYLE_USAGE(.BOTH.,#4087);
#4045=SURFACE_STYLE_USAGE(.BOTH.,#4088);
#4046=SURFACE_STYLE_USAGE(.BOTH.,#4089);
#4047=SURFACE_STYLE_USAGE(.BOTH.,#4090);
#4048=SURFACE_STYLE_USAGE(.BOTH.,#4091);
#4049=SURFACE_STYLE_USAGE(.BOTH.,#4092);
#4050=SURFACE_STYLE_USAGE(.BOTH.,#4093);
#4051=SURFACE_STYLE_USAGE(.BOTH.,#4094);
#4052=SURFACE_STYLE_USAGE(.BOTH.,#4095);
#4053=SURFACE_STYLE_USAGE(.BOTH.,#4096);
#4054=SURFACE_STYLE_USAGE(.BOTH.,#4097);
#4055=SURFACE_STYLE_USAGE(.BOTH.,#4098);
#4056=SURFACE_STYLE_USAGE(.BOTH.,#4099);
#4057=SURFACE_STYLE_USAGE(.BOTH.,#4100);
#4058=SURFACE_STYLE_USAGE(.BOTH.,#4101);
#4059=SURFACE_STYLE_USAGE(.BOTH.,#4102);
#4060=SURFACE_STYLE_USAGE(.BOTH.,#4103);
#4061=SURFACE_STYLE_USAGE(.BOTH.,#4104);
#4062=SURFACE_STYLE_USAGE(.BOTH.,#4105);
#4063=SURFACE_SIDE_STYLE('',(#4106));
#4064=SURFACE_SIDE_STYLE('',(#4107));
#4065=SURFACE_SIDE_STYLE('',(#4108));
#4066=SURFACE_SIDE_STYLE('',(#4109));
#4067=SURFACE_SIDE_STYLE('',(#4110));
#4068=SURFACE_SIDE_STYLE('',(#4111));
#4069=SURFACE_SIDE_STYLE('',(#4112));
#4070=SURFACE_SIDE_STYLE('',(#4113));
#4071=SURFACE_SIDE_STYLE('',(#4114));
#4072=SURFACE_SIDE_STYLE('',(#4115));
#4073=SURFACE_SIDE_STYLE('',(#4116));
#4074=SURFACE_SIDE_STYLE('',(#4117));
#4075=SURFACE_SIDE_STYLE('',(#4118));
#4076=SURFACE_SIDE_STYLE('',(#4119));
#4077=SURFACE_SIDE_STYLE('',(#4120));
#4078=SURFACE_SIDE_STYLE('',(#4121));
#4079=SURFACE_SIDE_STYLE('',(#4122));
#4080=SURFACE_SIDE_STYLE('',(#4123));
#4081=SURFACE_SIDE_STYLE('',(#4124));
#4082=SURFACE_SIDE_STYLE('',(#4125));
#4083=SURFACE_SIDE_STYLE('',(#4126));
#4084=SURFACE_SIDE_STYLE('',(#4127));
#4085=SURFACE_SIDE_STYLE('',(#4128));
#4086=SURFACE_SIDE_STYLE('',(#4129));
#4087=SURFACE_SIDE_STYLE('',(#4130));
#4088=SURFACE_SIDE_STYLE('',(#4131));
#4089=SURFACE_SIDE_STYLE('',(#4132));
#4090=SURFACE_SIDE_STYLE('',(#4133));
#4091=SURFACE_SIDE_STYLE('',(#4134));
#4092=SURFACE_SIDE_STYLE('',(#4135));
#4093=SURFACE_SIDE_STYLE('',(#4136));
#4094=SURFACE_SIDE_STYLE('',(#4137));
#4095=SURFACE_SIDE_STYLE('',(#4138));
#4096=SURFACE_SIDE_STYLE('',(#4139));
#4097=SURFACE_SIDE_STYLE('',(#4140));
#4098=SURFACE_SIDE_STYLE('',(#4141));
#4099=SURFACE_SIDE_STYLE('',(#4142));
#4100=SURFACE_SIDE_STYLE('',(#4143));
#4101=SURFACE_SIDE_STYLE('',(#4144));
#4102=SURFACE_SIDE_STYLE('',(#4145));
#4103=SURFACE_SIDE_STYLE('',(#4146));
#4104=SURFACE_SIDE_STYLE('',(#4147));
#4105=SURFACE_SIDE_STYLE('',(#4148));
#4106=SURFACE_STYLE_FILL_AREA(#4149);
#4107=SURFACE_STYLE_FILL_AREA(#4150);
#4108=SURFACE_STYLE_FILL_AREA(#4151);
#4109=SURFACE_STYLE_FILL_AREA(#4152);
#4110=SURFACE_STYLE_FILL_AREA(#4153);
#4111=SURFACE_STYLE_FILL_AREA(#4154);
#4112=SURFACE_STYLE_FILL_AREA(#4155);
#4113=SURFACE_STYLE_FILL_AREA(#4156);
#4114=SURFACE_STYLE_FILL_AREA(#4157);
#4115=SURFACE_STYLE_FILL_AREA(#4158);
#4116=SURFACE_STYLE_FILL_AREA(#4159);
#4117=SURFACE_STYLE_FILL_AREA(#4160);
#4118=SURFACE_STYLE_FILL_AREA(#4161);
#4119=SURFACE_STYLE_FILL_AREA(#4162);
#4120=SURFACE_STYLE_FILL_AREA(#4163);
#4121=SURFACE_STYLE_FILL_AREA(#4164);
#4122=SURFACE_STYLE_FILL_AREA(#4165);
#4123=SURFACE_STYLE_FILL_AREA(#4166);
#4124=SURFACE_STYLE_FILL_AREA(#4167);
#4125=SURFACE_STYLE_FILL_AREA(#4168);
#4126=SURFACE_STYLE_FILL_AREA(#4169);
#4127=SURFACE_STYLE_FILL_AREA(#4170);
#4128=SURFACE_STYLE_FILL_AREA(#4171);
#4129=SURFACE_STYLE_FILL_AREA(#4172);
#4130=SURFACE_STYLE_FILL_AREA(#4173);
#4131=SURFACE_STYLE_FILL_AREA(#4174);
#4132=SURFACE_STYLE_FILL_AREA(#4175);
#4133=SURFACE_STYLE_FILL_AREA(#4176);
#4134=SURFACE_STYLE_FILL_AREA(#4177);
#4135=SURFACE_STYLE_FILL_AREA(#4178);
#4136=SURFACE_STYLE_FILL_AREA(#4179);
#4137=SURFACE_STYLE_FILL_AREA(#4180);
#4138=SURFACE_STYLE_FILL_AREA(#4181);
#4139=SURFACE_STYLE_FILL_AREA(#4182);
#4140=SURFACE_STYLE_FILL_AREA(#4183);
#4141=SURFACE_STYLE_FILL_AREA(#4184);
#4142=SURFACE_STYLE_FILL_AREA(#4185);
#4143=SURFACE_STYLE_FILL_AREA(#4186);
#4144=SURFACE_STYLE_FILL_AREA(#4187);
#4145=SURFACE_STYLE_FILL_AREA(#4188);
#4146=SURFACE_STYLE_FILL_AREA(#4189);
#4147=SURFACE_STYLE_FILL_AREA(#4190);
#4148=SURFACE_STYLE_FILL_AREA(#4191);
#4149=FILL_AREA_STYLE('',(#4192));
#4150=FILL_AREA_STYLE('',(#4193));
#4151=FILL_AREA_STYLE('',(#4194));
#4152=FILL_AREA_STYLE('',(#4195));
#4153=FILL_AREA_STYLE('',(#4196));
#4154=FILL_AREA_STYLE('',(#4197));
#4155=FILL_AREA_STYLE('',(#4198));
#4156=FILL_AREA_STYLE('',(#4199));
#4157=FILL_AREA_STYLE('',(#4200));
#4158=FILL_AREA_STYLE('',(#4201));
#4159=FILL_AREA_STYLE('',(#4202));
#4160=FILL_AREA_STYLE('',(#4203));
#4161=FILL_AREA_STYLE('',(#4204));
#4162=FILL_AREA_STYLE('',(#4205));
#4163=FILL_AREA_STYLE('',(#4206));
#4164=FILL_AREA_STYLE('',(#4207));
#4165=FILL_AREA_STYLE('',(#4208));
#4166=FILL_AREA_STYLE('',(#4209));
#4167=FILL_AREA_STYLE('',(#4210));
#4168=FILL_AREA_STYLE('',(#4211));
#4169=FILL_AREA_STYLE('',(#4212));
#4170=FILL_AREA_STYLE('',(#4213));
#4171=FILL_AREA_STYLE('',(#4214));
#4172=FILL_AREA_STYLE('',(#4215));
#4173=FILL_AREA_STYLE('',(#4216));
#4174=FILL_AREA_STYLE('',(#4217));
#4175=FILL_AREA_STYLE('',(#4218));
#4176=FILL_AREA_STYLE('',(#4219));
#4177=FILL_AREA_STYLE('',(#4220));
#4178=FILL_AREA_STYLE('',(#4221));
#4179=FILL_AREA_STYLE('',(#4222));
#4180=FILL_AREA_STYLE('',(#4223));
#4181=FILL_AREA_STYLE('',(#4224));
#4182=FILL_AREA_STYLE('',(#4225));
#4183=FILL_AREA_STYLE('',(#4226));
#4184=FILL_AREA_STYLE('',(#4227));
#4185=FILL_AREA_STYLE('',(#4228));
#4186=FILL_AREA_STYLE('',(#4229));
#4187=FILL_AREA_STYLE('',(#4230));
#4188=FILL_AREA_STYLE('',(#4231));
#4189=FILL_AREA_STYLE('',(#4232));
#4190=FILL_AREA_STYLE('',(#4233));
#4191=FILL_AREA_STYLE('',(#4234));
#4192=FILL_AREA_STYLE_COLOUR('',#4235);
#4193=FILL_AREA_STYLE_COLOUR('',#4236);
#4194=FILL_AREA_STYLE_COLOUR('',#4236);
#4195=FILL_AREA_STYLE_COLOUR('',#4237);
#4196=FILL_AREA_STYLE_COLOUR('',#4238);
#4197=FILL_AREA_STYLE_COLOUR('',#4238);
#4198=FILL_AREA_STYLE_COLOUR('',#4238);
#4199=FILL_AREA_STYLE_COLOUR('',#4238);
#4200=FILL_AREA_STYLE_COLOUR('',#4238);
#4201=FILL_AREA_STYLE_COLOUR('',#4238);
#4202=FILL_AREA_STYLE_COLOUR('',#4238);
#4203=FILL_AREA_STYLE_COLOUR('',#4238);
#4204=FILL_AREA_STYLE_COLOUR('',#4238);
#4205=FILL_AREA_STYLE_COLOUR('',#4238);
#4206=FILL_AREA_STYLE_COLOUR('',#4238);
#4207=FILL_AREA_STYLE_COLOUR('',#4238);
#4208=FILL_AREA_STYLE_COLOUR('',#4238);
#4209=FILL_AREA_STYLE_COLOUR('',#4238);
#4210=FILL_AREA_STYLE_COLOUR('',#4238);
#4211=FILL_AREA_STYLE_COLOUR('',#4238);
#4212=FILL_AREA_STYLE_COLOUR('',#4238);
#4213=FILL_AREA_STYLE_COLOUR('',#4238);
#4214=FILL_AREA_STYLE_COLOUR('',#4238);
#4215=FILL_AREA_STYLE_COLOUR('',#4238);
#4216=FILL_AREA_STYLE_COLOUR('',#4238);
#4217=FILL_AREA_STYLE_COLOUR('',#4238);
#4218=FILL_AREA_STYLE_COLOUR('',#4238);
#4219=FILL_AREA_STYLE_COLOUR('',#4238);
#4220=FILL_AREA_STYLE_COLOUR('',#4238);
#4221=FILL_AREA_STYLE_COLOUR('',#4238);
#4222=FILL_AREA_STYLE_COLOUR('',#4238);
#4223=FILL_AREA_STYLE_COLOUR('',#4238);
#4224=FILL_AREA_STYLE_COLOUR('',#4238);
#4225=FILL_AREA_STYLE_COLOUR('',#4238);
#4226=FILL_AREA_STYLE_COLOUR('',#4238);
#4227=FILL_AREA_STYLE_COLOUR('',#4238);
#4228=FILL_AREA_STYLE_COLOUR('',#4238);
#4229=FILL_AREA_STYLE_COLOUR('',#4239);
#4230=FILL_AREA_STYLE_COLOUR('',#4240);
#4231=FILL_AREA_STYLE_COLOUR('',#4241);
#4232=FILL_AREA_STYLE_COLOUR('',#4242);
#4233=FILL_AREA_STYLE_COLOUR('',#4243);
#4234=FILL_AREA_STYLE_COLOUR('',#4244);
#4235=COLOUR_RGB('',0.301960784313725,0.301960784313725,0.301960784313725);
#4236=COLOUR_RGB('',0.231372549019608,0.380392156862745,0.705882352941177);
#4237=COLOUR_RGB('',0.819607843137255,0.819607843137255,0.819607843137255);
#4238=COLOUR_RGB('',0.,0.333333333333334,1.);
#4239=COLOUR_RGB('',0.972549019607843,0.529411764705882,0.00392156862745098);
#4240=COLOUR_RGB('',0.647058823529412,0.647058823529412,0.647058823529412);
#4241=COLOUR_RGB('',0.92156862745098,0.8,0.654901960784314);
#4242=COLOUR_RGB('',0.768627450980392,0.886274509803922,0.952941176470588);
#4243=COLOUR_RGB('',0.917647058823529,0.917647058823529,0.917647058823529);
#4244=COLOUR_RGB('',0.615686274509804,0.811764705882353,0.929411764705882);
#4245=MANIFOLD_SOLID_BREP('clip',#3957);
#4246=MANIFOLD_SOLID_BREP('Part 3',#3958);
#4247=MANIFOLD_SOLID_BREP('servo holder',#3959);
#4248=MANIFOLD_SOLID_BREP('Servo-sg90-final',#3960);
#4249=MANIFOLD_SOLID_BREP('Part 5',#3961);
#4250=MANIFOLD_SOLID_BREP('Part 2',#3962);
#4251=MANIFOLD_SOLID_BREP('wood',#3963);
#4252=MANIFOLD_SOLID_BREP('Part 4',#3964);
#4253=MANIFOLD_SOLID_BREP('vent reference',#3965);
#4254=MANIFOLD_SOLID_BREP('Part 1',#3966);
#4255=SHAPE_DEFINITION_REPRESENTATION(#7099,#4266);
#4256=SHAPE_DEFINITION_REPRESENTATION(#7100,#4267);
#4257=SHAPE_DEFINITION_REPRESENTATION(#7102,#4268);
#4258=SHAPE_DEFINITION_REPRESENTATION(#7104,#4269);
#4259=SHAPE_DEFINITION_REPRESENTATION(#7106,#4270);
#4260=SHAPE_DEFINITION_REPRESENTATION(#7108,#4271);
#4261=SHAPE_DEFINITION_REPRESENTATION(#7110,#4272);
#4262=SHAPE_DEFINITION_REPRESENTATION(#7112,#4273);
#4263=SHAPE_DEFINITION_REPRESENTATION(#7114,#4274);
#4264=SHAPE_DEFINITION_REPRESENTATION(#7116,#4275);
#4265=SHAPE_DEFINITION_REPRESENTATION(#7118,#4276);
#4266=SHAPE_REPRESENTATION('Assembly 1',(#4277,#4288,#4315,#4356,#4509,
#4528,#4545,#4558,#4595,#4606,#4666),#7074);
#4267=SHAPE_REPRESENTATION('clip',(#4277),#7075);
#4268=SHAPE_REPRESENTATION('Part 3',(#4277),#7076);
#4269=SHAPE_REPRESENTATION('servo holder',(#4277),#7077);
#4270=SHAPE_REPRESENTATION('Servo-sg90-final',(#4277),#7078);
#4271=SHAPE_REPRESENTATION('Part 5',(#4277),#7079);
#4272=SHAPE_REPRESENTATION('Part 2',(#4277),#7080);
#4273=SHAPE_REPRESENTATION('wood',(#4277),#7081);
#4274=SHAPE_REPRESENTATION('Part 4',(#4277),#7082);
#4275=SHAPE_REPRESENTATION('vent reference',(#4277),#7083);
#4276=SHAPE_REPRESENTATION('Part 1',(#4277),#7084);
#4277=AXIS2_PLACEMENT_3D('',#5805,#4667,#4668);
#4278=AXIS2_PLACEMENT_3D('',#5806,#4669,#4670);
#4279=AXIS2_PLACEMENT_3D('',#5823,#4679,#4680);
#4280=AXIS2_PLACEMENT_3D('',#5829,#4684,#4685);
#4281=AXIS2_PLACEMENT_3D('',#5843,#4693,#4694);
#4282=AXIS2_PLACEMENT_3D('',#5846,#4697,#4698);
#4283=AXIS2_PLACEMENT_3D('',#5847,#4699,#4700);
#4284=AXIS2_PLACEMENT_3D('',#5849,#4702,#4703);
#4285=AXIS2_PLACEMENT_3D('',#5852,#4706,#4707);
#4286=AXIS2_PLACEMENT_3D('',#5854,#4709,#4710);
#4287=AXIS2_PLACEMENT_3D('',#5855,#4711,#4712);
#4288=AXIS2_PLACEMENT_3D('',#5856,#4713,#4714);
#4289=AXIS2_PLACEMENT_3D('',#5857,#4715,#4716);
#4290=AXIS2_PLACEMENT_3D('',#5866,#4721,#4722);
#4291=AXIS2_PLACEMENT_3D('',#5867,#4723,#4724);
#4292=AXIS2_PLACEMENT_3D('',#5871,#4726,#4727);
#4293=AXIS2_PLACEMENT_3D('',#5872,#4728,#4729);
#4294=AXIS2_PLACEMENT_3D('',#5878,#4733,#4734);
#4295=AXIS2_PLACEMENT_3D('',#5887,#4739,#4740);
#4296=AXIS2_PLACEMENT_3D('',#5893,#4744,#4745);
#4297=AXIS2_PLACEMENT_3D('',#5899,#4749,#4750);
#4298=AXIS2_PLACEMENT_3D('',#5900,#4751,#4752);
#4299=AXIS2_PLACEMENT_3D('',#5905,#4754,#4755);
#4300=AXIS2_PLACEMENT_3D('',#5908,#4757,#4758);
#4301=AXIS2_PLACEMENT_3D('',#5909,#4759,#4760);
#4302=AXIS2_PLACEMENT_3D('',#5911,#4761,#4762);
#4303=AXIS2_PLACEMENT_3D('',#5913,#4763,#4764);
#4304=AXIS2_PLACEMENT_3D('',#5914,#4765,#4766);
#4305=AXIS2_PLACEMENT_3D('',#5915,#4767,#4768);
#4306=AXIS2_PLACEMENT_3D('',#5916,#4769,#4770);
#4307=AXIS2_PLACEMENT_3D('',#5919,#4773,#4774);
#4308=AXIS2_PLACEMENT_3D('',#5920,#4775,#4776);
#4309=AXIS2_PLACEMENT_3D('',#5922,#4777,#4778);
#4310=AXIS2_PLACEMENT_3D('',#5924,#4779,#4780);
#4311=AXIS2_PLACEMENT_3D('',#5925,#4781,#4782);
#4312=AXIS2_PLACEMENT_3D('',#5926,#4783,#4784);
#4313=AXIS2_PLACEMENT_3D('',#5927,#4785,#4786);
#4314=AXIS2_PLACEMENT_3D('',#5928,#4787,#4788);
#4315=AXIS2_PLACEMENT_3D('',#5929,#4789,#4790);
#4316=AXIS2_PLACEMENT_3D('',#5930,#4791,#4792);
#4317=AXIS2_PLACEMENT_3D('',#5939,#4797,#4798);
#4318=AXIS2_PLACEMENT_3D('',#5948,#4803,#4804);
#4319=AXIS2_PLACEMENT_3D('',#5954,#4808,#4809);
#4320=AXIS2_PLACEMENT_3D('',#5958,#4811,#4812);
#4321=AXIS2_PLACEMENT_3D('',#5962,#4814,#4815);
#4322=AXIS2_PLACEMENT_3D('',#5966,#4817,#4818);
#4323=AXIS2_PLACEMENT_3D('',#5970,#4820,#4821);
#4324=AXIS2_PLACEMENT_3D('',#5982,#4827,#4828);
#4325=AXIS2_PLACEMENT_3D('',#5983,#4829,#4830);
#4326=AXIS2_PLACEMENT_3D('',#5989,#4834,#4835);
#4327=AXIS2_PLACEMENT_3D('',#5992,#4838,#4839);
#4328=AXIS2_PLACEMENT_3D('',#5996,#4841,#4842);
#4329=AXIS2_PLACEMENT_3D('',#6008,#4848,#4849);
#4330=AXIS2_PLACEMENT_3D('',#6012,#4851,#4852);
#4331=AXIS2_PLACEMENT_3D('',#6016,#4854,#4855);
#4332=AXIS2_PLACEMENT_3D('',#6020,#4857,#4858);
#4333=AXIS2_PLACEMENT_3D('',#6021,#4859,#4860);
#4334=AXIS2_PLACEMENT_3D('',#6024,#4863,#4864);
#4335=AXIS2_PLACEMENT_3D('',#6027,#4867,#4868);
#4336=AXIS2_PLACEMENT_3D('',#6030,#4871,#4872);
#4337=AXIS2_PLACEMENT_3D('',#6033,#4875,#4876);
#4338=AXIS2_PLACEMENT_3D('',#6034,#4877,#4878);
#4339=AXIS2_PLACEMENT_3D('',#6035,#4879,#4880);
#4340=AXIS2_PLACEMENT_3D('',#6037,#4881,#4882);
#4341=AXIS2_PLACEMENT_3D('',#6041,#4885,#4886);
#4342=AXIS2_PLACEMENT_3D('',#6042,#4887,#4888);
#4343=AXIS2_PLACEMENT_3D('',#6044,#4890,#4891);
#4344=AXIS2_PLACEMENT_3D('',#6045,#4892,#4893);
#4345=AXIS2_PLACEMENT_3D('',#6048,#4895,#4896);
#4346=AXIS2_PLACEMENT_3D('',#6050,#4898,#4899);
#4347=AXIS2_PLACEMENT_3D('',#6051,#4900,#4901);
#4348=AXIS2_PLACEMENT_3D('',#6054,#4903,#4904);
#4349=AXIS2_PLACEMENT_3D('',#6055,#4905,#4906);
#4350=AXIS2_PLACEMENT_3D('',#6056,#4907,#4908);
#4351=AXIS2_PLACEMENT_3D('',#6057,#4909,#4910);
#4352=AXIS2_PLACEMENT_3D('',#6058,#4911,#4912);
#4353=AXIS2_PLACEMENT_3D('',#6059,#4913,#4914);
#4354=AXIS2_PLACEMENT_3D('',#6060,#4915,#4916);
#4355=AXIS2_PLACEMENT_3D('',#6061,#4917,#4918);
#4356=AXIS2_PLACEMENT_3D('',#6062,#4919,#4920);
#4357=AXIS2_PLACEMENT_3D('',#6063,#4921,#4922);
#4358=AXIS2_PLACEMENT_3D('',#6072,#4927,#4928);
#4359=AXIS2_PLACEMENT_3D('',#6096,#4941,#4942);
#4360=AXIS2_PLACEMENT_3D('',#6108,#4949,#4950);
#4361=AXIS2_PLACEMENT_3D('',#6130,#4962,#4963);
#4362=AXIS2_PLACEMENT_3D('',#6132,#4965,#4966);
#4363=AXIS2_PLACEMENT_3D('',#6137,#4969,#4970);
#4364=AXIS2_PLACEMENT_3D('',#6142,#4973,#4974);
#4365=AXIS2_PLACEMENT_3D('',#6146,#4977,#4978);
#4366=AXIS2_PLACEMENT_3D('',#6151,#4981,#4982);
#4367=AXIS2_PLACEMENT_3D('',#6156,#4985,#4986);
#4368=AXIS2_PLACEMENT_3D('',#6159,#4988,#4989);
#4369=AXIS2_PLACEMENT_3D('',#6165,#4993,#4994);
#4370=AXIS2_PLACEMENT_3D('',#6169,#4997,#4998);
#4371=AXIS2_PLACEMENT_3D('',#6171,#5000,#5001);
#4372=AXIS2_PLACEMENT_3D('',#6177,#5005,#5006);
#4373=AXIS2_PLACEMENT_3D('',#6180,#5008,#5009);
#4374=AXIS2_PLACEMENT_3D('',#6181,#5010,#5011);
#4375=AXIS2_PLACEMENT_3D('',#6183,#5012,#5013);
#4376=AXIS2_PLACEMENT_3D('',#6185,#5014,#5015);
#4377=AXIS2_PLACEMENT_3D('',#6186,#5016,#5017);
#4378=AXIS2_PLACEMENT_3D('',#6190,#5020,#5021);
#4379=AXIS2_PLACEMENT_3D('',#6191,#5022,#5023);
#4380=AXIS2_PLACEMENT_3D('',#6192,#5024,#5025);
#4381=AXIS2_PLACEMENT_3D('',#6198,#5029,#5030);
#4382=AXIS2_PLACEMENT_3D('',#6202,#5033,#5034);
#4383=AXIS2_PLACEMENT_3D('',#6206,#5037,#5038);
#4384=AXIS2_PLACEMENT_3D('',#6208,#5040,#5041);
#4385=AXIS2_PLACEMENT_3D('',#6210,#5043,#5044);
#4386=AXIS2_PLACEMENT_3D('',#6212,#5046,#5047);
#4387=AXIS2_PLACEMENT_3D('',#6213,#5048,#5049);
#4388=AXIS2_PLACEMENT_3D('',#6214,#5050,#5051);
#4389=AXIS2_PLACEMENT_3D('',#6216,#5053,#5054);
#4390=AXIS2_PLACEMENT_3D('',#6218,#5056,#5057);
#4391=AXIS2_PLACEMENT_3D('',#6219,#5058,#5059);
#4392=AXIS2_PLACEMENT_3D('',#6221,#5061,#5062);
#4393=AXIS2_PLACEMENT_3D('',#6223,#5064,#5065);
#4394=AXIS2_PLACEMENT_3D('',#6224,#5066,#5067);
#4395=AXIS2_PLACEMENT_3D('',#6227,#5069,#5070);
#4396=AXIS2_PLACEMENT_3D('',#6230,#5072,#5073);
#4397=AXIS2_PLACEMENT_3D('',#6231,#5074,#5075);
#4398=AXIS2_PLACEMENT_3D('',#6232,#5076,#5077);
#4399=AXIS2_PLACEMENT_3D('',#6233,#5078,#5079);
#4400=AXIS2_PLACEMENT_3D('',#6234,#5080,#5081);
#4401=AXIS2_PLACEMENT_3D('',#6236,#5082,#5083);
#4402=AXIS2_PLACEMENT_3D('',#6240,#5085,#5086);
#4403=AXIS2_PLACEMENT_3D('',#6244,#5088,#5089);
#4404=AXIS2_PLACEMENT_3D('',#6248,#5091,#5092);
#4405=AXIS2_PLACEMENT_3D('',#6252,#5094,#5095);
#4406=AXIS2_PLACEMENT_3D('',#6256,#5097,#5098);
#4407=AXIS2_PLACEMENT_3D('',#6260,#5100,#5101);
#4408=AXIS2_PLACEMENT_3D('',#6264,#5103,#5104);
#4409=AXIS2_PLACEMENT_3D('',#6268,#5106,#5107);
#4410=AXIS2_PLACEMENT_3D('',#6272,#5109,#5110);
#4411=AXIS2_PLACEMENT_3D('',#6276,#5112,#5113);
#4412=AXIS2_PLACEMENT_3D('',#6280,#5115,#5116);
#4413=AXIS2_PLACEMENT_3D('',#6284,#5118,#5119);
#4414=AXIS2_PLACEMENT_3D('',#6288,#5121,#5122);
#4415=AXIS2_PLACEMENT_3D('',#6292,#5124,#5125);
#4416=AXIS2_PLACEMENT_3D('',#6296,#5127,#5128);
#4417=AXIS2_PLACEMENT_3D('',#6300,#5130,#5131);
#4418=AXIS2_PLACEMENT_3D('',#6304,#5133,#5134);
#4419=AXIS2_PLACEMENT_3D('',#6308,#5136,#5137);
#4420=AXIS2_PLACEMENT_3D('',#6312,#5139,#5140);
#4421=AXIS2_PLACEMENT_3D('',#6316,#5142,#5143);
#4422=AXIS2_PLACEMENT_3D('',#6320,#5145,#5146);
#4423=AXIS2_PLACEMENT_3D('',#6324,#5148,#5149);
#4424=AXIS2_PLACEMENT_3D('',#6328,#5151,#5152);
#4425=AXIS2_PLACEMENT_3D('',#6332,#5154,#5155);
#4426=AXIS2_PLACEMENT_3D('',#6336,#5157,#5158);
#4427=AXIS2_PLACEMENT_3D('',#6340,#5160,#5161);
#4428=AXIS2_PLACEMENT_3D('',#6344,#5163,#5164);
#4429=AXIS2_PLACEMENT_3D('',#6348,#5166,#5167);
#4430=AXIS2_PLACEMENT_3D('',#6352,#5169,#5170);
#4431=AXIS2_PLACEMENT_3D('',#6356,#5172,#5173);
#4432=AXIS2_PLACEMENT_3D('',#6360,#5175,#5176);
#4433=AXIS2_PLACEMENT_3D('',#6364,#5178,#5179);
#4434=AXIS2_PLACEMENT_3D('',#6368,#5181,#5182);
#4435=AXIS2_PLACEMENT_3D('',#6372,#5184,#5185);
#4436=AXIS2_PLACEMENT_3D('',#6376,#5187,#5188);
#4437=AXIS2_PLACEMENT_3D('',#6380,#5190,#5191);
#4438=AXIS2_PLACEMENT_3D('',#6384,#5193,#5194);
#4439=AXIS2_PLACEMENT_3D('',#6388,#5196,#5197);
#4440=AXIS2_PLACEMENT_3D('',#6392,#5199,#5200);
#4441=AXIS2_PLACEMENT_3D('',#6396,#5202,#5203);
#4442=AXIS2_PLACEMENT_3D('',#6397,#5204,#5205);
#4443=AXIS2_PLACEMENT_3D('',#6398,#5206,#5207);
#4444=AXIS2_PLACEMENT_3D('',#6399,#5208,#5209);
#4445=AXIS2_PLACEMENT_3D('',#6410,#5210,#5211);
#4446=AXIS2_PLACEMENT_3D('',#6411,#5212,#5213);
#4447=AXIS2_PLACEMENT_3D('',#6552,#5214,#5215);
#4448=AXIS2_PLACEMENT_3D('',#6553,#5216,#5217);
#4449=AXIS2_PLACEMENT_3D('',#6554,#5218,#5219);
#4450=AXIS2_PLACEMENT_3D('',#6555,#5220,#5221);
#4451=AXIS2_PLACEMENT_3D('',#6556,#5222,#5223);
#4452=AXIS2_PLACEMENT_3D('',#6557,#5224,#5225);
#4453=AXIS2_PLACEMENT_3D('',#6558,#5226,#5227);
#4454=AXIS2_PLACEMENT_3D('',#6559,#5228,#5229);
#4455=AXIS2_PLACEMENT_3D('',#6560,#5230,#5231);
#4456=AXIS2_PLACEMENT_3D('',#6561,#5232,#5233);
#4457=AXIS2_PLACEMENT_3D('',#6562,#5234,#5235);
#4458=AXIS2_PLACEMENT_3D('',#6563,#5236,#5237);
#4459=AXIS2_PLACEMENT_3D('',#6564,#5238,#5239);
#4460=AXIS2_PLACEMENT_3D('',#6565,#5240,#5241);
#4461=AXIS2_PLACEMENT_3D('',#6566,#5242,#5243);
#4462=AXIS2_PLACEMENT_3D('',#6567,#5244,#5245);
#4463=AXIS2_PLACEMENT_3D('',#6568,#5246,#5247);
#4464=AXIS2_PLACEMENT_3D('',#6569,#5248,#5249);
#4465=AXIS2_PLACEMENT_3D('',#6570,#5250,#5251);
#4466=AXIS2_PLACEMENT_3D('',#6571,#5252,#5253);
#4467=AXIS2_PLACEMENT_3D('',#6572,#5254,#5255);
#4468=AXIS2_PLACEMENT_3D('',#6573,#5256,#5257);
#4469=AXIS2_PLACEMENT_3D('',#6574,#5258,#5259);
#4470=AXIS2_PLACEMENT_3D('',#6575,#5260,#5261);
#4471=AXIS2_PLACEMENT_3D('',#6576,#5262,#5263);
#4472=AXIS2_PLACEMENT_3D('',#6577,#5264,#5265);
#4473=AXIS2_PLACEMENT_3D('',#6578,#5266,#5267);
#4474=AXIS2_PLACEMENT_3D('',#6579,#5268,#5269);
#4475=AXIS2_PLACEMENT_3D('',#6580,#5270,#5271);
#4476=AXIS2_PLACEMENT_3D('',#6581,#5272,#5273);
#4477=AXIS2_PLACEMENT_3D('',#6582,#5274,#5275);
#4478=AXIS2_PLACEMENT_3D('',#6583,#5276,#5277);
#4479=AXIS2_PLACEMENT_3D('',#6584,#5278,#5279);
#4480=AXIS2_PLACEMENT_3D('',#6585,#5280,#5281);
#4481=AXIS2_PLACEMENT_3D('',#6586,#5282,#5283);
#4482=AXIS2_PLACEMENT_3D('',#6587,#5284,#5285);
#4483=AXIS2_PLACEMENT_3D('',#6588,#5286,#5287);
#4484=AXIS2_PLACEMENT_3D('',#6589,#5288,#5289);
#4485=AXIS2_PLACEMENT_3D('',#6590,#5290,#5291);
#4486=AXIS2_PLACEMENT_3D('',#6591,#5292,#5293);
#4487=AXIS2_PLACEMENT_3D('',#6592,#5294,#5295);
#4488=AXIS2_PLACEMENT_3D('',#6593,#5296,#5297);
#4489=AXIS2_PLACEMENT_3D('',#6594,#5298,#5299);
#4490=AXIS2_PLACEMENT_3D('',#6595,#5300,#5301);
#4491=AXIS2_PLACEMENT_3D('',#6596,#5302,#5303);
#4492=AXIS2_PLACEMENT_3D('',#6597,#5304,#5305);
#4493=AXIS2_PLACEMENT_3D('',#6598,#5306,#5307);
#4494=AXIS2_PLACEMENT_3D('',#6599,#5308,#5309);
#4495=AXIS2_PLACEMENT_3D('',#6600,#5310,#5311);
#4496=AXIS2_PLACEMENT_3D('',#6601,#5312,#5313);
#4497=AXIS2_PLACEMENT_3D('',#6602,#5314,#5315);
#4498=AXIS2_PLACEMENT_3D('',#6603,#5316,#5317);
#4499=AXIS2_PLACEMENT_3D('',#6604,#5318,#5319);
#4500=AXIS2_PLACEMENT_3D('',#6605,#5320,#5321);
#4501=AXIS2_PLACEMENT_3D('',#6606,#5322,#5323);
#4502=AXIS2_PLACEMENT_3D('',#6607,#5324,#5325);
#4503=AXIS2_PLACEMENT_3D('',#6608,#5326,#5327);
#4504=AXIS2_PLACEMENT_3D('',#6609,#5328,#5329);
#4505=AXIS2_PLACEMENT_3D('',#6610,#5330,#5331);
#4506=AXIS2_PLACEMENT_3D('',#6612,#5332,#5333);
#4507=AXIS2_PLACEMENT_3D('',#6613,#5334,#5335);
#4508=AXIS2_PLACEMENT_3D('',#6615,#5336,#5337);
#4509=AXIS2_PLACEMENT_3D('',#6616,#5338,#5339);
#4510=AXIS2_PLACEMENT_3D('',#6617,#5340,#5341);
#4511=AXIS2_PLACEMENT_3D('',#6621,#5343,#5344);
#4512=AXIS2_PLACEMENT_3D('',#6625,#5346,#5347);
#4513=AXIS2_PLACEMENT_3D('',#6629,#5349,#5350);
#4514=AXIS2_PLACEMENT_3D('',#6633,#5352,#5353);
#4515=AXIS2_PLACEMENT_3D('',#6634,#5354,#5355);
#4516=AXIS2_PLACEMENT_3D('',#6640,#5359,#5360);
#4517=AXIS2_PLACEMENT_3D('',#6644,#5362,#5363);
#4518=AXIS2_PLACEMENT_3D('',#6645,#5364,#5365);
#4519=AXIS2_PLACEMENT_3D('',#6649,#5367,#5368);
#4520=AXIS2_PLACEMENT_3D('',#6653,#5370,#5371);
#4521=AXIS2_PLACEMENT_3D('',#6654,#5372,#5373);
#4522=AXIS2_PLACEMENT_3D('',#6657,#5376,#5377);
#4523=AXIS2_PLACEMENT_3D('',#6660,#5380,#5381);
#4524=AXIS2_PLACEMENT_3D('',#6663,#5384,#5385);
#4525=AXIS2_PLACEMENT_3D('',#6664,#5386,#5387);
#4526=AXIS2_PLACEMENT_3D('',#6665,#5388,#5389);
#4527=AXIS2_PLACEMENT_3D('',#6666,#5390,#5391);
#4528=AXIS2_PLACEMENT_3D('',#6667,#5392,#5393);
#4529=AXIS2_PLACEMENT_3D('',#6668,#5394,#5395);
#4530=AXIS2_PLACEMENT_3D('',#6669,#5396,#5397);
#4531=AXIS2_PLACEMENT_3D('',#6674,#5399,#5400);
#4532=AXIS2_PLACEMENT_3D('',#6677,#5402,#5403);
#4533=AXIS2_PLACEMENT_3D('',#6683,#5407,#5408);
#4534=AXIS2_PLACEMENT_3D('',#6684,#5409,#5410);
#4535=AXIS2_PLACEMENT_3D('',#6688,#5412,#5413);
#4536=AXIS2_PLACEMENT_3D('',#6689,#5414,#5415);
#4537=AXIS2_PLACEMENT_3D('',#6690,#5416,#5417);
#4538=AXIS2_PLACEMENT_3D('',#6692,#5418,#5419);
#4539=AXIS2_PLACEMENT_3D('',#6694,#5420,#5421);
#4540=AXIS2_PLACEMENT_3D('',#6697,#5424,#5425);
#4541=AXIS2_PLACEMENT_3D('',#6698,#5426,#5427);
#4542=AXIS2_PLACEMENT_3D('',#6700,#5428,#5429);
#4543=AXIS2_PLACEMENT_3D('',#6702,#5430,#5431);
#4544=AXIS2_PLACEMENT_3D('',#6703,#5432,#5433);
#4545=AXIS2_PLACEMENT_3D('',#6704,#5434,#5435);
#4546=AXIS2_PLACEMENT_3D('',#6705,#5436,#5437);
#4547=AXIS2_PLACEMENT_3D('',#6706,#5438,#5439);
#4548=AXIS2_PLACEMENT_3D('',#6708,#5440,#5441);
#4549=AXIS2_PLACEMENT_3D('',#6718,#5446,#5447);
#4550=AXIS2_PLACEMENT_3D('',#6724,#5451,#5452);
#4551=AXIS2_PLACEMENT_3D('',#6725,#5453,#5454);
#4552=AXIS2_PLACEMENT_3D('',#6727,#5455,#5456);
#4553=AXIS2_PLACEMENT_3D('',#6734,#5460,#5461);
#4554=AXIS2_PLACEMENT_3D('',#6737,#5464,#5465);
#4555=AXIS2_PLACEMENT_3D('',#6738,#5466,#5467);
#4556=AXIS2_PLACEMENT_3D('',#6739,#5468,#5469);
#4557=AXIS2_PLACEMENT_3D('',#6740,#5470,#5471);
#4558=AXIS2_PLACEMENT_3D('',#6741,#5472,#5473);
#4559=AXIS2_PLACEMENT_3D('',#6742,#5474,#5475);
#4560=AXIS2_PLACEMENT_3D('',#6759,#5484,#5485);
#4561=AXIS2_PLACEMENT_3D('',#6765,#5489,#5490);
#4562=AXIS2_PLACEMENT_3D('',#6766,#5491,#5492);
#4563=AXIS2_PLACEMENT_3D('',#6771,#5494,#5495);
#4564=AXIS2_PLACEMENT_3D('',#6774,#5497,#5498);
#4565=AXIS2_PLACEMENT_3D('',#6783,#5503,#5504);
#4566=AXIS2_PLACEMENT_3D('',#6797,#5512,#5513);
#4567=AXIS2_PLACEMENT_3D('',#6800,#5516,#5517);
#4568=AXIS2_PLACEMENT_3D('',#6801,#5518,#5519);
#4569=AXIS2_PLACEMENT_3D('',#6803,#5520,#5521);
#4570=AXIS2_PLACEMENT_3D('',#6805,#5522,#5523);
#4571=AXIS2_PLACEMENT_3D('',#6806,#5524,#5525);
#4572=AXIS2_PLACEMENT_3D('',#6807,#5526,#5527);
#4573=AXIS2_PLACEMENT_3D('',#6808,#5528,#5529);
#4574=AXIS2_PLACEMENT_3D('',#6810,#5531,#5532);
#4575=AXIS2_PLACEMENT_3D('',#6811,#5533,#5534);
#4576=AXIS2_PLACEMENT_3D('',#6812,#5535,#5536);
#4577=AXIS2_PLACEMENT_3D('',#6818,#5540,#5541);
#4578=AXIS2_PLACEMENT_3D('',#6819,#5542,#5543);
#4579=AXIS2_PLACEMENT_3D('',#6824,#5545,#5546);
#4580=AXIS2_PLACEMENT_3D('',#6827,#5548,#5549);
#4581=AXIS2_PLACEMENT_3D('',#6833,#5553,#5554);
#4582=AXIS2_PLACEMENT_3D('',#6834,#5555,#5556);
#4583=AXIS2_PLACEMENT_3D('',#6836,#5557,#5558);
#4584=AXIS2_PLACEMENT_3D('',#6838,#5559,#5560);
#4585=AXIS2_PLACEMENT_3D('',#6839,#5561,#5562);
#4586=AXIS2_PLACEMENT_3D('',#6840,#5563,#5564);
#4587=AXIS2_PLACEMENT_3D('',#6841,#5565,#5566);
#4588=AXIS2_PLACEMENT_3D('',#6843,#5568,#5569);
#4589=AXIS2_PLACEMENT_3D('',#6844,#5570,#5571);
#4590=AXIS2_PLACEMENT_3D('',#6845,#5572,#5573);
#4591=AXIS2_PLACEMENT_3D('',#6846,#5574,#5575);
#4592=AXIS2_PLACEMENT_3D('',#6847,#5576,#5577);
#4593=AXIS2_PLACEMENT_3D('',#6848,#5578,#5579);
#4594=AXIS2_PLACEMENT_3D('',#6849,#5580,#5581);
#4595=AXIS2_PLACEMENT_3D('',#6850,#5582,#5583);
#4596=AXIS2_PLACEMENT_3D('',#6851,#5584,#5585);
#4597=AXIS2_PLACEMENT_3D('',#6860,#5590,#5591);
#4598=AXIS2_PLACEMENT_3D('',#6866,#5595,#5596);
#4599=AXIS2_PLACEMENT_3D('',#6872,#5600,#5601);
#4600=AXIS2_PLACEMENT_3D('',#6881,#5606,#5607);
#4601=AXIS2_PLACEMENT_3D('',#6887,#5611,#5612);
#4602=AXIS2_PLACEMENT_3D('',#6893,#5616,#5617);
#4603=AXIS2_PLACEMENT_3D('',#6896,#5620,#5621);
#4604=AXIS2_PLACEMENT_3D('',#6899,#5624,#5625);
#4605=AXIS2_PLACEMENT_3D('',#6900,#5626,#5627);
#4606=AXIS2_PLACEMENT_3D('',#6901,#5628,#5629);
#4607=AXIS2_PLACEMENT_3D('',#6902,#5630,#5631);
#4608=AXIS2_PLACEMENT_3D('',#6903,#5632,#5633);
#4609=AXIS2_PLACEMENT_3D('',#6912,#5637,#5638);
#4610=AXIS2_PLACEMENT_3D('',#6916,#5640,#5641);
#4611=AXIS2_PLACEMENT_3D('',#6919,#5643,#5644);
#4612=AXIS2_PLACEMENT_3D('',#6928,#5649,#5650);
#4613=AXIS2_PLACEMENT_3D('',#6937,#5655,#5656);
#4614=AXIS2_PLACEMENT_3D('',#6946,#5661,#5662);
#4615=AXIS2_PLACEMENT_3D('',#6955,#5667,#5668);
#4616=AXIS2_PLACEMENT_3D('',#6964,#5673,#5674);
#4617=AXIS2_PLACEMENT_3D('',#6973,#5679,#5680);
#4618=AXIS2_PLACEMENT_3D('',#6982,#5685,#5686);
#4619=AXIS2_PLACEMENT_3D('',#6992,#5692,#5693);
#4620=AXIS2_PLACEMENT_3D('',#6995,#5695,#5696);
#4621=AXIS2_PLACEMENT_3D('',#6996,#5697,#5698);
#4622=AXIS2_PLACEMENT_3D('',#7000,#5701,#5702);
#4623=AXIS2_PLACEMENT_3D('',#7003,#5704,#5705);
#4624=AXIS2_PLACEMENT_3D('',#7004,#5706,#5707);
#4625=AXIS2_PLACEMENT_3D('',#7011,#5711,#5712);
#4626=AXIS2_PLACEMENT_3D('',#7012,#5713,#5714);
#4627=AXIS2_PLACEMENT_3D('',#7013,#5715,#5716);
#4628=AXIS2_PLACEMENT_3D('',#7015,#5717,#5718);
#4629=AXIS2_PLACEMENT_3D('',#7016,#5719,#5720);
#4630=AXIS2_PLACEMENT_3D('',#7017,#5721,#5722);
#4631=AXIS2_PLACEMENT_3D('',#7018,#5723,#5724);
#4632=AXIS2_PLACEMENT_3D('',#7019,#5725,#5726);
#4633=AXIS2_PLACEMENT_3D('',#7020,#5727,#5728);
#4634=AXIS2_PLACEMENT_3D('',#7021,#5729,#5730);
#4635=AXIS2_PLACEMENT_3D('',#7022,#5731,#5732);
#4636=AXIS2_PLACEMENT_3D('',#7023,#5733,#5734);
#4637=AXIS2_PLACEMENT_3D('',#7024,#5735,#5736);
#4638=AXIS2_PLACEMENT_3D('',#7033,#5741,#5742);
#4639=AXIS2_PLACEMENT_3D('',#7034,#5743,#5744);
#4640=AXIS2_PLACEMENT_3D('',#7036,#5745,#5746);
#4641=AXIS2_PLACEMENT_3D('',#7039,#5748,#5749);
#4642=AXIS2_PLACEMENT_3D('',#7045,#5753,#5754);
#4643=AXIS2_PLACEMENT_3D('',#7048,#5756,#5757);
#4644=AXIS2_PLACEMENT_3D('',#7049,#5758,#5759);
#4645=AXIS2_PLACEMENT_3D('',#7050,#5760,#5761);
#4646=AXIS2_PLACEMENT_3D('',#7051,#5762,#5763);
#4647=AXIS2_PLACEMENT_3D('',#7052,#5764,#5765);
#4648=AXIS2_PLACEMENT_3D('',#7053,#5766,#5767);
#4649=AXIS2_PLACEMENT_3D('',#7054,#5768,#5769);
#4650=AXIS2_PLACEMENT_3D('',#7055,#5770,#5771);
#4651=AXIS2_PLACEMENT_3D('',#7056,#5772,#5773);
#4652=AXIS2_PLACEMENT_3D('',#7057,#5774,#5775);
#4653=AXIS2_PLACEMENT_3D('',#7058,#5776,#5777);
#4654=AXIS2_PLACEMENT_3D('',#7060,#5779,#5780);
#4655=AXIS2_PLACEMENT_3D('',#7061,#5781,#5782);
#4656=AXIS2_PLACEMENT_3D('',#7062,#5783,#5784);
#4657=AXIS2_PLACEMENT_3D('',#7063,#5785,#5786);
#4658=AXIS2_PLACEMENT_3D('',#7064,#5787,#5788);
#4659=AXIS2_PLACEMENT_3D('',#7065,#5789,#5790);
#4660=AXIS2_PLACEMENT_3D('',#7066,#5791,#5792);
#4661=AXIS2_PLACEMENT_3D('',#7067,#5793,#5794);
#4662=AXIS2_PLACEMENT_3D('',#7068,#5795,#5796);
#4663=AXIS2_PLACEMENT_3D('',#7069,#5797,#5798);
#4664=AXIS2_PLACEMENT_3D('',#7070,#5799,#5800);
#4665=AXIS2_PLACEMENT_3D('',#7071,#5801,#5802);
#4666=AXIS2_PLACEMENT_3D('',#7072,#5803,#5804);
#4667=DIRECTION('',(0.,0.,1.));
#4668=DIRECTION('',(1.,0.,0.));
#4669=DIRECTION('',(-1.,0.,0.));
#4670=DIRECTION('',(0.,0.,1.));
#4671=DIRECTION('',(0.,0.,-1.));
#4672=DIRECTION('',(0.,-1.,0.));
#4673=DIRECTION('',(0.,0.,-1.));
#4674=DIRECTION('',(0.,-1.,0.));
#4675=DIRECTION('',(0.,0.,-1.));
#4676=DIRECTION('',(0.,-1.,0.));
#4677=DIRECTION('',(0.,0.,-1.));
#4678=DIRECTION('',(0.,-1.,0.));
#4679=DIRECTION('',(0.,0.,-1.));
#4680=DIRECTION('',(-1.,0.,0.));
#4681=DIRECTION('',(1.,0.,0.));
#4682=DIRECTION('',(1.,0.,0.));
#4683=DIRECTION('',(0.,-1.,0.));
#4684=DIRECTION('',(-1.,0.,0.));
#4685=DIRECTION('',(0.,0.,1.));
#4686=DIRECTION('',(0.,0.,-1.));
#4687=DIRECTION('',(0.,0.,-1.));
#4688=DIRECTION('',(0.,-1.,0.));
#4689=DIRECTION('',(0.,0.,-1.));
#4690=DIRECTION('',(0.,-1.,0.));
#4691=DIRECTION('',(0.,0.,-1.));
#4692=DIRECTION('',(0.,-1.,0.));
#4693=DIRECTION('',(0.,0.,-1.));
#4694=DIRECTION('',(-1.,0.,0.));
#4695=DIRECTION('',(1.,0.,0.));
#4696=DIRECTION('',(1.,0.,0.));
#4697=DIRECTION('',(0.,-1.,0.));
#4698=DIRECTION('',(1.,0.,0.));
#4699=DIRECTION('',(0.,-1.,0.));
#4700=DIRECTION('',(1.,0.,0.));
#4701=DIRECTION('',(-1.,0.,0.));
#4702=DIRECTION('',(0.,0.,-1.));
#4703=DIRECTION('',(-1.,0.,0.));
#4704=DIRECTION('',(1.,0.,0.));
#4705=DIRECTION('',(1.,0.,0.));
#4706=DIRECTION('',(0.,0.,1.));
#4707=DIRECTION('',(1.,0.,0.));
#4708=DIRECTION('',(-1.,0.,0.));
#4709=DIRECTION('',(0.,-1.,0.));
#4710=DIRECTION('',(1.,0.,0.));
#4711=DIRECTION('',(0.,-1.,0.));
#4712=DIRECTION('',(1.,0.,0.));
#4713=DIRECTION('',(0.,0.,1.));
#4714=DIRECTION('',(1.,0.,0.));
#4715=DIRECTION('',(0.848560843958111,-0.529097811468823,0.));
#4716=DIRECTION('',(0.529097811468823,0.848560843958111,0.));
#4717=DIRECTION('',(-0.529097811468823,-0.848560843958111,0.));
#4718=DIRECTION('',(0.,0.,-1.));
#4719=DIRECTION('',(-0.529097811468823,-0.848560843958111,0.));
#4720=DIRECTION('',(0.,0.,-1.));
#4721=DIRECTION('',(0.,0.,-1.));
#4722=DIRECTION('',(-1.,0.,0.));
#4723=DIRECTION('',(0.,0.,1.));
#4724=DIRECTION('',(1.,0.,0.));
#4725=DIRECTION('',(0.,0.,-1.));
#4726=DIRECTION('',(0.,0.,1.));
#4727=DIRECTION('',(1.,0.,0.));
#4728=DIRECTION('',(0.848560843958111,-0.529097811468823,0.));
#4729=DIRECTION('',(0.529097811468823,0.848560843958111,0.));
#4730=DIRECTION('',(-0.529097811468823,-0.848560843958111,0.));
#4731=DIRECTION('',(0.,0.,-1.));
#4732=DIRECTION('',(-0.529097811468823,-0.848560843958111,0.));
#4733=DIRECTION('',(0.,1.,0.));
#4734=DIRECTION('',(0.,0.,1.));
#4735=DIRECTION('',(1.,0.,0.));
#4736=DIRECTION('',(0.,0.,-1.));
#4737=DIRECTION('',(1.,0.,0.));
#4738=DIRECTION('',(0.,0.,-1.));
#4739=DIRECTION('',(-1.,0.,0.));
#4740=DIRECTION('',(0.,0.,1.));
#4741=DIRECTION('',(0.,1.,0.));
#4742=DIRECTION('',(0.,0.,-1.));
#4743=DIRECTION('',(0.,1.,0.));
#4744=DIRECTION('',(0.,1.,0.));
#4745=DIRECTION('',(0.,0.,1.));
#4746=DIRECTION('',(1.,0.,0.));
#4747=DIRECTION('',(0.,0.,-1.));
#4748=DIRECTION('',(1.,0.,0.));
#4749=DIRECTION('',(0.,0.,-1.));
#4750=DIRECTION('',(-1.,0.,0.));
#4751=DIRECTION('',(0.,0.,1.));
#4752=DIRECTION('',(1.,0.,0.));
#4753=DIRECTION('',(0.,0.,-1.));
#4754=DIRECTION('',(0.,0.,1.));
#4755=DIRECTION('',(1.,0.,0.));
#4756=DIRECTION('',(0.,0.,-1.));
#4757=DIRECTION('',(0.,0.,-1.));
#4758=DIRECTION('',(-1.,0.,0.));
#4759=DIRECTION('',(0.,0.,1.));
#4760=DIRECTION('',(1.,0.,0.));
#4761=DIRECTION('',(0.,0.,1.));
#4762=DIRECTION('',(1.,0.,0.));
#4763=DIRECTION('',(0.,0.,-1.));
#4764=DIRECTION('',(-1.,0.,0.));
#4765=DIRECTION('',(0.,0.,1.));
#4766=DIRECTION('',(1.,0.,0.));
#4767=DIRECTION('',(0.,0.,1.));
#4768=DIRECTION('',(1.,0.,0.));
#4769=DIRECTION('',(0.924611228145928,0.380912164135616,0.));
#4770=DIRECTION('',(-0.380912164135616,0.924611228145928,0.));
#4771=DIRECTION('',(0.380912164135616,-0.924611228145928,0.));
#4772=DIRECTION('',(0.380912164135616,-0.924611228145928,0.));
#4773=DIRECTION('',(0.,0.,-1.));
#4774=DIRECTION('',(-1.,0.,0.));
#4775=DIRECTION('',(0.,0.,1.));
#4776=DIRECTION('',(1.,0.,0.));
#4777=DIRECTION('',(0.,0.,1.));
#4778=DIRECTION('',(1.,0.,0.));
#4779=DIRECTION('',(0.,0.,1.));
#4780=DIRECTION('',(1.,0.,0.));
#4781=DIRECTION('',(0.,0.,1.));
#4782=DIRECTION('',(1.,0.,0.));
#4783=DIRECTION('',(0.,0.,1.));
#4784=DIRECTION('',(1.,0.,0.));
#4785=DIRECTION('',(0.,0.,1.));
#4786=DIRECTION('',(1.,0.,0.));
#4787=DIRECTION('',(0.,0.,-1.));
#4788=DIRECTION('',(-1.,0.,0.));
#4789=DIRECTION('',(-1.,0.,0.));
#4790=DIRECTION('',(0.,0.,1.));
#4791=DIRECTION('',(0.,-1.,0.));
#4792=DIRECTION('',(0.,0.,-1.));
#4793=DIRECTION('',(0.,0.,-1.));
#4794=DIRECTION('',(-1.,0.,0.));
#4795=DIRECTION('',(0.,0.,-1.));
#4796=DIRECTION('',(-1.,0.,0.));
#4797=DIRECTION('',(0.,-1.,0.));
#4798=DIRECTION('',(0.,0.,-1.));
#4799=DIRECTION('',(-1.,0.,0.));
#4800=DIRECTION('',(0.,0.,-1.));
#4801=DIRECTION('',(-1.,0.,0.));
#4802=DIRECTION('',(0.,0.,-1.));
#4803=DIRECTION('',(-1.,0.,0.));
#4804=DIRECTION('',(0.,0.,1.));
#4805=DIRECTION('',(0.,1.,0.));
#4806=DIRECTION('',(0.,1.,0.));
#4807=DIRECTION('',(0.,0.,-1.));
#4808=DIRECTION('',(-1.,0.,0.));
#4809=DIRECTION('',(0.,0.,1.));
#4810=DIRECTION('',(0.,0.,-1.));
#4811=DIRECTION('',(-1.,0.,0.));
#4812=DIRECTION('',(0.,0.,1.));
#4813=DIRECTION('',(0.,1.,0.));
#4814=DIRECTION('',(-1.,0.,0.));
#4815=DIRECTION('',(0.,0.,1.));
#4816=DIRECTION('',(0.,0.,-1.));
#4817=DIRECTION('',(-1.,0.,0.));
#4818=DIRECTION('',(0.,0.,1.));
#4819=DIRECTION('',(0.,0.,-1.));
#4820=DIRECTION('',(-1.,0.,0.));
#4821=DIRECTION('',(0.,0.,1.));
#4822=DIRECTION('',(0.,-1.,0.));
#4823=DIRECTION('',(0.,0.,-1.));
#4824=DIRECTION('',(0.,1.,0.));
#4825=DIRECTION('',(0.,0.,-1.));
#4826=DIRECTION('',(0.,1.,0.));
#4827=DIRECTION('',(-1.,0.,0.));
#4828=DIRECTION('',(0.,0.,1.));
#4829=DIRECTION('',(0.,1.,0.));
#4830=DIRECTION('',(0.,0.,1.));
#4831=DIRECTION('',(1.,0.,0.));
#4832=DIRECTION('',(0.,0.,-1.));
#4833=DIRECTION('',(1.,0.,0.));
#4834=DIRECTION('',(-1.,0.,0.));
#4835=DIRECTION('',(0.,0.,1.));
#4836=DIRECTION('',(0.,1.,0.));
#4837=DIRECTION('',(0.,1.,0.));
#4838=DIRECTION('',(-1.,0.,0.));
#4839=DIRECTION('',(0.,0.,1.));
#4840=DIRECTION('',(0.,0.,-1.));
#4841=DIRECTION('',(-1.,0.,0.));
#4842=DIRECTION('',(0.,0.,1.));
#4843=DIRECTION('',(0.,1.,0.));
#4844=DIRECTION('',(0.,0.,-1.));
#4845=DIRECTION('',(0.,1.,0.));
#4846=DIRECTION('',(0.,0.,-1.));
#4847=DIRECTION('',(0.,-1.,0.));
#4848=DIRECTION('',(-1.,0.,0.));
#4849=DIRECTION('',(0.,0.,1.));
#4850=DIRECTION('',(0.,0.,-1.));
#4851=DIRECTION('',(-1.,0.,0.));
#4852=DIRECTION('',(0.,0.,1.));
#4853=DIRECTION('',(0.,0.,-1.));
#4854=DIRECTION('',(-1.,0.,0.));
#4855=DIRECTION('',(0.,0.,1.));
#4856=DIRECTION('',(0.,1.,0.));
#4857=DIRECTION('',(-1.,0.,0.));
#4858=DIRECTION('',(0.,0.,1.));
#4859=DIRECTION('',(0.,0.,1.));
#4860=DIRECTION('',(1.,0.,0.));
#4861=DIRECTION('',(1.,0.,0.));
#4862=DIRECTION('',(1.,0.,0.));
#4863=DIRECTION('',(0.,1.,0.));
#4864=DIRECTION('',(0.,0.,1.));
#4865=DIRECTION('',(1.,0.,0.));
#4866=DIRECTION('',(1.,0.,0.));
#4867=DIRECTION('',(0.,-1.,0.));
#4868=DIRECTION('',(0.,0.,-1.));
#4869=DIRECTION('',(-1.,0.,0.));
#4870=DIRECTION('',(-1.,0.,0.));
#4871=DIRECTION('',(0.,-1.,0.));
#4872=DIRECTION('',(0.,0.,-1.));
#4873=DIRECTION('',(-1.,0.,0.));
#4874=DIRECTION('',(-1.,0.,0.));
#4875=DIRECTION('',(0.,0.,1.));
#4876=DIRECTION('',(1.,0.,0.));
#4877=DIRECTION('',(0.,0.,1.));
#4878=DIRECTION('',(1.,0.,0.));
#4879=DIRECTION('',(0.,0.,-1.));
#4880=DIRECTION('',(-1.,0.,0.));
#4881=DIRECTION('',(0.,0.,-1.));
#4882=DIRECTION('',(-1.,0.,0.));
#4883=DIRECTION('',(1.,0.,0.));
#4884=DIRECTION('',(1.,0.,0.));
#4885=DIRECTION('',(0.,0.,1.));
#4886=DIRECTION('',(1.,0.,0.));
#4887=DIRECTION('',(0.,1.,0.));
#4888=DIRECTION('',(0.,0.,1.));
#4889=DIRECTION('',(1.,0.,0.));
#4890=DIRECTION('',(0.,0.,1.));
#4891=DIRECTION('',(1.,0.,0.));
#4892=DIRECTION('',(0.,0.,1.));
#4893=DIRECTION('',(1.,0.,0.));
#4894=DIRECTION('',(-1.,0.,0.));
#4895=DIRECTION('',(0.,1.,0.));
#4896=DIRECTION('',(0.,0.,1.));
#4897=DIRECTION('',(1.,0.,0.));
#4898=DIRECTION('',(0.,0.,1.));
#4899=DIRECTION('',(1.,0.,0.));
#4900=DIRECTION('',(0.,0.,1.));
#4901=DIRECTION('',(1.,0.,0.));
#4902=DIRECTION('',(-1.,0.,0.));
#4903=DIRECTION('',(1.,0.,0.));
#4904=DIRECTION('',(0.,0.,-1.));
#4905=DIRECTION('',(-1.,0.,0.));
#4906=DIRECTION('',(0.,0.,1.));
#4907=DIRECTION('',(-1.,0.,0.));
#4908=DIRECTION('',(0.,0.,1.));
#4909=DIRECTION('',(1.,0.,0.));
#4910=DIRECTION('',(0.,0.,-1.));
#4911=DIRECTION('',(-1.,0.,0.));
#4912=DIRECTION('',(0.,0.,1.));
#4913=DIRECTION('',(1.,0.,0.));
#4914=DIRECTION('',(0.,0.,-1.));
#4915=DIRECTION('',(0.,0.,-1.));
#4916=DIRECTION('',(-1.,0.,0.));
#4917=DIRECTION('',(0.,0.,-1.));
#4918=DIRECTION('',(-1.,0.,0.));
#4919=DIRECTION('',(0.,0.,1.));
#4920=DIRECTION('',(1.,0.,0.));
#4921=DIRECTION('',(0.,0.,1.));
#4922=DIRECTION('',(1.,0.,0.));
#4923=DIRECTION('',(1.,0.,0.));
#4924=DIRECTION('',(0.,-1.,0.));
#4925=DIRECTION('',(1.,0.,0.));
#4926=DIRECTION('',(0.,1.,0.));
#4927=DIRECTION('',(-1.,0.,0.));
#4928=DIRECTION('',(0.,0.,-1.));
#4929=DIRECTION('',(0.,0.,-1.));
#4930=DIRECTION('',(0.,1.,0.));
#4931=DIRECTION('',(0.,0.,-1.));
#4932=DIRECTION('',(0.,-1.,0.));
#4933=DIRECTION('',(0.,0.,-1.));
#4934=DIRECTION('',(0.,-1.,0.));
#4935=DIRECTION('',(0.,-1.,0.));
#4936=DIRECTION('',(0.,0.,1.));
#4937=DIRECTION('',(0.,-1.,0.));
#4938=DIRECTION('',(0.,0.,1.));
#4939=DIRECTION('',(0.,1.,0.));
#4940=DIRECTION('',(0.,0.,1.));
#4941=DIRECTION('',(0.,1.,0.));
#4942=DIRECTION('',(0.,0.,1.));
#4943=DIRECTION('',(0.,0.,1.));
#4944=DIRECTION('',(1.,0.,0.));
#4945=DIRECTION('',(1.,0.,0.));
#4946=DIRECTION('',(0.,0.,1.));
#4947=DIRECTION('',(1.,0.,0.));
#4948=DIRECTION('',(0.,0.,1.));
#4949=DIRECTION('',(1.,0.,0.));
#4950=DIRECTION('',(0.,0.,1.));
#4951=DIRECTION('',(0.,0.,1.));
#4952=DIRECTION('',(0.,-1.,0.));
#4953=DIRECTION('',(0.,0.,1.));
#4954=DIRECTION('',(0.,1.,0.));
#4955=DIRECTION('',(0.,0.,1.));
#4956=DIRECTION('',(0.,1.,0.));
#4957=DIRECTION('',(0.,1.,0.));
#4958=DIRECTION('',(0.,0.,1.));
#4959=DIRECTION('',(0.,1.,0.));
#4960=DIRECTION('',(0.,0.,1.));
#4961=DIRECTION('',(0.,-1.,0.));
#4962=DIRECTION('',(0.,1.,0.));
#4963=DIRECTION('',(0.,0.,1.));
#4964=DIRECTION('',(1.,0.,0.));
#4965=DIRECTION('',(0.,0.,1.));
#4966=DIRECTION('',(1.,0.,0.));
#4967=DIRECTION('',(1.,0.,0.));
#4968=DIRECTION('',(0.,1.,0.));
#4969=DIRECTION('',(0.,0.,1.));
#4970=DIRECTION('',(1.,0.,0.));
#4971=DIRECTION('',(0.,-1.,0.));
#4972=DIRECTION('',(1.,0.,0.));
#4973=DIRECTION('',(0.,1.,0.));
#4974=DIRECTION('',(0.,0.,1.));
#4975=DIRECTION('',(0.,0.,1.));
#4976=DIRECTION('',(1.,0.,0.));
#4977=DIRECTION('',(0.,0.,1.));
#4978=DIRECTION('',(1.,0.,0.));
#4979=DIRECTION('',(1.,0.,0.));
#4980=DIRECTION('',(0.,-1.,0.));
#4981=DIRECTION('',(0.,0.,1.));
#4982=DIRECTION('',(1.,0.,0.));
#4983=DIRECTION('',(0.,1.,0.));
#4984=DIRECTION('',(1.,0.,0.));
#4985=DIRECTION('',(0.,0.,1.));
#4986=DIRECTION('',(1.,0.,0.));
#4987=DIRECTION('',(0.,1.,0.));
#4988=DIRECTION('',(0.,0.,1.));
#4989=DIRECTION('',(1.,0.,0.));
#4990=DIRECTION('',(0.,-1.,0.));
#4991=DIRECTION('',(1.,0.,0.));
#4992=DIRECTION('',(1.,0.,0.));
#4993=DIRECTION('',(0.,1.,0.));
#4994=DIRECTION('',(0.,0.,1.));
#4995=DIRECTION('',(1.,0.,0.));
#4996=DIRECTION('',(0.,0.,1.));
#4997=DIRECTION('',(0.,1.,0.));
#4998=DIRECTION('',(0.,0.,1.));
#4999=DIRECTION('',(1.,0.,0.));
#5000=DIRECTION('',(0.,0.,1.));
#5001=DIRECTION('',(1.,0.,0.));
#5002=DIRECTION('',(1.,0.,0.));
#5003=DIRECTION('',(1.,0.,0.));
#5004=DIRECTION('',(0.,-1.,0.));
#5005=DIRECTION('',(0.,0.,1.));
#5006=DIRECTION('',(1.,0.,0.));
#5007=DIRECTION('',(0.,1.,0.));
#5008=DIRECTION('',(0.,0.,1.));
#5009=DIRECTION('',(1.,0.,0.));
#5010=DIRECTION('',(0.,0.,1.));
#5011=DIRECTION('',(1.,0.,0.));
#5012=DIRECTION('',(0.,0.,1.));
#5013=DIRECTION('',(1.,0.,0.));
#5014=DIRECTION('',(0.,0.,1.));
#5015=DIRECTION('',(1.,0.,0.));
#5016=DIRECTION('',(0.,1.,0.));
#5017=DIRECTION('',(0.,0.,1.));
#5018=DIRECTION('',(1.,0.,0.));
#5019=DIRECTION('',(1.,0.,0.));
#5020=DIRECTION('',(0.,0.,1.));
#5021=DIRECTION('',(1.,0.,0.));
#5022=DIRECTION('',(0.,0.,1.));
#5023=DIRECTION('',(1.,0.,0.));
#5024=DIRECTION('',(0.,0.,1.));
#5025=DIRECTION('',(1.,0.,0.));
#5026=DIRECTION('',(0.,1.,0.));
#5027=DIRECTION('',(1.,0.,0.));
#5028=DIRECTION('',(0.,1.,-2.22044604925E-16));
#5029=DIRECTION('',(1.,0.,0.));
#5030=DIRECTION('',(0.,-2.22044604925E-16,-1.));
#5031=DIRECTION('',(0.,1.,-2.22044604925E-16));
#5032=DIRECTION('',(0.,-2.22044604925E-16,-1.));
#5033=DIRECTION('',(0.,0.,-1.));
#5034=DIRECTION('',(-1.,0.,0.));
#5035=DIRECTION('',(0.,1.,0.));
#5036=DIRECTION('',(-1.,0.,0.));
#5037=DIRECTION('',(-1.,0.,0.));
#5038=DIRECTION('',(0.,2.22044604925E-16,1.));
#5039=DIRECTION('',(0.,2.22044604925E-16,1.));
#5040=DIRECTION('',(0.,1.,0.));
#5041=DIRECTION('',(0.,0.,1.));
#5042=DIRECTION('',(0.,0.,1.));
#5043=DIRECTION('',(0.,1.,0.));
#5044=DIRECTION('',(0.,0.,1.));
#5045=DIRECTION('',(0.,0.,1.));
#5046=DIRECTION('',(0.,0.,1.));
#5047=DIRECTION('',(1.,0.,0.));
#5048=DIRECTION('',(0.,0.,1.));
#5049=DIRECTION('',(1.,0.,0.));
#5050=DIRECTION('',(1.,0.,0.));
#5051=DIRECTION('',(0.,0.,1.));
#5052=DIRECTION('',(0.,0.,1.));
#5053=DIRECTION('',(0.,0.,1.));
#5054=DIRECTION('',(1.,0.,0.));
#5055=DIRECTION('',(0.,0.,1.));
#5056=DIRECTION('',(1.,0.,0.));
#5057=DIRECTION('',(0.,0.,1.));
#5058=DIRECTION('',(1.,0.,0.));
#5059=DIRECTION('',(0.,0.,1.));
#5060=DIRECTION('',(0.,0.,1.));
#5061=DIRECTION('',(0.,0.,1.));
#5062=DIRECTION('',(1.,0.,0.));
#5063=DIRECTION('',(0.,0.,1.));
#5064=DIRECTION('',(1.,0.,0.));
#5065=DIRECTION('',(0.,0.,1.));
#5066=DIRECTION('',(0.,0.,1.));
#5067=DIRECTION('',(1.,0.,0.));
#5068=DIRECTION('',(0.,0.,1.));
#5069=DIRECTION('',(0.,0.,1.));
#5070=DIRECTION('',(1.,0.,0.));
#5071=DIRECTION('',(0.,0.,1.));
#5072=DIRECTION('',(0.,0.,1.));
#5073=DIRECTION('',(1.,0.,0.));
#5074=DIRECTION('',(0.,0.,1.));
#5075=DIRECTION('',(1.,0.,0.));
#5076=DIRECTION('',(0.,1.,0.));
#5077=DIRECTION('',(0.,0.,1.));
#5078=DIRECTION('',(0.,0.,-1.));
#5079=DIRECTION('',(-1.,0.,0.));
#5080=DIRECTION('',(0.,0.,1.));
#5081=DIRECTION('',(1.,0.,0.));
#5082=DIRECTION('',(0.,0.,1.));
#5083=DIRECTION('',(1.,0.,0.));
#5084=DIRECTION('',(0.,0.,1.));
#5085=DIRECTION('',(0.,0.,1.));
#5086=DIRECTION('',(1.,0.,0.));
#5087=DIRECTION('',(0.,0.,1.));
#5088=DIRECTION('',(0.,0.,1.));
#5089=DIRECTION('',(1.,0.,0.));
#5090=DIRECTION('',(0.,0.,1.));
#5091=DIRECTION('',(0.,0.,1.));
#5092=DIRECTION('',(1.,0.,0.));
#5093=DIRECTION('',(0.,0.,1.));
#5094=DIRECTION('',(0.,0.,1.));
#5095=DIRECTION('',(1.,0.,0.));
#5096=DIRECTION('',(0.,0.,1.));
#5097=DIRECTION('',(0.,0.,1.));
#5098=DIRECTION('',(1.,0.,0.));
#5099=DIRECTION('',(0.,0.,1.));
#5100=DIRECTION('',(0.,0.,1.));
#5101=DIRECTION('',(1.,0.,0.));
#5102=DIRECTION('',(0.,0.,1.));
#5103=DIRECTION('',(0.,0.,1.));
#5104=DIRECTION('',(1.,0.,0.));
#5105=DIRECTION('',(0.,0.,1.));
#5106=DIRECTION('',(0.,0.,1.));
#5107=DIRECTION('',(1.,0.,0.));
#5108=DIRECTION('',(0.,0.,1.));
#5109=DIRECTION('',(0.,0.,1.));
#5110=DIRECTION('',(1.,0.,0.));
#5111=DIRECTION('',(0.,0.,1.));
#5112=DIRECTION('',(0.,0.,1.));
#5113=DIRECTION('',(1.,0.,0.));
#5114=DIRECTION('',(0.,0.,1.));
#5115=DIRECTION('',(0.,0.,1.));
#5116=DIRECTION('',(1.,0.,0.));
#5117=DIRECTION('',(0.,0.,1.));
#5118=DIRECTION('',(0.,0.,1.));
#5119=DIRECTION('',(1.,0.,0.));
#5120=DIRECTION('',(0.,0.,1.));
#5121=DIRECTION('',(0.,0.,1.));
#5122=DIRECTION('',(1.,0.,0.));
#5123=DIRECTION('',(0.,0.,1.));
#5124=DIRECTION('',(0.,0.,1.));
#5125=DIRECTION('',(1.,0.,0.));
#5126=DIRECTION('',(0.,0.,1.));
#5127=DIRECTION('',(0.,0.,1.));
#5128=DIRECTION('',(1.,0.,0.));
#5129=DIRECTION('',(0.,0.,1.));
#5130=DIRECTION('',(0.,0.,1.));
#5131=DIRECTION('',(1.,0.,0.));
#5132=DIRECTION('',(0.,0.,1.));
#5133=DIRECTION('',(0.,0.,1.));
#5134=DIRECTION('',(1.,0.,0.));
#5135=DIRECTION('',(0.,0.,1.));
#5136=DIRECTION('',(0.,0.,1.));
#5137=DIRECTION('',(1.,0.,0.));
#5138=DIRECTION('',(0.,0.,1.));
#5139=DIRECTION('',(0.,0.,1.));
#5140=DIRECTION('',(1.,0.,0.));
#5141=DIRECTION('',(0.,0.,1.));
#5142=DIRECTION('',(0.,0.,1.));
#5143=DIRECTION('',(1.,0.,0.));
#5144=DIRECTION('',(0.,0.,1.));
#5145=DIRECTION('',(0.,0.,1.));
#5146=DIRECTION('',(1.,0.,0.));
#5147=DIRECTION('',(0.,0.,1.));
#5148=DIRECTION('',(0.,0.,1.));
#5149=DIRECTION('',(1.,0.,0.));
#5150=DIRECTION('',(0.,0.,1.));
#5151=DIRECTION('',(0.,0.,1.));
#5152=DIRECTION('',(1.,0.,0.));
#5153=DIRECTION('',(0.,0.,1.));
#5154=DIRECTION('',(0.,0.,1.));
#5155=DIRECTION('',(1.,0.,0.));
#5156=DIRECTION('',(0.,0.,1.));
#5157=DIRECTION('',(0.,0.,1.));
#5158=DIRECTION('',(1.,0.,0.));
#5159=DIRECTION('',(0.,0.,1.));
#5160=DIRECTION('',(0.,0.,1.));
#5161=DIRECTION('',(1.,0.,0.));
#5162=DIRECTION('',(0.,0.,1.));
#5163=DIRECTION('',(0.,0.,1.));
#5164=DIRECTION('',(1.,0.,0.));
#5165=DIRECTION('',(0.,0.,1.));
#5166=DIRECTION('',(0.,0.,1.));
#5167=DIRECTION('',(1.,0.,0.));
#5168=DIRECTION('',(0.,0.,1.));
#5169=DIRECTION('',(0.,0.,1.));
#5170=DIRECTION('',(1.,0.,0.));
#5171=DIRECTION('',(0.,0.,1.));
#5172=DIRECTION('',(0.,0.,1.));
#5173=DIRECTION('',(1.,0.,0.));
#5174=DIRECTION('',(0.,0.,1.));
#5175=DIRECTION('',(0.,0.,1.));
#5176=DIRECTION('',(1.,0.,0.));
#5177=DIRECTION('',(0.,0.,1.));
#5178=DIRECTION('',(0.,0.,1.));
#5179=DIRECTION('',(1.,0.,0.));
#5180=DIRECTION('',(0.,0.,1.));
#5181=DIRECTION('',(0.,0.,1.));
#5182=DIRECTION('',(1.,0.,0.));
#5183=DIRECTION('',(0.,0.,1.));
#5184=DIRECTION('',(0.,0.,1.));
#5185=DIRECTION('',(1.,0.,0.));
#5186=DIRECTION('',(0.,0.,1.));
#5187=DIRECTION('',(0.,0.,1.));
#5188=DIRECTION('',(1.,0.,0.));
#5189=DIRECTION('',(0.,0.,1.));
#5190=DIRECTION('',(0.,0.,1.));
#5191=DIRECTION('',(1.,0.,0.));
#5192=DIRECTION('',(0.,0.,1.));
#5193=DIRECTION('',(0.,0.,1.));
#5194=DIRECTION('',(1.,0.,0.));
#5195=DIRECTION('',(0.,0.,1.));
#5196=DIRECTION('',(0.,0.,1.));
#5197=DIRECTION('',(1.,0.,0.));
#5198=DIRECTION('',(0.,0.,1.));
#5199=DIRECTION('',(0.,0.,1.));
#5200=DIRECTION('',(1.,0.,0.));
#5201=DIRECTION('',(0.,0.,1.));
#5202=DIRECTION('',(0.,0.,1.));
#5203=DIRECTION('',(1.,0.,0.));
#5204=DIRECTION('',(0.,0.,1.));
#5205=DIRECTION('',(1.,0.,0.));
#5206=DIRECTION('',(0.,0.,1.));
#5207=DIRECTION('',(1.,0.,0.));
#5208=DIRECTION('',(0.,0.,1.));
#5209=DIRECTION('',(1.,0.,0.));
#5210=DIRECTION('',(0.,0.,1.));
#5211=DIRECTION('',(1.,0.,0.));
#5212=DIRECTION('',(0.,0.,1.));
#5213=DIRECTION('',(1.,0.,0.));
#5214=DIRECTION('',(0.,0.,1.));
#5215=DIRECTION('',(0.951056516295123,0.30901699437504,0.));
#5216=DIRECTION('',(0.,0.,1.));
#5217=DIRECTION('',(1.,0.,0.));
#5218=DIRECTION('',(0.,0.,1.));
#5219=DIRECTION('',(0.951056516295123,0.30901699437504,0.));
#5220=DIRECTION('',(0.,0.,1.));
#5221=DIRECTION('',(0.809016994375191,0.587785252292138,0.));
#5222=DIRECTION('',(0.,0.,1.));
#5223=DIRECTION('',(1.,0.,0.));
#5224=DIRECTION('',(0.,0.,1.));
#5225=DIRECTION('',(0.809016994375191,0.587785252292138,0.));
#5226=DIRECTION('',(0.,0.,1.));
#5227=DIRECTION('',(0.587785252292138,0.809016994375191,0.));
#5228=DIRECTION('',(0.,0.,1.));
#5229=DIRECTION('',(1.,0.,0.));
#5230=DIRECTION('',(0.,0.,1.));
#5231=DIRECTION('',(0.587785252292138,0.809016994375191,0.));
#5232=DIRECTION('',(0.,0.,1.));
#5233=DIRECTION('',(0.30901699437504,0.951056516295123,0.));
#5234=DIRECTION('',(0.,0.,1.));
#5235=DIRECTION('',(1.,0.,0.));
#5236=DIRECTION('',(0.,0.,1.));
#5237=DIRECTION('',(0.30901699437504,0.951056516295123,0.));
#5238=DIRECTION('',(0.,0.,1.));
#5239=DIRECTION('',(1.110223024625E-16,1.,0.));
#5240=DIRECTION('',(0.,0.,1.));
#5241=DIRECTION('',(1.,0.,0.));
#5242=DIRECTION('',(0.,0.,1.));
#5243=DIRECTION('',(1.110223024625E-16,1.,0.));
#5244=DIRECTION('',(0.,0.,1.));
#5245=DIRECTION('',(-0.30901699437504,0.951056516295123,0.));
#5246=DIRECTION('',(0.,0.,1.));
#5247=DIRECTION('',(1.,0.,0.));
#5248=DIRECTION('',(0.,0.,1.));
#5249=DIRECTION('',(-0.30901699437504,0.951056516295123,0.));
#5250=DIRECTION('',(0.,0.,1.));
#5251=DIRECTION('',(-0.587785252292138,0.809016994375191,0.));
#5252=DIRECTION('',(0.,0.,1.));
#5253=DIRECTION('',(1.,0.,0.));
#5254=DIRECTION('',(0.,0.,1.));
#5255=DIRECTION('',(-0.587785252292138,0.809016994375191,0.));
#5256=DIRECTION('',(0.,0.,1.));
#5257=DIRECTION('',(-0.809016994375191,0.587785252292138,0.));
#5258=DIRECTION('',(0.,0.,1.));
#5259=DIRECTION('',(1.,0.,0.));
#5260=DIRECTION('',(0.,0.,1.));
#5261=DIRECTION('',(-0.809016994375191,0.587785252292138,0.));
#5262=DIRECTION('',(0.,0.,1.));
#5263=DIRECTION('',(-0.951056516295123,0.30901699437504,0.));
#5264=DIRECTION('',(0.,0.,1.));
#5265=DIRECTION('',(1.,0.,0.));
#5266=DIRECTION('',(0.,0.,1.));
#5267=DIRECTION('',(-0.951056516295123,0.30901699437504,0.));
#5268=DIRECTION('',(0.,0.,1.));
#5269=DIRECTION('',(-1.,1.224646799147E-16,0.));
#5270=DIRECTION('',(0.,0.,1.));
#5271=DIRECTION('',(1.,0.,0.));
#5272=DIRECTION('',(0.,0.,1.));
#5273=DIRECTION('',(-1.,1.224646799147E-16,0.));
#5274=DIRECTION('',(0.,0.,1.));
#5275=DIRECTION('',(-0.951056516295123,-0.30901699437504,0.));
#5276=DIRECTION('',(0.,0.,1.));
#5277=DIRECTION('',(1.,0.,0.));
#5278=DIRECTION('',(0.,0.,1.));
#5279=DIRECTION('',(-0.951056516295123,-0.30901699437504,0.));
#5280=DIRECTION('',(0.,0.,1.));
#5281=DIRECTION('',(-0.809016994375191,-0.587785252292138,0.));
#5282=DIRECTION('',(0.,0.,1.));
#5283=DIRECTION('',(1.,0.,0.));
#5284=DIRECTION('',(0.,0.,1.));
#5285=DIRECTION('',(-0.809016994375191,-0.587785252292138,0.));
#5286=DIRECTION('',(0.,0.,1.));
#5287=DIRECTION('',(-0.587785252292138,-0.809016994375191,0.));
#5288=DIRECTION('',(0.,0.,1.));
#5289=DIRECTION('',(1.,0.,0.));
#5290=DIRECTION('',(0.,0.,1.));
#5291=DIRECTION('',(-0.587785252292138,-0.809016994375191,0.));
#5292=DIRECTION('',(0.,0.,1.));
#5293=DIRECTION('',(-0.30901699437504,-0.951056516295123,0.));
#5294=DIRECTION('',(0.,0.,1.));
#5295=DIRECTION('',(1.,0.,0.));
#5296=DIRECTION('',(0.,0.,1.));
#5297=DIRECTION('',(-0.30901699437504,-0.951056516295123,0.));
#5298=DIRECTION('',(0.,0.,1.));
#5299=DIRECTION('',(-2.22044604925E-16,-1.,0.));
#5300=DIRECTION('',(0.,0.,1.));
#5301=DIRECTION('',(1.,0.,0.));
#5302=DIRECTION('',(0.,0.,1.));
#5303=DIRECTION('',(-2.22044604925E-16,-1.,0.));
#5304=DIRECTION('',(0.,0.,1.));
#5305=DIRECTION('',(0.30901699437504,-0.951056516295123,0.));
#5306=DIRECTION('',(0.,0.,1.));
#5307=DIRECTION('',(1.,0.,0.));
#5308=DIRECTION('',(0.,0.,1.));
#5309=DIRECTION('',(0.30901699437504,-0.951056516295123,0.));
#5310=DIRECTION('',(0.,0.,1.));
#5311=DIRECTION('',(0.587785252292138,-0.809016994375191,0.));
#5312=DIRECTION('',(0.,0.,1.));
#5313=DIRECTION('',(1.,0.,0.));
#5314=DIRECTION('',(0.,0.,1.));
#5315=DIRECTION('',(0.587785252292138,-0.809016994375191,0.));
#5316=DIRECTION('',(0.,0.,1.));
#5317=DIRECTION('',(0.809016994375191,-0.587785252292138,0.));
#5318=DIRECTION('',(0.,0.,1.));
#5319=DIRECTION('',(1.,0.,0.));
#5320=DIRECTION('',(0.,0.,1.));
#5321=DIRECTION('',(0.809016994375191,-0.587785252292138,0.));
#5322=DIRECTION('',(0.,0.,1.));
#5323=DIRECTION('',(0.951056516295123,-0.30901699437504,0.));
#5324=DIRECTION('',(0.,0.,1.));
#5325=DIRECTION('',(1.,0.,0.));
#5326=DIRECTION('',(0.,0.,1.));
#5327=DIRECTION('',(0.951056516295123,-0.30901699437504,0.));
#5328=DIRECTION('',(0.,0.,1.));
#5329=DIRECTION('',(1.,0.,0.));
#5330=DIRECTION('',(0.,0.,1.));
#5331=DIRECTION('',(1.,0.,0.));
#5332=DIRECTION('',(0.,0.,1.));
#5333=DIRECTION('',(1.,0.,0.));
#5334=DIRECTION('',(0.,0.,1.));
#5335=DIRECTION('',(1.,0.,0.));
#5336=DIRECTION('',(0.,0.,-1.));
#5337=DIRECTION('',(-1.,0.,0.));
#5338=DIRECTION('',(-1.,0.,0.));
#5339=DIRECTION('',(0.,0.,1.));
#5340=DIRECTION('',(-1.,0.,0.));
#5341=DIRECTION('',(0.,0.,1.));
#5342=DIRECTION('',(0.,0.,-1.));
#5343=DIRECTION('',(-1.,0.,0.));
#5344=DIRECTION('',(0.,0.,1.));
#5345=DIRECTION('',(0.,1.,0.));
#5346=DIRECTION('',(-1.,0.,0.));
#5347=DIRECTION('',(0.,0.,1.));
#5348=DIRECTION('',(0.,0.,-1.));
#5349=DIRECTION('',(-1.,0.,0.));
#5350=DIRECTION('',(0.,0.,1.));
#5351=DIRECTION('',(0.,1.,0.));
#5352=DIRECTION('',(-1.,0.,0.));
#5353=DIRECTION('',(0.,0.,1.));
#5354=DIRECTION('',(0.,1.,0.));
#5355=DIRECTION('',(0.,0.,1.));
#5356=DIRECTION('',(0.,0.,-1.));
#5357=DIRECTION('',(1.,0.,0.));
#5358=DIRECTION('',(1.,0.,0.));
#5359=DIRECTION('',(-1.,0.,0.));
#5360=DIRECTION('',(0.,0.,1.));
#5361=DIRECTION('',(0.,1.,0.));
#5362=DIRECTION('',(-1.,0.,0.));
#5363=DIRECTION('',(0.,0.,1.));
#5364=DIRECTION('',(-1.,0.,0.));
#5365=DIRECTION('',(0.,0.,1.));
#5366=DIRECTION('',(0.,1.,0.));
#5367=DIRECTION('',(-1.,0.,0.));
#5368=DIRECTION('',(0.,0.,1.));
#5369=DIRECTION('',(0.,0.,-1.));
#5370=DIRECTION('',(-1.,0.,0.));
#5371=DIRECTION('',(0.,0.,1.));
#5372=DIRECTION('',(0.,1.,0.));
#5373=DIRECTION('',(0.,0.,1.));
#5374=DIRECTION('',(1.,0.,0.));
#5375=DIRECTION('',(1.,0.,0.));
#5376=DIRECTION('',(0.,0.,1.));
#5377=DIRECTION('',(1.,0.,0.));
#5378=DIRECTION('',(1.,0.,0.));
#5379=DIRECTION('',(1.,0.,0.));
#5380=DIRECTION('',(0.,0.,1.));
#5381=DIRECTION('',(1.,0.,0.));
#5382=DIRECTION('',(1.,0.,0.));
#5383=DIRECTION('',(1.,0.,0.));
#5384=DIRECTION('',(-1.,0.,0.));
#5385=DIRECTION('',(0.,0.,1.));
#5386=DIRECTION('',(1.,0.,0.));
#5387=DIRECTION('',(0.,0.,-1.));
#5388=DIRECTION('',(-1.,0.,0.));
#5389=DIRECTION('',(0.,0.,1.));
#5390=DIRECTION('',(1.,0.,0.));
#5391=DIRECTION('',(0.,0.,-1.));
#5392=DIRECTION('',(-1.,0.,0.));
#5393=DIRECTION('',(0.,0.,1.));
#5394=DIRECTION('',(0.,0.,-1.));
#5395=DIRECTION('',(-1.,0.,0.));
#5396=DIRECTION('',(0.,0.,1.));
#5397=DIRECTION('',(1.,0.,0.));
#5398=DIRECTION('',(0.,0.,-1.));
#5399=DIRECTION('',(0.,0.,1.));
#5400=DIRECTION('',(1.,0.,0.));
#5401=DIRECTION('',(0.,0.,-1.));
#5402=DIRECTION('',(0.924611228145928,0.380912164135616,0.));
#5403=DIRECTION('',(-0.380912164135616,0.924611228145928,0.));
#5404=DIRECTION('',(0.380912164135616,-0.924611228145928,0.));
#5405=DIRECTION('',(0.,0.,-1.));
#5406=DIRECTION('',(0.380912164135616,-0.924611228145928,0.));
#5407=DIRECTION('',(0.,0.,-1.));
#5408=DIRECTION('',(-1.,0.,0.));
#5409=DIRECTION('',(0.,0.,1.));
#5410=DIRECTION('',(1.,0.,0.));
#5411=DIRECTION('',(0.,0.,-1.));
#5412=DIRECTION('',(0.,0.,1.));
#5413=DIRECTION('',(1.,0.,0.));
#5414=DIRECTION('',(0.,0.,-1.));
#5415=DIRECTION('',(-1.,0.,0.));
#5416=DIRECTION('',(0.,0.,1.));
#5417=DIRECTION('',(1.,0.,0.));
#5418=DIRECTION('',(0.,0.,1.));
#5419=DIRECTION('',(1.,0.,0.));
#5420=DIRECTION('',(0.924611228145928,0.380912164135616,0.));
#5421=DIRECTION('',(-0.380912164135616,0.924611228145928,0.));
#5422=DIRECTION('',(0.380912164135616,-0.924611228145928,0.));
#5423=DIRECTION('',(0.380912164135616,-0.924611228145928,0.));
#5424=DIRECTION('',(0.,0.,-1.));
#5425=DIRECTION('',(-1.,0.,0.));
#5426=DIRECTION('',(0.,0.,1.));
#5427=DIRECTION('',(1.,0.,0.));
#5428=DIRECTION('',(0.,0.,1.));
#5429=DIRECTION('',(1.,0.,0.));
#5430=DIRECTION('',(0.,0.,1.));
#5431=DIRECTION('',(1.,0.,0.));
#5432=DIRECTION('',(0.,0.,1.));
#5433=DIRECTION('',(1.,0.,0.));
#5434=DIRECTION('',(-1.,0.,0.));
#5435=DIRECTION('',(0.,0.,1.));
#5436=DIRECTION('',(0.,0.,-1.));
#5437=DIRECTION('',(-1.,0.,0.));
#5438=DIRECTION('',(0.,0.,1.));
#5439=DIRECTION('',(1.,0.,0.));
#5440=DIRECTION('',(0.,0.,1.));
#5441=DIRECTION('',(1.,0.,0.));
#5442=DIRECTION('',(1.,0.,0.));
#5443=DIRECTION('',(0.,-1.,0.));
#5444=DIRECTION('',(1.,0.,0.));
#5445=DIRECTION('',(0.,-1.,0.));
#5446=DIRECTION('',(-1.,0.,0.));
#5447=DIRECTION('',(0.,0.,1.));
#5448=DIRECTION('',(0.,0.,-1.));
#5449=DIRECTION('',(0.,-1.,0.));
#5450=DIRECTION('',(0.,0.,-1.));
#5451=DIRECTION('',(0.,0.,-1.));
#5452=DIRECTION('',(-1.,0.,0.));
#5453=DIRECTION('',(0.,0.,-1.));
#5454=DIRECTION('',(-1.,0.,0.));
#5455=DIRECTION('',(0.,0.,-1.));
#5456=DIRECTION('',(-1.,0.,0.));
#5457=DIRECTION('',(1.,0.,0.));
#5458=DIRECTION('',(0.,-1.,0.));
#5459=DIRECTION('',(1.,0.,0.));
#5460=DIRECTION('',(-1.,0.,0.));
#5461=DIRECTION('',(0.,0.,1.));
#5462=DIRECTION('',(0.,0.,-1.));
#5463=DIRECTION('',(0.,0.,-1.));
#5464=DIRECTION('',(0.,-1.,0.));
#5465=DIRECTION('',(1.,0.,0.));
#5466=DIRECTION('',(0.,-1.,0.));
#5467=DIRECTION('',(1.,0.,0.));
#5468=DIRECTION('',(0.,0.,1.));
#5469=DIRECTION('',(1.,0.,0.));
#5470=DIRECTION('',(0.,0.,1.));
#5471=DIRECTION('',(1.,0.,0.));
#5472=DIRECTION('',(0.,0.,1.));
#5473=DIRECTION('',(1.,0.,0.));
#5474=DIRECTION('',(1.,0.,0.));
#5475=DIRECTION('',(0.,0.,-1.));
#5476=DIRECTION('',(0.,1.,0.));
#5477=DIRECTION('',(0.,0.,-1.));
#5478=DIRECTION('',(0.,1.,0.));
#5479=DIRECTION('',(0.,0.,-1.));
#5480=DIRECTION('',(0.,1.,0.));
#5481=DIRECTION('',(0.,0.,1.));
#5482=DIRECTION('',(0.,1.,0.));
#5483=DIRECTION('',(0.,0.,1.));
#5484=DIRECTION('',(0.,1.,0.));
#5485=DIRECTION('',(0.,0.,1.));
#5486=DIRECTION('',(-1.,0.,0.));
#5487=DIRECTION('',(0.,0.,1.));
#5488=DIRECTION('',(-1.,0.,0.));
#5489=DIRECTION('',(0.,0.,1.));
#5490=DIRECTION('',(1.,0.,0.));
#5491=DIRECTION('',(0.,0.,1.));
#5492=DIRECTION('',(1.,0.,0.));
#5493=DIRECTION('',(0.,0.,-1.));
#5494=DIRECTION('',(0.,0.,1.));
#5495=DIRECTION('',(1.,0.,0.));
#5496=DIRECTION('',(0.,0.,1.));
#5497=DIRECTION('',(0.,1.,0.));
#5498=DIRECTION('',(0.,0.,1.));
#5499=DIRECTION('',(-1.,0.,0.));
#5500=DIRECTION('',(0.,0.,1.));
#5501=DIRECTION('',(-1.,0.,0.));
#5502=DIRECTION('',(0.,0.,1.));
#5503=DIRECTION('',(1.,0.,0.));
#5504=DIRECTION('',(0.,0.,-1.));
#5505=DIRECTION('',(0.,0.,1.));
#5506=DIRECTION('',(0.,1.,0.));
#5507=DIRECTION('',(0.,0.,-1.));
#5508=DIRECTION('',(0.,1.,0.));
#5509=DIRECTION('',(0.,0.,-1.));
#5510=DIRECTION('',(0.,1.,0.));
#5511=DIRECTION('',(0.,1.,0.));
#5512=DIRECTION('',(0.,1.,0.));
#5513=DIRECTION('',(0.,0.,1.));
#5514=DIRECTION('',(-1.,0.,0.));
#5515=DIRECTION('',(-1.,0.,0.));
#5516=DIRECTION('',(0.,0.,1.));
#5517=DIRECTION('',(1.,0.,0.));
#5518=DIRECTION('',(0.,0.,1.));
#5519=DIRECTION('',(1.,0.,0.));
#5520=DIRECTION('',(0.,0.,1.));
#5521=DIRECTION('',(1.,0.,0.));
#5522=DIRECTION('',(0.,0.,1.));
#5523=DIRECTION('',(1.,0.,0.));
#5524=DIRECTION('',(0.,0.,1.));
#5525=DIRECTION('',(1.,0.,0.));
#5526=DIRECTION('',(0.,0.,1.));
#5527=DIRECTION('',(1.,0.,0.));
#5528=DIRECTION('',(0.,0.,1.));
#5529=DIRECTION('',(1.,0.,0.));
#5530=DIRECTION('',(-1.,0.,0.));
#5531=DIRECTION('',(0.,0.,1.));
#5532=DIRECTION('',(1.,0.,0.));
#5533=DIRECTION('',(0.,0.,1.));
#5534=DIRECTION('',(1.,0.,0.));
#5535=DIRECTION('',(0.,-1.,0.));
#5536=DIRECTION('',(0.,0.,-1.));
#5537=DIRECTION('',(-1.,0.,0.));
#5538=DIRECTION('',(0.,0.,-1.));
#5539=DIRECTION('',(-1.,0.,0.));
#5540=DIRECTION('',(0.,0.,-1.));
#5541=DIRECTION('',(-1.,0.,0.));
#5542=DIRECTION('',(0.,0.,1.));
#5543=DIRECTION('',(1.,0.,0.));
#5544=DIRECTION('',(0.,0.,-1.));
#5545=DIRECTION('',(0.,0.,1.));
#5546=DIRECTION('',(1.,0.,0.));
#5547=DIRECTION('',(0.,0.,-1.));
#5548=DIRECTION('',(0.,-1.,0.));
#5549=DIRECTION('',(0.,0.,-1.));
#5550=DIRECTION('',(-1.,0.,0.));
#5551=DIRECTION('',(0.,0.,-1.));
#5552=DIRECTION('',(-1.,0.,0.));
#5553=DIRECTION('',(0.,0.,-1.));
#5554=DIRECTION('',(-1.,0.,0.));
#5555=DIRECTION('',(0.,0.,1.));
#5556=DIRECTION('',(1.,0.,0.));
#5557=DIRECTION('',(0.,0.,1.));
#5558=DIRECTION('',(1.,0.,0.));
#5559=DIRECTION('',(0.,0.,1.));
#5560=DIRECTION('',(1.,0.,0.));
#5561=DIRECTION('',(0.,0.,1.));
#5562=DIRECTION('',(1.,0.,0.));
#5563=DIRECTION('',(0.,0.,1.));
#5564=DIRECTION('',(1.,0.,0.));
#5565=DIRECTION('',(0.,0.,1.));
#5566=DIRECTION('',(1.,0.,0.));
#5567=DIRECTION('',(-1.,0.,0.));
#5568=DIRECTION('',(0.,0.,1.));
#5569=DIRECTION('',(1.,0.,0.));
#5570=DIRECTION('',(0.,0.,1.));
#5571=DIRECTION('',(1.,0.,0.));
#5572=DIRECTION('',(0.,-1.,0.));
#5573=DIRECTION('',(0.,0.,-1.));
#5574=DIRECTION('',(0.,0.,-1.));
#5575=DIRECTION('',(-1.,0.,0.));
#5576=DIRECTION('',(0.,0.,1.));
#5577=DIRECTION('',(1.,0.,0.));
#5578=DIRECTION('',(0.,0.,-1.));
#5579=DIRECTION('',(-1.,0.,0.));
#5580=DIRECTION('',(0.,0.,1.));
#5581=DIRECTION('',(1.,0.,0.));
#5582=DIRECTION('',(-1.,0.,0.));
#5583=DIRECTION('',(0.,0.,1.));
#5584=DIRECTION('',(0.,0.,-1.));
#5585=DIRECTION('',(-1.,0.,0.));
#5586=DIRECTION('',(-1.,0.,0.));
#5587=DIRECTION('',(0.,1.,0.));
#5588=DIRECTION('',(-1.,0.,0.));
#5589=DIRECTION('',(0.,1.,0.));
#5590=DIRECTION('',(1.,0.,0.));
#5591=DIRECTION('',(0.,0.,-1.));
#5592=DIRECTION('',(0.,0.,-1.));
#5593=DIRECTION('',(0.,1.,0.));
#5594=DIRECTION('',(0.,0.,-1.));
#5595=DIRECTION('',(0.,0.,-1.));
#5596=DIRECTION('',(-1.,0.,0.));
#5597=DIRECTION('',(-1.,0.,0.));
#5598=DIRECTION('',(0.,1.,0.));
#5599=DIRECTION('',(-1.,0.,0.));
#5600=DIRECTION('',(1.18867561523036E-16,0.,1.));
#5601=DIRECTION('',(1.,0.,-1.18867561523036E-16));
#5602=DIRECTION('',(1.,0.,-1.18867561523036E-16));
#5603=DIRECTION('',(0.,1.,0.));
#5604=DIRECTION('',(1.,0.,-1.18867561523036E-16));
#5605=DIRECTION('',(0.,1.,0.));
#5606=DIRECTION('',(1.,0.,0.));
#5607=DIRECTION('',(0.,0.,-1.));
#5608=DIRECTION('',(0.,0.,-1.));
#5609=DIRECTION('',(0.,1.,0.));
#5610=DIRECTION('',(0.,0.,-1.));
#5611=DIRECTION('',(5.9433780761518E-17,0.,1.));
#5612=DIRECTION('',(1.,0.,-5.9433780761518E-17));
#5613=DIRECTION('',(1.,0.,-5.9433780761518E-17));
#5614=DIRECTION('',(0.,1.,0.));
#5615=DIRECTION('',(1.,0.,-5.9433780761518E-17));
#5616=DIRECTION('',(1.,0.,0.));
#5617=DIRECTION('',(0.,0.,-1.));
#5618=DIRECTION('',(0.,0.,-1.));
#5619=DIRECTION('',(0.,0.,-1.));
#5620=DIRECTION('',(1.,0.,0.));
#5621=DIRECTION('',(0.,0.,-1.));
#5622=DIRECTION('',(0.,0.,-1.));
#5623=DIRECTION('',(0.,0.,-1.));
#5624=DIRECTION('',(0.,-1.,0.));
#5625=DIRECTION('',(1.,0.,0.));
#5626=DIRECTION('',(0.,-1.,0.));
#5627=DIRECTION('',(1.,0.,0.));
#5628=DIRECTION('',(0.,0.,1.));
#5629=DIRECTION('',(1.,0.,0.));
#5630=DIRECTION('',(0.,0.,1.));
#5631=DIRECTION('',(1.,0.,0.));
#5632=DIRECTION('',(0.,0.,1.));
#5633=DIRECTION('',(1.,0.,0.));
#5634=DIRECTION('',(0.380912164135615,-0.924611228145929,0.));
#5635=DIRECTION('',(-0.885550591134153,0.464542948005836,0.));
#5636=DIRECTION('',(0.464542948005836,0.885550591134153,0.));
#5637=DIRECTION('',(0.,0.,1.));
#5638=DIRECTION('',(1.,0.,0.));
#5639=DIRECTION('',(0.380912164135614,-0.924611228145929,0.));
#5640=DIRECTION('',(0.,0.,1.));
#5641=DIRECTION('',(1.,0.,0.));
#5642=DIRECTION('',(0.464542948005836,0.885550591134153,0.));
#5643=DIRECTION('',(-0.212152283828365,0.977236618463721,0.));
#5644=DIRECTION('',(-0.977236618463721,-0.212152283828365,0.));
#5645=DIRECTION('',(0.977236618463721,0.212152283828365,0.));
#5646=DIRECTION('',(0.,0.,-1.));
#5647=DIRECTION('',(0.977236618463721,0.212152283828365,0.));
#5648=DIRECTION('',(0.,0.,-1.));
#5649=DIRECTION('',(0.885550591134153,-0.464542948005836,0.));
#5650=DIRECTION('',(0.464542948005836,0.885550591134153,0.));
#5651=DIRECTION('',(-0.464542948005836,-0.885550591134153,0.));
#5652=DIRECTION('',(0.,0.,-1.));
#5653=DIRECTION('',(-0.464542948005836,-0.885550591134153,0.));
#5654=DIRECTION('',(0.,0.,-1.));
#5655=DIRECTION('',(0.980770570771388,0.195164257764495,0.));
#5656=DIRECTION('',(-0.195164257764495,0.980770570771388,0.));
#5657=DIRECTION('',(0.195164257764495,-0.980770570771388,0.));
#5658=DIRECTION('',(0.,0.,-1.));
#5659=DIRECTION('',(0.195164257764495,-0.980770570771388,0.));
#5660=DIRECTION('',(0.,0.,-1.));
#5661=DIRECTION('',(-0.464542948005835,-0.885550591134153,0.));
#5662=DIRECTION('',(0.885550591134153,-0.464542948005835,0.));
#5663=DIRECTION('',(-0.885550591134153,0.464542948005835,0.));
#5664=DIRECTION('',(0.,0.,-1.));
#5665=DIRECTION('',(-0.885550591134153,0.464542948005835,0.));
#5666=DIRECTION('',(0.,0.,-1.));
#5667=DIRECTION('',(0.396897803571888,-0.917862807569743,0.));
#5668=DIRECTION('',(0.917862807569743,0.396897803571889,0.));
#5669=DIRECTION('',(-0.917862807569743,-0.396897803571889,0.));
#5670=DIRECTION('',(0.,0.,-1.));
#5671=DIRECTION('',(-0.917862807569743,-0.396897803571889,0.));
#5672=DIRECTION('',(0.,0.,-1.));
#5673=DIRECTION('',(0.885550591134153,-0.464542948005835,0.));
#5674=DIRECTION('',(0.464542948005836,0.885550591134153,0.));
#5675=DIRECTION('',(-0.464542948005835,-0.885550591134153,0.));
#5676=DIRECTION('',(0.,0.,-1.));
#5677=DIRECTION('',(-0.464542948005835,-0.885550591134153,0.));
#5678=DIRECTION('',(0.,0.,-1.));
#5679=DIRECTION('',(-0.924611228145928,-0.380912164135616,0.));
#5680=DIRECTION('',(0.380912164135616,-0.924611228145928,0.));
#5681=DIRECTION('',(-0.380912164135616,0.924611228145928,0.));
#5682=DIRECTION('',(0.,0.,-1.));
#5683=DIRECTION('',(-0.380912164135616,0.924611228145928,0.));
#5684=DIRECTION('',(0.,0.,-1.));
#5685=DIRECTION('',(-0.885550591134153,0.464542948005835,0.));
#5686=DIRECTION('',(-0.464542948005836,-0.885550591134153,0.));
#5687=DIRECTION('',(0.464542948005836,0.885550591134153,0.));
#5688=DIRECTION('',(0.,0.,-1.));
#5689=DIRECTION('',(0.464542948005836,0.885550591134153,0.));
#5690=DIRECTION('',(0.,0.,1.));
#5691=DIRECTION('',(0.,0.,-1.));
#5692=DIRECTION('',(0.,0.,-1.));
#5693=DIRECTION('',(-1.,0.,0.));
#5694=DIRECTION('',(0.,0.,-1.));
#5695=DIRECTION('',(0.,0.,1.));
#5696=DIRECTION('',(1.,0.,0.));
#5697=DIRECTION('',(0.924611228145929,0.380912164135614,0.));
#5698=DIRECTION('',(-0.380912164135614,0.924611228145929,0.));
#5699=DIRECTION('',(0.,0.,-1.));
#5700=DIRECTION('',(0.380912164135614,-0.924611228145929,0.));
#5701=DIRECTION('',(0.,0.,-1.));
#5702=DIRECTION('',(-1.,0.,0.));
#5703=DIRECTION('',(0.,0.,-1.));
#5704=DIRECTION('',(0.,0.,1.));
#5705=DIRECTION('',(1.,0.,0.));
#5706=DIRECTION('',(-0.885550591134153,0.464542948005836,0.));
#5707=DIRECTION('',(-0.464542948005836,-0.885550591134153,0.));
#5708=DIRECTION('',(0.464542948005836,0.885550591134153,0.));
#5709=DIRECTION('',(0.,0.,-1.));
#5710=DIRECTION('',(0.464542948005836,0.885550591134153,0.));
#5711=DIRECTION('',(-0.885550591134153,0.464542948005836,0.));
#5712=DIRECTION('',(-0.464542948005836,-0.885550591134153,0.));
#5713=DIRECTION('',(0.,0.,-1.));
#5714=DIRECTION('',(-1.,0.,0.));
#5715=DIRECTION('',(0.,0.,1.));
#5716=DIRECTION('',(1.,0.,0.));
#5717=DIRECTION('',(0.,0.,1.));
#5718=DIRECTION('',(1.,0.,0.));
#5719=DIRECTION('',(0.,0.,1.));
#5720=DIRECTION('',(1.,0.,0.));
#5721=DIRECTION('',(0.,0.,1.));
#5722=DIRECTION('',(1.,0.,0.));
#5723=DIRECTION('',(0.,0.,1.));
#5724=DIRECTION('',(1.,0.,0.));
#5725=DIRECTION('',(0.,0.,1.));
#5726=DIRECTION('',(1.,0.,0.));
#5727=DIRECTION('',(0.,0.,1.));
#5728=DIRECTION('',(1.,0.,0.));
#5729=DIRECTION('',(0.,0.,1.));
#5730=DIRECTION('',(1.,0.,0.));
#5731=DIRECTION('',(0.,0.,1.));
#5732=DIRECTION('',(1.,0.,0.));
#5733=DIRECTION('',(0.,0.,1.));
#5734=DIRECTION('',(1.,0.,0.));
#5735=DIRECTION('',(-0.885550591134153,0.464542948005835,0.));
#5736=DIRECTION('',(-0.464542948005836,-0.885550591134153,0.));
#5737=DIRECTION('',(-0.464542948005835,-0.885550591134153,0.));
#5738=DIRECTION('',(0.,0.,1.));
#5739=DIRECTION('',(-0.464542948005835,-0.885550591134153,0.));
#5740=DIRECTION('',(0.,0.,1.));
#5741=DIRECTION('',(0.,0.,1.));
#5742=DIRECTION('',(1.,0.,0.));
#5743=DIRECTION('',(0.,0.,1.));
#5744=DIRECTION('',(1.,0.,0.));
#5745=DIRECTION('',(0.,0.,1.));
#5746=DIRECTION('',(1.,0.,0.));
#5747=DIRECTION('',(0.,0.,1.));
#5748=DIRECTION('',(-0.885550591134153,0.464542948005835,0.));
#5749=DIRECTION('',(-0.464542948005835,-0.885550591134153,0.));
#5750=DIRECTION('',(-0.464542948005835,-0.885550591134153,0.));
#5751=DIRECTION('',(-0.464542948005835,-0.885550591134153,0.));
#5752=DIRECTION('',(0.,0.,1.));
#5753=DIRECTION('',(-0.924611228145929,-0.380912164135615,0.));
#5754=DIRECTION('',(0.380912164135615,-0.924611228145929,0.));
#5755=DIRECTION('',(0.380912164135615,-0.924611228145929,0.));
#5756=DIRECTION('',(-0.924611228145929,-0.380912164135615,0.));
#5757=DIRECTION('',(-0.380912164135615,0.924611228145929,0.));
#5758=DIRECTION('',(0.,0.,1.));
#5759=DIRECTION('',(1.,0.,0.));
#5760=DIRECTION('',(0.,0.,1.));
#5761=DIRECTION('',(1.,0.,0.));
#5762=DIRECTION('',(0.,0.,1.));
#5763=DIRECTION('',(1.,0.,0.));
#5764=DIRECTION('',(0.,0.,1.));
#5765=DIRECTION('',(1.,0.,0.));
#5766=DIRECTION('',(0.,0.,1.));
#5767=DIRECTION('',(1.,0.,0.));
#5768=DIRECTION('',(0.,0.,1.));
#5769=DIRECTION('',(1.,0.,0.));
#5770=DIRECTION('',(0.,0.,1.));
#5771=DIRECTION('',(1.,0.,0.));
#5772=DIRECTION('',(0.,0.,1.));
#5773=DIRECTION('',(1.,0.,0.));
#5774=DIRECTION('',(0.,0.,1.));
#5775=DIRECTION('',(1.,0.,0.));
#5776=DIRECTION('',(0.,0.,1.));
#5777=DIRECTION('',(1.,0.,0.));
#5778=DIRECTION('',(-0.885550591134153,0.464542948005836,0.));
#5779=DIRECTION('',(0.,0.,1.));
#5780=DIRECTION('',(1.,0.,0.));
#5781=DIRECTION('',(0.,0.,1.));
#5782=DIRECTION('',(1.,0.,0.));
#5783=DIRECTION('',(0.,0.,1.));
#5784=DIRECTION('',(1.,0.,0.));
#5785=DIRECTION('',(0.,0.,-1.));
#5786=DIRECTION('',(-1.,0.,0.));
#5787=DIRECTION('',(0.,0.,-1.));
#5788=DIRECTION('',(-1.,0.,0.));
#5789=DIRECTION('',(0.,0.,-1.));
#5790=DIRECTION('',(-1.,0.,0.));
#5791=DIRECTION('',(0.,0.,1.));
#5792=DIRECTION('',(1.,0.,0.));
#5793=DIRECTION('',(-0.885550591134153,0.464542948005836,0.));
#5794=DIRECTION('',(-0.464542948005836,-0.885550591134153,0.));
#5795=DIRECTION('',(0.,0.,1.));
#5796=DIRECTION('',(1.,0.,0.));
#5797=DIRECTION('',(0.,0.,1.));
#5798=DIRECTION('',(1.,0.,0.));
#5799=DIRECTION('',(0.,0.,1.));
#5800=DIRECTION('',(1.,0.,0.));
#5801=DIRECTION('',(0.,0.,1.));
#5802=DIRECTION('',(1.,0.,0.));
#5803=DIRECTION('',(-1.,0.,0.));
#5804=DIRECTION('',(0.,0.,1.));
#5805=CARTESIAN_POINT('',(0.,0.,0.));
#5806=CARTESIAN_POINT('',(0.12175,0.025,-0.07875));
#5807=CARTESIAN_POINT('',(0.12175,0.,-0.07875));
#5808=CARTESIAN_POINT('',(0.12175,0.,-0.11275));
#5809=CARTESIAN_POINT('',(0.12175,0.,-0.12175));
#5810=CARTESIAN_POINT('',(0.12175,0.025,-0.12175));
#5811=CARTESIAN_POINT('',(0.12175,0.025,-0.12175));
#5812=CARTESIAN_POINT('',(0.12175,0.025,-0.07875));
#5813=CARTESIAN_POINT('',(0.12175,0.025,-0.11875));
#5814=CARTESIAN_POINT('',(0.12175,0.025,-0.11875));
#5815=CARTESIAN_POINT('',(0.12175,0.003,-0.11875));
#5816=CARTESIAN_POINT('',(0.12175,0.003,-0.07875));
#5817=CARTESIAN_POINT('',(0.12175,0.003,-0.11575));
#5818=CARTESIAN_POINT('',(0.12175,0.025,-0.11575));
#5819=CARTESIAN_POINT('',(0.12175,0.025,-0.11575));
#5820=CARTESIAN_POINT('',(0.12175,0.025,-0.07875));
#5821=CARTESIAN_POINT('',(0.12175,0.025,-0.11275));
#5822=CARTESIAN_POINT('',(0.12175,0.025,-0.11275));
#5823=CARTESIAN_POINT('',(-1.38777878078145E-17,0.025,-0.11275));
#5824=CARTESIAN_POINT('',(-1.38777878078145E-17,0.,-0.11275));
#5825=CARTESIAN_POINT('',(-0.12175,0.,-0.11275));
#5826=CARTESIAN_POINT('',(-1.38777878078145E-17,0.025,-0.11275));
#5827=CARTESIAN_POINT('',(-0.12175,0.025,-0.11275));
#5828=CARTESIAN_POINT('',(-0.12175,0.025,-0.11275));
#5829=CARTESIAN_POINT('',(-0.12175,0.025,-0.11425));
#5830=CARTESIAN_POINT('',(-0.12175,0.,-0.11425));
#5831=CARTESIAN_POINT('',(-0.12175,0.,-0.12175));
#5832=CARTESIAN_POINT('',(-0.12175,0.025,-0.11425));
#5833=CARTESIAN_POINT('',(-0.12175,0.025,-0.11575));
#5834=CARTESIAN_POINT('',(-0.12175,0.025,-0.11575));
#5835=CARTESIAN_POINT('',(-0.12175,0.003,-0.11575));
#5836=CARTESIAN_POINT('',(-0.12175,0.003,-0.11725));
#5837=CARTESIAN_POINT('',(-0.12175,0.003,-0.11875));
#5838=CARTESIAN_POINT('',(-0.12175,0.025,-0.11875));
#5839=CARTESIAN_POINT('',(-0.12175,0.025,-0.11875));
#5840=CARTESIAN_POINT('',(-0.12175,0.025,-0.12025));
#5841=CARTESIAN_POINT('',(-0.12175,0.025,-0.12175));
#5842=CARTESIAN_POINT('',(-0.12175,0.025,-0.12175));
#5843=CARTESIAN_POINT('',(-1.38777878078145E-17,0.025,-0.11575));
#5844=CARTESIAN_POINT('',(-1.38777878078145E-17,0.003,-0.11575));
#5845=CARTESIAN_POINT('',(-1.38777878078145E-17,0.025,-0.11575));
#5846=CARTESIAN_POINT('',(0.,0.025,-0.07875));
#5847=CARTESIAN_POINT('',(0.,0.,-0.07875));
#5848=CARTESIAN_POINT('',(0.11925,0.,-0.12175));
#5849=CARTESIAN_POINT('',(-1.38777878078145E-17,0.025,-0.11875));
#5850=CARTESIAN_POINT('',(-1.38777878078145E-17,0.003,-0.11875));
#5851=CARTESIAN_POINT('',(-1.38777878078145E-17,0.025,-0.11875));
#5852=CARTESIAN_POINT('',(0.11925,0.025,-0.12175));
#5853=CARTESIAN_POINT('',(0.11925,0.025,-0.12175));
#5854=CARTESIAN_POINT('',(0.,0.025,-0.07875));
#5855=CARTESIAN_POINT('',(0.,0.003,-0.07875));
#5856=CARTESIAN_POINT('',(0.0147107187658548,-0.0590847720950842,0.110481731593609));
#5857=CARTESIAN_POINT('',(0.00921695911037131,-0.0391365971152357,0.003));
#5858=CARTESIAN_POINT('',(0.00921695911037131,-0.0391365971152357,0.));
#5859=CARTESIAN_POINT('',(0.0224550030624988,-0.0179055780014215,0.));
#5860=CARTESIAN_POINT('',(-0.0030548190382492,-0.0588179305037669,0.));
#5861=CARTESIAN_POINT('',(-0.0030548190382492,-0.0588179305037669,0.003));
#5862=CARTESIAN_POINT('',(-0.0030548190382492,-0.0588179305037669,0.003));
#5863=CARTESIAN_POINT('',(0.00921695911037131,-0.0391365971152357,0.003));
#5864=CARTESIAN_POINT('',(0.0224550030624988,-0.0179055780014215,0.003));
#5865=CARTESIAN_POINT('',(0.0224550030624988,-0.0179055780014215,0.003));
#5866=CARTESIAN_POINT('',(4.77048955893622E-18,-0.0607226826250546,0.003));
#5867=CARTESIAN_POINT('',(4.77048955893622E-18,-0.0607226826250546,0.));
#5868=CARTESIAN_POINT('',(0.00305481903824926,-0.0626274347463423,0.));
#5869=CARTESIAN_POINT('',(0.00305481903824926,-0.0626274347463423,0.003));
#5870=CARTESIAN_POINT('',(0.00305481903824926,-0.0626274347463423,0.003));
#5871=CARTESIAN_POINT('',(4.77048955893622E-18,-0.0607226826250546,0.003));
#5872=CARTESIAN_POINT('',(0.0152812164593942,-0.0430188824345258,0.003));
#5873=CARTESIAN_POINT('',(0.0152812164593942,-0.0430188824345258,0.));
#5874=CARTESIAN_POINT('',(0.0266267578318243,-0.0248230366883028,0.));
#5875=CARTESIAN_POINT('',(0.0266267578318243,-0.0248230366883028,0.003));
#5876=CARTESIAN_POINT('',(0.0266267578318243,-0.0248230366883028,0.003));
#5877=CARTESIAN_POINT('',(0.0152812164593942,-0.0430188824345258,0.003));
#5878=CARTESIAN_POINT('',(0.0332504579638966,-0.0234103301227093,0.003));
#5879=CARTESIAN_POINT('',(0.0332504579638966,-0.0234103301227093,0.003));
#5880=CARTESIAN_POINT('',(0.0291724403636986,-0.0234103301227093,0.003));
#5881=CARTESIAN_POINT('',(0.038993302047254,-0.0234103301227093,0.003));
#5882=CARTESIAN_POINT('',(0.0291724403636986,-0.0234103301227093,0.003));
#5883=CARTESIAN_POINT('',(0.0291724403636986,-0.0234103301227093,0.));
#5884=CARTESIAN_POINT('',(0.0332504579638966,-0.0234103301227093,0.));
#5885=CARTESIAN_POINT('',(0.038993302047254,-0.0234103301227093,0.));
#5886=CARTESIAN_POINT('',(0.038993302047254,-0.0234103301227093,0.003));
#5887=CARTESIAN_POINT('',(0.038993302047254,-0.0180103301227093,0.003));
#5888=CARTESIAN_POINT('',(0.038993302047254,-0.0180103301227093,0.));
#5889=CARTESIAN_POINT('',(0.038993302047254,-0.0162103301227093,0.));
#5890=CARTESIAN_POINT('',(0.038993302047254,-0.0162103301227093,0.003));
#5891=CARTESIAN_POINT('',(0.038993302047254,-0.0162103301227093,0.003));
#5892=CARTESIAN_POINT('',(0.038993302047254,-0.0180103301227093,0.003));
#5893=CARTESIAN_POINT('',(0.0334474199797324,-0.0162103301227093,0.003));
#5894=CARTESIAN_POINT('',(0.0334474199797324,-0.0162103301227093,0.));
#5895=CARTESIAN_POINT('',(0.0255098221007479,-0.0162103301227093,0.));
#5896=CARTESIAN_POINT('',(0.0255098221007479,-0.0162103301227093,0.003));
#5897=CARTESIAN_POINT('',(0.0255098221007479,-0.0162103301227093,0.003));
#5898=CARTESIAN_POINT('',(0.0334474199797324,-0.0162103301227093,0.003));
#5899=CARTESIAN_POINT('',(0.0255098221007485,-0.0198103301227091,0.003));
#5900=CARTESIAN_POINT('',(0.0255098221007485,-0.0198103301227091,0.));
#5901=CARTESIAN_POINT('',(0.0220629172390404,-0.0208490056612374,0.));
#5902=CARTESIAN_POINT('',(0.0223315341546697,-0.0215010358131869,0.));
#5903=CARTESIAN_POINT('',(0.0220629172390404,-0.0208490056612374,0.003));
#5904=CARTESIAN_POINT('',(0.0220629172390404,-0.0208490056612374,0.003));
#5905=CARTESIAN_POINT('',(0.0255098221007485,-0.0198103301227091,0.003));
#5906=CARTESIAN_POINT('',(0.0223315341546697,-0.0215010358131869,0.003));
#5907=CARTESIAN_POINT('',(0.0223315341546697,-0.0215010358131869,0.003));
#5908=CARTESIAN_POINT('',(0.0255098221007479,-0.0198103301227093,0.003));
#5909=CARTESIAN_POINT('',(0.0255098221007479,-0.0198103301227093,0.003));
#5910=CARTESIAN_POINT('',(0.026509822100748,-0.0198103301227093,0.003));
#5911=CARTESIAN_POINT('',(0.0255098221007479,-0.0198103301227093,0.));
#5912=CARTESIAN_POINT('',(0.026509822100748,-0.0198103301227093,0.));
#5913=CARTESIAN_POINT('',(0.025509822100748,-0.0198103301227093,0.003));
#5914=CARTESIAN_POINT('',(0.025509822100748,-0.0198103301227093,0.));
#5915=CARTESIAN_POINT('',(0.025509822100748,-0.0198103301227093,0.003));
#5916=CARTESIAN_POINT('',(0.022197225696855,-0.0211750207372122,0.003));
#5917=CARTESIAN_POINT('',(0.022197225696855,-0.0211750207372122,0.));
#5918=CARTESIAN_POINT('',(0.022197225696855,-0.0211750207372122,0.003));
#5919=CARTESIAN_POINT('',(5.42101086242752E-20,-0.0607226826250554,0.003));
#5920=CARTESIAN_POINT('',(5.42101086242752E-20,-0.0607226826250554,0.003));
#5921=CARTESIAN_POINT('',(0.001,-0.0607226826250554,0.003));
#5922=CARTESIAN_POINT('',(5.42101086242752E-20,-0.0607226826250554,0.));
#5923=CARTESIAN_POINT('',(0.001,-0.0607226826250554,0.));
#5924=CARTESIAN_POINT('',(0.0165359682646213,-0.0242511560412852,0.003));
#5925=CARTESIAN_POINT('',(0.0291724403636986,-0.0264103301227093,0.003));
#5926=CARTESIAN_POINT('',(0.0165359682646213,-0.0242511560412852,0.));
#5927=CARTESIAN_POINT('',(0.0291724403636986,-0.0264103301227093,0.));
#5928=CARTESIAN_POINT('',(0.0291724403636986,-0.0264103301227093,0.003));
#5929=CARTESIAN_POINT('',(0.00496071876585483,0.0115152279049158,0.0291317315936089));
#5930=CARTESIAN_POINT('',(0.0868355482816696,0.0772763730049133,-0.07245));
#5931=CARTESIAN_POINT('',(0.0943355482816696,0.0772763730049133,-0.07245));
#5932=CARTESIAN_POINT('',(0.0943355482816696,0.0772763730049133,-0.07545));
#5933=CARTESIAN_POINT('',(0.0943355482816696,0.0772763730049133,-0.08775));
#5934=CARTESIAN_POINT('',(0.0868355482816696,0.0772763730049133,-0.07545));
#5935=CARTESIAN_POINT('',(0.0793355482816696,0.0772763730049133,-0.07545));
#5936=CARTESIAN_POINT('',(0.0793355482816696,0.0772763730049133,-0.07245));
#5937=CARTESIAN_POINT('',(0.0793355482816696,0.0772763730049133,-0.08775));
#5938=CARTESIAN_POINT('',(0.0868355482816696,0.0772763730049133,-0.08775));
#5939=CARTESIAN_POINT('',(0.0868355482816696,0.0545763730049133,-0.07245));
#5940=CARTESIAN_POINT('',(0.0868355482816696,0.0545763730049133,-0.07545));
#5941=CARTESIAN_POINT('',(0.0943355482816696,0.0545763730049133,-0.07545));
#5942=CARTESIAN_POINT('',(0.0793355482816696,0.0545763730049133,-0.07545));
#5943=CARTESIAN_POINT('',(0.0943355482816696,0.0545763730049133,-0.07245));
#5944=CARTESIAN_POINT('',(0.0943355482816696,0.0545763730049133,-0.08775));
#5945=CARTESIAN_POINT('',(0.0868355482816696,0.0545763730049133,-0.08775));
#5946=CARTESIAN_POINT('',(0.0793355482816696,0.0545763730049133,-0.08775));
#5947=CARTESIAN_POINT('',(0.0793355482816696,0.0545763730049133,-0.07245));
#5948=CARTESIAN_POINT('',(0.0943355482816696,0.0787763730049133,-0.07245));
#5949=CARTESIAN_POINT('',(0.0943355482816696,0.0602513730049133,-0.07545));
#5950=CARTESIAN_POINT('',(0.0943355482816696,0.0602513730049133,-0.08775));
#5951=CARTESIAN_POINT('',(0.0943355482816696,0.0772763730049133,-0.08775));
#5952=CARTESIAN_POINT('',(0.0943355482816696,0.0772763730049133,-0.09075));
#5953=CARTESIAN_POINT('',(0.0943355482816696,0.0772763730049133,-0.10975));
#5954=CARTESIAN_POINT('',(0.0943355482816696,0.0772763730049133,-0.08775));
#5955=CARTESIAN_POINT('',(0.0943355482816696,0.0802763730049133,-0.08775));
#5956=CARTESIAN_POINT('',(0.0943355482816696,0.0802763730049133,-0.07245));
#5957=CARTESIAN_POINT('',(0.0943355482816696,0.0802763730049133,-0.07545));
#5958=CARTESIAN_POINT('',(0.0943355482816696,0.0772763730049133,-0.07545));
#5959=CARTESIAN_POINT('',(0.0943355482816696,0.0772763730049133,-0.07245));
#5960=CARTESIAN_POINT('',(0.0943355482816696,0.0787763730049133,-0.07245));
#5961=CARTESIAN_POINT('',(0.0943355482816696,0.0545763730049133,-0.07245));
#5962=CARTESIAN_POINT('',(0.0943355482816696,0.0545763730049133,-0.07545));
#5963=CARTESIAN_POINT('',(0.0943355482816696,0.0515763730049133,-0.07545));
#5964=CARTESIAN_POINT('',(0.0943355482816696,0.0515763730049133,-0.07245));
#5965=CARTESIAN_POINT('',(0.0943355482816696,0.0515763730049133,-0.08775));
#5966=CARTESIAN_POINT('',(0.0943355482816696,0.0545763730049133,-0.08775));
#5967=CARTESIAN_POINT('',(0.0943355482816696,0.0545763730049133,-0.09075));
#5968=CARTESIAN_POINT('',(0.0943355482816696,0.0545763730049133,-0.08775));
#5969=CARTESIAN_POINT('',(0.0943355482816696,0.0545763730049133,-0.10975));
#5970=CARTESIAN_POINT('',(0.0943355482816696,0.0515763730049133,-0.10975));
#5971=CARTESIAN_POINT('',(0.0943355482816696,0.0515763730049133,-0.11275));
#5972=CARTESIAN_POINT('',(0.0943355482816696,0.0480763730049133,-0.11275));
#5973=CARTESIAN_POINT('',(0.0943355482816696,0.0445763730049133,-0.11275));
#5974=CARTESIAN_POINT('',(0.0943355482816696,0.0445763730049133,-0.11275));
#5975=CARTESIAN_POINT('',(0.0943355482816696,0.0445763730049133,-0.11575));
#5976=CARTESIAN_POINT('',(0.0943355482816696,0.0602513730049133,-0.11575));
#5977=CARTESIAN_POINT('',(0.0943355482816696,0.0872763730049133,-0.11575));
#5978=CARTESIAN_POINT('',(0.0943355482816696,0.0872763730049133,-0.11275));
#5979=CARTESIAN_POINT('',(0.0943355482816696,0.0872763730049133,-0.11275));
#5980=CARTESIAN_POINT('',(0.0943355482816696,0.0837763730049133,-0.11275));
#5981=CARTESIAN_POINT('',(0.0943355482816696,0.0802763730049133,-0.11275));
#5982=CARTESIAN_POINT('',(0.0943355482816696,0.0802763730049133,-0.10975));
#5983=CARTESIAN_POINT('',(0.0868355482816696,0.0802763730049133,-0.07245));
#5984=CARTESIAN_POINT('',(0.0793355482816696,0.0802763730049133,-0.08775));
#5985=CARTESIAN_POINT('',(0.0793355482816696,0.0802763730049133,-0.08775));
#5986=CARTESIAN_POINT('',(0.0793355482816696,0.0802763730049133,-0.07245));
#5987=CARTESIAN_POINT('',(0.0793355482816696,0.0802763730049133,-0.07545));
#5988=CARTESIAN_POINT('',(0.0868355482816696,0.0802763730049133,-0.07545));
#5989=CARTESIAN_POINT('',(0.0793355482816696,0.0787763730049133,-0.07245));
#5990=CARTESIAN_POINT('',(0.0793355482816696,0.0602513730049133,-0.07545));
#5991=CARTESIAN_POINT('',(0.0793355482816696,0.0602513730049133,-0.08775));
#5992=CARTESIAN_POINT('',(0.0793355482816696,0.0772763730049133,-0.08775));
#5993=CARTESIAN_POINT('',(0.0793355482816696,0.0772763730049133,-0.09075));
#5994=CARTESIAN_POINT('',(0.0793355482816696,0.0772763730049133,-0.08775));
#5995=CARTESIAN_POINT('',(0.0793355482816696,0.0772763730049133,-0.10975));
#5996=CARTESIAN_POINT('',(0.0793355482816696,0.0802763730049133,-0.10975));
#5997=CARTESIAN_POINT('',(0.0793355482816696,0.0802763730049133,-0.11275));
#5998=CARTESIAN_POINT('',(0.0793355482816696,0.0837763730049133,-0.11275));
#5999=CARTESIAN_POINT('',(0.0793355482816696,0.0872763730049133,-0.11275));
#6000=CARTESIAN_POINT('',(0.0793355482816696,0.0872763730049133,-0.11275));
#6001=CARTESIAN_POINT('',(0.0793355482816696,0.0872763730049133,-0.11575));
#6002=CARTESIAN_POINT('',(0.0793355482816696,0.0602513730049133,-0.11575));
#6003=CARTESIAN_POINT('',(0.0793355482816696,0.0445763730049133,-0.11575));
#6004=CARTESIAN_POINT('',(0.0793355482816696,0.0445763730049133,-0.11275));
#6005=CARTESIAN_POINT('',(0.0793355482816696,0.0445763730049133,-0.11275));
#6006=CARTESIAN_POINT('',(0.0793355482816696,0.0480763730049133,-0.11275));
#6007=CARTESIAN_POINT('',(0.0793355482816696,0.0515763730049133,-0.11275));
#6008=CARTESIAN_POINT('',(0.0793355482816696,0.0515763730049133,-0.10975));
#6009=CARTESIAN_POINT('',(0.0793355482816696,0.0545763730049133,-0.10975));
#6010=CARTESIAN_POINT('',(0.0793355482816696,0.0545763730049133,-0.08775));
#6011=CARTESIAN_POINT('',(0.0793355482816696,0.0545763730049133,-0.09075));
#6012=CARTESIAN_POINT('',(0.0793355482816696,0.0545763730049133,-0.08775));
#6013=CARTESIAN_POINT('',(0.0793355482816696,0.0515763730049133,-0.08775));
#6014=CARTESIAN_POINT('',(0.0793355482816696,0.0515763730049133,-0.07245));
#6015=CARTESIAN_POINT('',(0.0793355482816696,0.0515763730049133,-0.07545));
#6016=CARTESIAN_POINT('',(0.0793355482816696,0.0545763730049133,-0.07545));
#6017=CARTESIAN_POINT('',(0.0793355482816696,0.0545763730049133,-0.07245));
#6018=CARTESIAN_POINT('',(0.0793355482816696,0.0787763730049133,-0.07245));
#6019=CARTESIAN_POINT('',(0.0793355482816696,0.0772763730049133,-0.07245));
#6020=CARTESIAN_POINT('',(0.0793355482816696,0.0772763730049133,-0.07545));
#6021=CARTESIAN_POINT('',(0.,0.053,-0.07245));
#6022=CARTESIAN_POINT('',(0.0943355482816696,0.0545763730049133,-0.07245));
#6023=CARTESIAN_POINT('',(0.,0.0772763730049133,-0.07245));
#6024=CARTESIAN_POINT('',(0.0868355482816696,0.0515763730049133,-0.07245));
#6025=CARTESIAN_POINT('',(0.0868355482816696,0.0515763730049133,-0.08775));
#6026=CARTESIAN_POINT('',(0.0793355482816696,0.0515763730049133,-0.07545));
#6027=CARTESIAN_POINT('',(0.0868355482816696,0.0545763730049133,-0.08775));
#6028=CARTESIAN_POINT('',(0.0943355482816696,0.0545763730049133,-0.10975));
#6029=CARTESIAN_POINT('',(0.0868355482816696,0.0545763730049133,-0.09075));
#6030=CARTESIAN_POINT('',(0.0868355482816696,0.0772763730049133,-0.08775));
#6031=CARTESIAN_POINT('',(0.0868355482816696,0.0772763730049133,-0.10975));
#6032=CARTESIAN_POINT('',(0.0868355482816696,0.0772763730049133,-0.09075));
#6033=CARTESIAN_POINT('',(0.,0.053,-0.08775));
#6034=CARTESIAN_POINT('',(0.,0.053,-0.11575));
#6035=CARTESIAN_POINT('',(0.0868355482816696,0.0480763730049133,-0.11575));
#6036=CARTESIAN_POINT('',(0.0853355482816696,0.0480763730049133,-0.11575));
#6037=CARTESIAN_POINT('',(0.0868355482816696,0.0837763730049133,-0.11575));
#6038=CARTESIAN_POINT('',(0.0853355482816696,0.0837763730049133,-0.11575));
#6039=CARTESIAN_POINT('',(0.0868355482816696,0.0445763730049133,-0.11575));
#6040=CARTESIAN_POINT('',(0.0868355482816696,0.0872763730049133,-0.11575));
#6041=CARTESIAN_POINT('',(0.,0.053,-0.07545));
#6042=CARTESIAN_POINT('',(0.0868355482816696,0.0872763730049133,-0.11275));
#6043=CARTESIAN_POINT('',(0.0868355482816696,0.0872763730049133,-0.11275));
#6044=CARTESIAN_POINT('',(0.,0.053,-0.11275));
#6045=CARTESIAN_POINT('',(0.0868355482816696,0.0837763730049133,-0.11275));
#6046=CARTESIAN_POINT('',(0.0883355482816696,0.0837763730049133,-0.11275));
#6047=CARTESIAN_POINT('',(0.,0.0802763730049133,-0.11275));
#6048=CARTESIAN_POINT('',(0.0868355482816696,0.0445763730049133,-0.11275));
#6049=CARTESIAN_POINT('',(0.0868355482816696,0.0445763730049133,-0.11275));
#6050=CARTESIAN_POINT('',(0.,0.053,-0.11275));
#6051=CARTESIAN_POINT('',(0.0868355482816696,0.0480763730049133,-0.11275));
#6052=CARTESIAN_POINT('',(0.0883355482816696,0.0480763730049133,-0.11275));
#6053=CARTESIAN_POINT('',(0.0793355482816696,0.0515763730049133,-0.11275));
#6054=CARTESIAN_POINT('',(0.,0.0515763730049133,-0.10975));
#6055=CARTESIAN_POINT('',(0.0868355482816696,0.0802763730049133,-0.10975));
#6056=CARTESIAN_POINT('',(0.,0.0772763730049133,-0.08775));
#6057=CARTESIAN_POINT('',(0.0868355482816696,0.0545763730049133,-0.08775));
#6058=CARTESIAN_POINT('',(0.,0.0545763730049133,-0.07545));
#6059=CARTESIAN_POINT('',(0.0868355482816696,0.0772763730049133,-0.07545));
#6060=CARTESIAN_POINT('',(0.0868355482816696,0.0480763730049133,0.250948559952448));
#6061=CARTESIAN_POINT('',(0.0868355482816696,0.0837763730049133,0.250948559952448));
#6062=CARTESIAN_POINT('',(-0.0603748295158148,-0.0598611450999975,0.110481731593609));
#6063=CARTESIAN_POINT('',(-0.0059,0.,0.));
#6064=CARTESIAN_POINT('',(-0.0059,0.0225,0.));
#6065=CARTESIAN_POINT('',(-0.0059,0.0225,0.));
#6066=CARTESIAN_POINT('',(0.0059,0.0225,0.));
#6067=CARTESIAN_POINT('',(0.0059,0.,0.));
#6068=CARTESIAN_POINT('',(0.0059,0.,0.));
#6069=CARTESIAN_POINT('',(-0.0059,0.,0.));
#6070=CARTESIAN_POINT('',(-0.0059,0.,0.));
#6071=CARTESIAN_POINT('',(-0.0059,0.,0.));
#6072=CARTESIAN_POINT('',(-0.0059,0.,0.));
#6073=CARTESIAN_POINT('',(-0.0059,0.,0.));
#6074=CARTESIAN_POINT('',(-0.0059,0.,0.0159));
#6075=CARTESIAN_POINT('',(-0.0059,-0.0047,0.0159));
#6076=CARTESIAN_POINT('',(-0.0059,-0.0047,0.0159));
#6077=CARTESIAN_POINT('',(-0.0059,-0.0047,0.));
#6078=CARTESIAN_POINT('',(-0.0059,-0.0047,0.0184));
#6079=CARTESIAN_POINT('',(-0.0059,0.,0.0184));
#6080=CARTESIAN_POINT('',(-0.0059,0.,0.0184));
#6081=CARTESIAN_POINT('',(-0.0059,0.,0.));
#6082=CARTESIAN_POINT('',(-0.0059,0.,0.0227));
#6083=CARTESIAN_POINT('',(-0.0059,0.,0.0227));
#6084=CARTESIAN_POINT('',(-0.0059,0.0165999999771125,0.0227));
#6085=CARTESIAN_POINT('',(-0.0059,0.,0.0227));
#6086=CARTESIAN_POINT('',(-0.0059,0.0225,0.0227));
#6087=CARTESIAN_POINT('',(-0.0059,0.0225,0.));
#6088=CARTESIAN_POINT('',(-0.0059,0.0225,0.0184));
#6089=CARTESIAN_POINT('',(-0.0059,0.,0.0184));
#6090=CARTESIAN_POINT('',(-0.0059,0.0277,0.0184));
#6091=CARTESIAN_POINT('',(-0.0059,0.0277,0.0159));
#6092=CARTESIAN_POINT('',(-0.0059,0.0277,0.0159));
#6093=CARTESIAN_POINT('',(-0.0059,-0.0047,0.0159));
#6094=CARTESIAN_POINT('',(-0.0059,0.0225,0.0159));
#6095=CARTESIAN_POINT('',(-0.0059,0.0225,0.));
#6096=CARTESIAN_POINT('',(-0.0059,0.0225,0.));
#6097=CARTESIAN_POINT('',(0.0059,0.0225,0.));
#6098=CARTESIAN_POINT('',(0.0059,0.0225,0.0159));
#6099=CARTESIAN_POINT('',(-0.0059,0.0225,0.0159));
#6100=CARTESIAN_POINT('',(-0.0059,0.0225,0.0045));
#6101=CARTESIAN_POINT('',(-0.0018,0.0225,0.0045));
#6102=CARTESIAN_POINT('',(0.0018,0.0225,0.0045));
#6103=CARTESIAN_POINT('',(0.0018,0.0225,0.));
#6104=CARTESIAN_POINT('',(0.0018,0.0225,0.0057));
#6105=CARTESIAN_POINT('',(-0.0059,0.0225,0.0057));
#6106=CARTESIAN_POINT('',(-0.0018,0.0225,0.0057));
#6107=CARTESIAN_POINT('',(-0.0018,0.0225,0.));
#6108=CARTESIAN_POINT('',(0.0059,0.,0.));
#6109=CARTESIAN_POINT('',(0.0059,0.,0.));
#6110=CARTESIAN_POINT('',(0.0059,0.,0.0159));
#6111=CARTESIAN_POINT('',(0.0059,0.,0.0159));
#6112=CARTESIAN_POINT('',(0.0059,0.0277,0.0159));
#6113=CARTESIAN_POINT('',(0.0059,0.0277,0.));
#6114=CARTESIAN_POINT('',(0.0059,0.0277,0.0184));
#6115=CARTESIAN_POINT('',(0.0059,-0.0047,0.0184));
#6116=CARTESIAN_POINT('',(0.0059,0.0225,0.0184));
#6117=CARTESIAN_POINT('',(0.0059,0.0225,0.));
#6118=CARTESIAN_POINT('',(0.0059,0.0225,0.0227));
#6119=CARTESIAN_POINT('',(0.0059,0.,0.0227));
#6120=CARTESIAN_POINT('',(0.0059,0.0166,0.0227));
#6121=CARTESIAN_POINT('',(0.0059,0.,0.0227));
#6122=CARTESIAN_POINT('',(0.0059,0.,0.0227));
#6123=CARTESIAN_POINT('',(0.0059,0.,0.));
#6124=CARTESIAN_POINT('',(0.0059,0.,0.0184));
#6125=CARTESIAN_POINT('',(0.0059,-0.0047,0.0184));
#6126=CARTESIAN_POINT('',(0.0059,-0.0047,0.0184));
#6127=CARTESIAN_POINT('',(0.0059,-0.0047,0.0159));
#6128=CARTESIAN_POINT('',(0.0059,-0.0047,0.0159));
#6129=CARTESIAN_POINT('',(0.0059,0.,0.0159));
#6130=CARTESIAN_POINT('',(-0.0059,0.,0.));
#6131=CARTESIAN_POINT('',(-0.0059,0.,0.0159));
#6132=CARTESIAN_POINT('',(-0.0059,-0.0047,0.0159));
#6133=CARTESIAN_POINT('',(-0.0059,-0.0047,0.0159));
#6134=CARTESIAN_POINT('',(0.00065,-0.0047,0.0159));
#6135=CARTESIAN_POINT('',(0.00065,-0.0047,0.0159));
#6136=CARTESIAN_POINT('',(0.000649999999999885,-0.00310993420767863,0.0159));
#6137=CARTESIAN_POINT('',(0.,-0.00235,0.0159));
#6138=CARTESIAN_POINT('',(-0.00065,-0.00310993420767877,0.0159));
#6139=CARTESIAN_POINT('',(-0.00065,-0.006,0.0159));
#6140=CARTESIAN_POINT('',(-0.00065,-0.0047,0.0159));
#6141=CARTESIAN_POINT('',(-0.0059,-0.0047,0.0159));
#6142=CARTESIAN_POINT('',(-0.0059,-0.0047,0.0159));
#6143=CARTESIAN_POINT('',(-0.00065,-0.0047,0.012));
#6144=CARTESIAN_POINT('',(-0.00065,-0.0047,0.0184));
#6145=CARTESIAN_POINT('',(-0.0059,-0.0047,0.0184));
#6146=CARTESIAN_POINT('',(-0.0059,-0.0047,0.0159));
#6147=CARTESIAN_POINT('',(-0.0059,0.0277,0.0159));
#6148=CARTESIAN_POINT('',(-0.00065,0.0277,0.0159));
#6149=CARTESIAN_POINT('',(-0.00065,0.025,0.0159));
#6150=CARTESIAN_POINT('',(-0.000650000000000133,0.0256099342076784,0.0159));
#6151=CARTESIAN_POINT('',(0.,0.02485,0.0159));
#6152=CARTESIAN_POINT('',(0.000650000000000067,0.0256099342076782,0.0159));
#6153=CARTESIAN_POINT('',(0.000650000000000134,-0.0047,0.0159));
#6154=CARTESIAN_POINT('',(0.000650000000000067,0.0277,0.0159));
#6155=CARTESIAN_POINT('',(-0.0059,0.0277,0.0159));
#6156=CARTESIAN_POINT('',(-0.0059,-0.0047,0.0184));
#6157=CARTESIAN_POINT('',(-0.00065,-0.0047,0.0184));
#6158=CARTESIAN_POINT('',(-0.00065,-0.00310993420767877,0.0184));
#6159=CARTESIAN_POINT('',(0.,-0.00235,0.0184));
#6160=CARTESIAN_POINT('',(0.000649999999999885,-0.00310993420767863,0.0184));
#6161=CARTESIAN_POINT('',(0.00065,-0.006,0.0184));
#6162=CARTESIAN_POINT('',(0.00065,-0.0047,0.0184));
#6163=CARTESIAN_POINT('',(-0.0059,-0.0047,0.0184));
#6164=CARTESIAN_POINT('',(-0.0059,0.,0.0184));
#6165=CARTESIAN_POINT('',(-0.0059,0.0277,0.0159));
#6166=CARTESIAN_POINT('',(-0.0059,0.0277,0.0184));
#6167=CARTESIAN_POINT('',(-0.000650000000000066,0.0277,0.0184));
#6168=CARTESIAN_POINT('',(-0.00065,0.0277,0.0159));
#6169=CARTESIAN_POINT('',(-0.0059,0.,0.));
#6170=CARTESIAN_POINT('',(-0.0059,0.,0.0227));
#6171=CARTESIAN_POINT('',(-0.0059,-0.0047,0.0184));
#6172=CARTESIAN_POINT('',(-0.0059,0.0225,0.0184));
#6173=CARTESIAN_POINT('',(-0.0059,0.0277,0.0184));
#6174=CARTESIAN_POINT('',(0.00065,0.0277,0.0184));
#6175=CARTESIAN_POINT('',(0.00065,0.025,0.0184));
#6176=CARTESIAN_POINT('',(0.00065,0.0256099342076783,0.0184));
#6177=CARTESIAN_POINT('',(0.,0.02485,0.0184));
#6178=CARTESIAN_POINT('',(-0.000650000000000198,0.0256099342076784,0.0184));
#6179=CARTESIAN_POINT('',(-0.000650000000000131,-0.0047,0.0184));
#6180=CARTESIAN_POINT('',(-0.0059,0.,0.0227));
#6181=CARTESIAN_POINT('',(0.,0.0166,0.0227));
#6182=CARTESIAN_POINT('',(0.00233874372735077,0.0111833333333331,0.0227));
#6183=CARTESIAN_POINT('',(0.,0.0103,0.0227));
#6184=CARTESIAN_POINT('',(-0.00233874372735077,0.0111833333333334,0.0227));
#6185=CARTESIAN_POINT('',(0.,0.0166,0.0227));
#6186=CARTESIAN_POINT('',(-0.0059,0.0225,0.));
#6187=CARTESIAN_POINT('',(-0.0059,0.0225,0.0227));
#6188=CARTESIAN_POINT('',(-4.66349615174666E-13,0.0225,0.0227));
#6189=CARTESIAN_POINT('',(-0.0059,0.0225,0.0227));
#6190=CARTESIAN_POINT('',(-0.0059,0.,0.0227));
#6191=CARTESIAN_POINT('',(0.,0.0166,0.0227));
#6192=CARTESIAN_POINT('',(-0.0018,0.0225,0.0045));
#6193=CARTESIAN_POINT('',(-0.0018,0.0225,0.0045));
#6194=CARTESIAN_POINT('',(-0.0018,0.0195,0.0045));
#6195=CARTESIAN_POINT('',(-0.0018,0.0195,0.0045));
#6196=CARTESIAN_POINT('',(0.0018,0.0195,0.0045));
#6197=CARTESIAN_POINT('',(0.0018,0.0225,0.0045));
#6198=CARTESIAN_POINT('',(-0.0018,0.0225,0.0057));
#6199=CARTESIAN_POINT('',(-0.0018,0.0225,0.0057));
#6200=CARTESIAN_POINT('',(-0.0018,0.0195,0.0057));
#6201=CARTESIAN_POINT('',(-0.0018,0.0195,0.0057));
#6202=CARTESIAN_POINT('',(0.0018,0.0225,0.0057));
#6203=CARTESIAN_POINT('',(0.0018,0.0225,0.0057));
#6204=CARTESIAN_POINT('',(0.0018,0.0195,0.0057));
#6205=CARTESIAN_POINT('',(0.0018,0.0195,0.0057));
#6206=CARTESIAN_POINT('',(0.0018,0.0225,0.0045));
#6207=CARTESIAN_POINT('',(0.0018,0.0195,0.0045));
#6208=CARTESIAN_POINT('',(-0.0059,-0.0047,0.0159));
#6209=CARTESIAN_POINT('',(0.00065,-0.0047,0.0159));
#6210=CARTESIAN_POINT('',(-0.0059,0.0277,0.0159));
#6211=CARTESIAN_POINT('',(0.00065,0.0277,0.012));
#6212=CARTESIAN_POINT('',(-0.0059,0.,0.0227));
#6213=CARTESIAN_POINT('',(0.,0.0166,0.0227));
#6214=CARTESIAN_POINT('',(0.00065,-0.006,0.012));
#6215=CARTESIAN_POINT('',(0.00064999999999977,-0.00310993420767873,0.011));
#6216=CARTESIAN_POINT('',(0.,-0.00235,0.011));
#6217=CARTESIAN_POINT('',(-0.00065,-0.003109934207679,0.012));
#6218=CARTESIAN_POINT('',(-0.00065,-0.006,0.012));
#6219=CARTESIAN_POINT('',(-0.00065,0.025,0.012));
#6220=CARTESIAN_POINT('',(-0.000650000000000265,0.0256099342076783,0.011));
#6221=CARTESIAN_POINT('',(0.,0.02485,0.011));
#6222=CARTESIAN_POINT('',(0.00065,0.025609934207678,0.012));
#6223=CARTESIAN_POINT('',(0.00065,0.025,0.012));
#6224=CARTESIAN_POINT('',(0.,0.0166,0.0227));
#6225=CARTESIAN_POINT('',(-0.00233874372735083,0.0111833333333334,0.0227));
#6226=CARTESIAN_POINT('',(-0.00233874372735077,0.0111833333333334,0.0267));
#6227=CARTESIAN_POINT('',(0.,0.0166,0.0267));
#6228=CARTESIAN_POINT('',(0.00233874372735077,0.0111833333333331,0.0267));
#6229=CARTESIAN_POINT('',(0.00233874372735085,0.0111833333333329,0.0227));
#6230=CARTESIAN_POINT('',(0.,0.0103,0.0227));
#6231=CARTESIAN_POINT('',(0.,0.0103,0.0267));
#6232=CARTESIAN_POINT('',(-0.0018,0.0195,0.0045));
#6233=CARTESIAN_POINT('',(0.002338743727351,0.011183333333333,0.0267));
#6234=CARTESIAN_POINT('',(0.,0.0166,0.0267));
#6235=CARTESIAN_POINT('',(0.0023,0.0166,0.0267));
#6236=CARTESIAN_POINT('',(0.,0.0166,0.0267));
#6237=CARTESIAN_POINT('',(0.00228921211976216,0.0168225036420728,0.0269));
#6238=CARTESIAN_POINT('',(0.002289212119762,0.0168225036420727,0.0269));
#6239=CARTESIAN_POINT('',(0.00228921211976216,0.0168225036420728,0.0296));
#6240=CARTESIAN_POINT('',(0.,0.0166,0.0269));
#6241=CARTESIAN_POINT('',(0.00227880967353031,0.0162885092748979,0.0269));
#6242=CARTESIAN_POINT('',(0.00227880967353033,0.016288509274898,0.0267));
#6243=CARTESIAN_POINT('',(0.00227880967353031,0.0162885092748979,0.0296));
#6244=CARTESIAN_POINT('',(0.,0.0166,0.0296));
#6245=CARTESIAN_POINT('',(0.00224592751039205,0.0161042080899569,0.0296));
#6246=CARTESIAN_POINT('',(0.00224592751039205,0.0161042080899569,0.0269));
#6247=CARTESIAN_POINT('',(0.00224592751039205,0.0161042080899569,0.0269));
#6248=CARTESIAN_POINT('',(0.,0.0166,0.0269));
#6249=CARTESIAN_POINT('',(0.00207102086176056,0.0155995638000589,0.0269));
#6250=CARTESIAN_POINT('',(0.00207102086176067,0.0155995638000592,0.0267));
#6251=CARTESIAN_POINT('',(0.00207102086176056,0.0155995638000589,0.0296));
#6252=CARTESIAN_POINT('',(0.,0.0166,0.0296));
#6253=CARTESIAN_POINT('',(0.001982795868008,0.0154344441043818,0.0296));
#6254=CARTESIAN_POINT('',(0.00198279586800801,0.0154344441043818,0.0269));
#6255=CARTESIAN_POINT('',(0.00198279586800802,0.0154344441043818,0.0269));
#6256=CARTESIAN_POINT('',(0.,0.0166,0.0269));
#6257=CARTESIAN_POINT('',(0.00166050609839122,0.0150085479909197,0.0269));
#6258=CARTESIAN_POINT('',(0.00166050609839124,0.0150085479909197,0.0267));
#6259=CARTESIAN_POINT('',(0.00166050609839122,0.0150085479909197,0.0296));
#6260=CARTESIAN_POINT('',(0.,0.0166,0.0296));
#6261=CARTESIAN_POINT('',(0.00152557435111212,0.0148787728507752,0.0296));
#6262=CARTESIAN_POINT('',(0.00152557435111205,0.0148787728507752,0.0269));
#6263=CARTESIAN_POINT('',(0.00152557435111212,0.0148787728507752,0.0269));
#6264=CARTESIAN_POINT('',(0.,0.0166,0.0269));
#6265=CARTESIAN_POINT('',(0.00108744942868471,0.014573314592727,0.0269));
#6266=CARTESIAN_POINT('',(0.00108744942868493,0.0145733145927271,0.0267));
#6267=CARTESIAN_POINT('',(0.00108744942868471,0.014573314592727,0.0296));
#6268=CARTESIAN_POINT('',(0.,0.0166,0.0296));
#6269=CARTESIAN_POINT('',(0.000919018987428174,0.0144915873030294,0.0296));
#6270=CARTESIAN_POINT('',(0.00091901898742824,0.0144915873030294,0.0269));
#6271=CARTESIAN_POINT('',(0.000919018987428173,0.0144915873030294,0.0269));
#6272=CARTESIAN_POINT('',(0.,0.0166,0.0269));
#6273=CARTESIAN_POINT('',(0.000407945632192867,0.0143364672829458,0.0269));
#6274=CARTESIAN_POINT('',(0.00040794563219303,0.0143364672829458,0.0267));
#6275=CARTESIAN_POINT('',(0.000407945632192867,0.0143364672829458,0.0296));
#6276=CARTESIAN_POINT('',(0.,0.0166,0.0296));
#6277=CARTESIAN_POINT('',(0.000222503642072642,0.014310787880238,0.0296));
#6278=CARTESIAN_POINT('',(0.000222503642072803,0.0143107878802378,0.0269));
#6279=CARTESIAN_POINT('',(0.000222503642072668,0.014310787880238,0.0269));
#6280=CARTESIAN_POINT('',(0.,0.0166,0.0269));
#6281=CARTESIAN_POINT('',(-0.000311490725102139,0.0143211903264697,0.0269));
#6282=CARTESIAN_POINT('',(-0.000311490725102043,0.0143211903264697,0.0267));
#6283=CARTESIAN_POINT('',(-0.000311490725102045,0.0143211903264697,0.0296));
#6284=CARTESIAN_POINT('',(0.,0.0166,0.0296));
#6285=CARTESIAN_POINT('',(-0.000495791910043128,0.014354072489608,0.0296));
#6286=CARTESIAN_POINT('',(-0.000495791910043128,0.014354072489608,0.0269));
#6287=CARTESIAN_POINT('',(-0.000495791910043129,0.014354072489608,0.0269));
#6288=CARTESIAN_POINT('',(0.,0.0166,0.0269));
#6289=CARTESIAN_POINT('',(-0.00100043619994107,0.0145289791382394,0.0269));
#6290=CARTESIAN_POINT('',(-0.00100043619994084,0.0145289791382393,0.0267));
#6291=CARTESIAN_POINT('',(-0.00100043619994107,0.0145289791382394,0.0296));
#6292=CARTESIAN_POINT('',(0.,0.0166,0.0296));
#6293=CARTESIAN_POINT('',(-0.00116555589561818,0.014617204131992,0.0296));
#6294=CARTESIAN_POINT('',(-0.00116555589561818,0.014617204131992,0.0269));
#6295=CARTESIAN_POINT('',(-0.00116555589561818,0.014617204131992,0.0269));
#6296=CARTESIAN_POINT('',(0.,0.0166,0.0269));
#6297=CARTESIAN_POINT('',(-0.00159145200908025,0.0149394939016088,0.0269));
#6298=CARTESIAN_POINT('',(-0.00159145200908023,0.0149394939016088,0.0267));
#6299=CARTESIAN_POINT('',(-0.00159145200908025,0.0149394939016088,0.0296));
#6300=CARTESIAN_POINT('',(0.,0.0166,0.0296));
#6301=CARTESIAN_POINT('',(-0.0017212271492248,0.0150744256488879,0.0296));
#6302=CARTESIAN_POINT('',(-0.00172122714922478,0.0150744256488879,0.0269));
#6303=CARTESIAN_POINT('',(-0.0017212271492248,0.0150744256488879,0.0269));
#6304=CARTESIAN_POINT('',(0.,0.0166,0.0269));
#6305=CARTESIAN_POINT('',(-0.002026685407273,0.0155125505713153,0.0269));
#6306=CARTESIAN_POINT('',(-0.00202668540727288,0.0155125505713151,0.0267));
#6307=CARTESIAN_POINT('',(-0.002026685407273,0.0155125505713153,0.0296));
#6308=CARTESIAN_POINT('',(0.,0.0166,0.0296));
#6309=CARTESIAN_POINT('',(-0.00210841269697059,0.0156809810125718,0.0296));
#6310=CARTESIAN_POINT('',(-0.00210841269697063,0.0156809810125717,0.0269));
#6311=CARTESIAN_POINT('',(-0.00210841269697059,0.0156809810125718,0.0269));
#6312=CARTESIAN_POINT('',(0.,0.0166,0.0269));
#6313=CARTESIAN_POINT('',(-0.0022635327170542,0.0161920543678072,0.0269));
#6314=CARTESIAN_POINT('',(-0.00226353271705417,0.0161920543678069,0.0267));
#6315=CARTESIAN_POINT('',(-0.0022635327170542,0.0161920543678072,0.0296));
#6316=CARTESIAN_POINT('',(0.,0.0166,0.0296));
#6317=CARTESIAN_POINT('',(-0.0022892121197618,0.0163774963579275,0.0296));
#6318=CARTESIAN_POINT('',(-0.00228921211976168,0.0163774963579276,0.0269));
#6319=CARTESIAN_POINT('',(-0.00228921211976175,0.0163774963579276,0.0269));
#6320=CARTESIAN_POINT('',(0.,0.0166,0.0269));
#6321=CARTESIAN_POINT('',(-0.00227880967353031,0.0169114907251021,0.0269));
#6322=CARTESIAN_POINT('',(-0.00227880967353033,0.016911490725102,0.0267));
#6323=CARTESIAN_POINT('',(-0.00227880967353033,0.016911490725102,0.0296));
#6324=CARTESIAN_POINT('',(0.,0.0166,0.0296));
#6325=CARTESIAN_POINT('',(-0.00224592751039205,0.0170957919100432,0.0296));
#6326=CARTESIAN_POINT('',(-0.00224592751039205,0.0170957919100432,0.0269));
#6327=CARTESIAN_POINT('',(-0.00224592751039205,0.0170957919100432,0.0269));
#6328=CARTESIAN_POINT('',(0.,0.0166,0.0269));
#6329=CARTESIAN_POINT('',(-0.00207102086176056,0.0176004361999411,0.0269));
#6330=CARTESIAN_POINT('',(-0.00207102086176067,0.0176004361999408,0.0267));
#6331=CARTESIAN_POINT('',(-0.00207102086176056,0.0176004361999411,0.0296));
#6332=CARTESIAN_POINT('',(0.,0.0166,0.0296));
#6333=CARTESIAN_POINT('',(-0.00198279586800801,0.0177655558956182,0.0296));
#6334=CARTESIAN_POINT('',(-0.00198279586800801,0.0177655558956182,0.0269));
#6335=CARTESIAN_POINT('',(-0.00198279586800802,0.0177655558956182,0.0269));
#6336=CARTESIAN_POINT('',(0.,0.0166,0.0269));
#6337=CARTESIAN_POINT('',(-0.00166050609839122,0.0181914520090803,0.0269));
#6338=CARTESIAN_POINT('',(-0.00166050609839124,0.0181914520090803,0.0267));
#6339=CARTESIAN_POINT('',(-0.00166050609839122,0.0181914520090803,0.0296));
#6340=CARTESIAN_POINT('',(0.,0.0166,0.0296));
#6341=CARTESIAN_POINT('',(-0.00152557435111212,0.0183212271492248,0.0296));
#6342=CARTESIAN_POINT('',(-0.00152557435111205,0.0183212271492248,0.0269));
#6343=CARTESIAN_POINT('',(-0.00152557435111212,0.0183212271492248,0.0269));
#6344=CARTESIAN_POINT('',(0.,0.0166,0.0269));
#6345=CARTESIAN_POINT('',(-0.00108744942868471,0.018626685407273,0.0269));
#6346=CARTESIAN_POINT('',(-0.00108744942868493,0.0186266854072728,0.0267));
#6347=CARTESIAN_POINT('',(-0.00108744942868471,0.018626685407273,0.0296));
#6348=CARTESIAN_POINT('',(0.,0.0166,0.0296));
#6349=CARTESIAN_POINT('',(-0.000919018987428171,0.0187084126969706,0.0296));
#6350=CARTESIAN_POINT('',(-0.000919018987428235,0.0187084126969706,0.0269));
#6351=CARTESIAN_POINT('',(-0.00091901898742817,0.0187084126969706,0.0269));
#6352=CARTESIAN_POINT('',(0.,0.0166,0.0269));
#6353=CARTESIAN_POINT('',(-0.000407945632192867,0.0188635327170542,0.0269));
#6354=CARTESIAN_POINT('',(-0.000407945632193029,0.0188635327170541,0.0267));
#6355=CARTESIAN_POINT('',(-0.000407945632192867,0.0188635327170542,0.0296));
#6356=CARTESIAN_POINT('',(0.,0.0166,0.0296));
#6357=CARTESIAN_POINT('',(-0.000222503642072644,0.018889212119762,0.0296));
#6358=CARTESIAN_POINT('',(-0.000222503642072803,0.0188892121197622,0.0269));
#6359=CARTESIAN_POINT('',(-0.000222503642072668,0.018889212119762,0.0269));
#6360=CARTESIAN_POINT('',(0.,0.0166,0.0269));
#6361=CARTESIAN_POINT('',(0.00031149072510214,0.0188788096735303,0.0269));
#6362=CARTESIAN_POINT('',(0.000311490725102045,0.0188788096735303,0.0267));
#6363=CARTESIAN_POINT('',(0.000311490725102045,0.0188788096735303,0.0296));
#6364=CARTESIAN_POINT('',(0.,0.0166,0.0296));
#6365=CARTESIAN_POINT('',(0.000495791910043129,0.018845927510392,0.0296));
#6366=CARTESIAN_POINT('',(0.000495791910043129,0.018845927510392,0.0269));
#6367=CARTESIAN_POINT('',(0.000495791910043129,0.018845927510392,0.0269));
#6368=CARTESIAN_POINT('',(0.,0.0166,0.0269));
#6369=CARTESIAN_POINT('',(0.00100043619994107,0.0186710208617605,0.0269));
#6370=CARTESIAN_POINT('',(0.00100043619994084,0.0186710208617606,0.0267));
#6371=CARTESIAN_POINT('',(0.00100043619994107,0.0186710208617605,0.0296));
#6372=CARTESIAN_POINT('',(0.,0.0166,0.0296));
#6373=CARTESIAN_POINT('',(0.00116555589561818,0.018582795868008,0.0296));
#6374=CARTESIAN_POINT('',(0.00116555589561818,0.018582795868008,0.0269));
#6375=CARTESIAN_POINT('',(0.00116555589561818,0.018582795868008,0.0269));
#6376=CARTESIAN_POINT('',(0.,0.0166,0.0269));
#6377=CARTESIAN_POINT('',(0.00159145200908025,0.0182605060983912,0.0269));
#6378=CARTESIAN_POINT('',(0.00159145200908023,0.0182605060983912,0.0267));
#6379=CARTESIAN_POINT('',(0.00159145200908026,0.0182605060983912,0.0296));
#6380=CARTESIAN_POINT('',(0.,0.0166,0.0296));
#6381=CARTESIAN_POINT('',(0.0017212271492248,0.0181255743511121,0.0296));
#6382=CARTESIAN_POINT('',(0.00172122714922478,0.0181255743511121,0.0269));
#6383=CARTESIAN_POINT('',(0.0017212271492248,0.0181255743511121,0.0269));
#6384=CARTESIAN_POINT('',(0.,0.0166,0.0269));
#6385=CARTESIAN_POINT('',(0.002026685407273,0.0176874494286847,0.0269));
#6386=CARTESIAN_POINT('',(0.00202668540727288,0.0176874494286849,0.0267));
#6387=CARTESIAN_POINT('',(0.002026685407273,0.0176874494286847,0.0296));
#6388=CARTESIAN_POINT('',(0.,0.0166,0.0296));
#6389=CARTESIAN_POINT('',(0.00210841269697059,0.0175190189874281,0.0296));
#6390=CARTESIAN_POINT('',(0.00210841269697063,0.0175190189874282,0.0269));
#6391=CARTESIAN_POINT('',(0.00210841269697059,0.0175190189874281,0.0269));
#6392=CARTESIAN_POINT('',(0.,0.0166,0.0269));
#6393=CARTESIAN_POINT('',(0.0022635327170542,0.0170079456321929,0.0269));
#6394=CARTESIAN_POINT('',(0.00226353271705417,0.0170079456321931,0.0267));
#6395=CARTESIAN_POINT('',(0.0022635327170542,0.0170079456321929,0.0296));
#6396=CARTESIAN_POINT('',(0.,0.0166,0.0296));
#6397=CARTESIAN_POINT('',(0.00251021,0.0165511,0.0269));
#6398=CARTESIAN_POINT('',(0.00251021,0.0165511,0.0269));
#6399=CARTESIAN_POINT('',(0.00251021,0.0165511,0.0269));
#6400=CARTESIAN_POINT('',(0.00228921211976216,0.0168225036420728,0.0296));
#6401=CARTESIAN_POINT('',(0.00228921210390542,0.016822503629161,0.0297700842391082));
#6402=CARTESIAN_POINT('',(0.00218033842834947,0.0167183259568433,0.0298405719250504));
#6403=CARTESIAN_POINT('',(0.00216364284921967,0.0166,0.029851437900682));
#6404=CARTESIAN_POINT('',(0.00216364284921975,0.0166000000000006,0.0298514379006817));
#6405=CARTESIAN_POINT('',(0.00227880967353031,0.0162885092748978,0.0296));
#6406=CARTESIAN_POINT('',(0.00227880967353031,0.0162885092748978,0.0296817737654952));
#6407=CARTESIAN_POINT('',(0.00220081441035541,0.016344533381123,0.0298382886125789));
#6408=CARTESIAN_POINT('',(0.00215227271251095,0.0165194168531059,0.0298588379050645));
#6409=CARTESIAN_POINT('',(0.00216364284921967,0.0166,0.0298514379006818));
#6410=CARTESIAN_POINT('',(0.,0.0166,0.0296));
#6411=CARTESIAN_POINT('',(0.,0.0166,0.0299));
#6412=CARTESIAN_POINT('',(0.002,0.0166,0.0299));
#6413=CARTESIAN_POINT('',(0.00226353271705423,0.0170079456321927,0.0296));
#6414=CARTESIAN_POINT('',(0.00226353271705423,0.0170079456321927,0.0296746621391654));
#6415=CARTESIAN_POINT('',(0.00218991310838648,0.0170307219135496,0.0298204304086268));
#6416=CARTESIAN_POINT('',(0.00203894212806654,0.0172190662951483,0.0298696250713842));
#6417=CARTESIAN_POINT('',(0.00205963320997102,0.0174581831264005,0.0298210947744277));
#6418=CARTESIAN_POINT('',(0.00210841269697055,0.0175190189874281,0.0296747289673843));
#6419=CARTESIAN_POINT('',(0.00210841269697055,0.0175190189874281,0.0296));
#6420=CARTESIAN_POINT('',(0.00202668540727311,0.0176874494286845,0.0296));
#6421=CARTESIAN_POINT('',(0.00202668540727311,0.0176874494286845,0.0296746621391654));
#6422=CARTESIAN_POINT('',(0.00194963074071463,0.0176863612492884,0.0298204304086268));
#6423=CARTESIAN_POINT('',(0.00174784719140096,0.017818834802139,0.0298696250713841));
#6424=CARTESIAN_POINT('',(0.0016936344151774,0.0180526423185977,0.0298210947744276));
#6425=CARTESIAN_POINT('',(0.00172122714922482,0.0181255743511122,0.0296747289673842));
#6426=CARTESIAN_POINT('',(0.00172122714922482,0.0181255743511122,0.0296));
#6427=CARTESIAN_POINT('',(0.00159145200908028,0.0182605060983912,0.0296));
#6428=CARTESIAN_POINT('',(0.00159145200908028,0.0182605060983912,0.0296746621391654));
#6429=CARTESIAN_POINT('',(0.00151850493226528,0.0182356599768233,0.0298204304086266));
#6430=CARTESIAN_POINT('',(0.00128566079367351,0.0182992952665754,0.029869625071384));
#6431=CARTESIAN_POINT('',(0.00116185088358134,0.0185049067594966,0.0298210947744274));
#6432=CARTESIAN_POINT('',(0.00116555589561818,0.0185827958680081,0.0296747289673842));
#6433=CARTESIAN_POINT('',(0.00116555589561818,0.0185827958680081,0.0296));
#6434=CARTESIAN_POINT('',(0.0010004361999413,0.0186710208617605,0.0296));
#6435=CARTESIAN_POINT('',(0.0010004361999413,0.0186710208617605,0.0296746621391654));
#6436=CARTESIAN_POINT('',(0.000938737281000422,0.0186248489095127,0.0298204304086269));
#6437=CARTESIAN_POINT('',(0.000697624959735881,0.0186134168706322,0.0298696250713842));
#6438=CARTESIAN_POINT('',(0.000516337292409196,0.01877070565451,0.0298210947744277));
#6439=CARTESIAN_POINT('',(0.000495791910043131,0.0188459275103921,0.0296747289673843));
#6440=CARTESIAN_POINT('',(0.000495791910043131,0.0188459275103921,0.0296));
#6441=CARTESIAN_POINT('',(0.000311490725102047,0.0188788096735303,0.0296));
#6442=CARTESIAN_POINT('',(0.00031149072056247,0.0188788096741508,0.0296691972511616));
#6443=CARTESIAN_POINT('',(0.000283532673953756,0.01884382400676,0.0297657013342524));
#6444=CARTESIAN_POINT('',(0.000184670880897149,0.0187798111928737,0.0298376302806052));
#6445=CARTESIAN_POINT('',(3.55159194704891E-5,0.0187487507111633,0.0298616379915982));
#6446=CARTESIAN_POINT('',(-0.0001018589634039,0.0187875651482102,0.0298357086479353));
#6447=CARTESIAN_POINT('',(-0.000196027415577483,0.0188529587286696,0.0297652114775951));
#6448=CARTESIAN_POINT('',(-0.000222503637471646,0.018889212120209,0.0296691197736602));
#6449=CARTESIAN_POINT('',(-0.000222503642072482,0.0188892121197618,0.0296000000000002));
#6450=CARTESIAN_POINT('',(-0.000407945632192705,0.0188635327170542,0.0296));
#6451=CARTESIAN_POINT('',(-0.000407945632192705,0.0188635327170542,0.0296746621391654));
#6452=CARTESIAN_POINT('',(-0.000430721913549628,0.0187899131083865,0.0298204304086269));
#6453=CARTESIAN_POINT('',(-0.000619066295148262,0.0186389421280665,0.0298696250713842));
#6454=CARTESIAN_POINT('',(-0.00085818312640048,0.018659633209971,0.0298210947744277));
#6455=CARTESIAN_POINT('',(-0.000919018987428106,0.0187084126969705,0.0296747289673843));
#6456=CARTESIAN_POINT('',(-0.000919018987428106,0.0187084126969705,0.0296));
#6457=CARTESIAN_POINT('',(-0.00108744942868449,0.0186266854072731,0.0296));
#6458=CARTESIAN_POINT('',(-0.00108744942868449,0.0186266854072731,0.0296746621391654));
#6459=CARTESIAN_POINT('',(-0.00108636124928842,0.0185496307407147,0.0298204304086268));
#6460=CARTESIAN_POINT('',(-0.00121883480213905,0.018347847191401,0.0298696250713841));
#6461=CARTESIAN_POINT('',(-0.00145264231859771,0.0182936344151774,0.0298210947744276));
#6462=CARTESIAN_POINT('',(-0.00152557435111219,0.0183212271492248,0.0296747289673842));
#6463=CARTESIAN_POINT('',(-0.00152557435111219,0.0183212271492248,0.0296));
#6464=CARTESIAN_POINT('',(-0.0016605060983912,0.0181914520090803,0.0296));
#6465=CARTESIAN_POINT('',(-0.0016605060983912,0.0181914520090803,0.0296746621391654));
#6466=CARTESIAN_POINT('',(-0.00163565997682329,0.0181185049322653,0.0298204304086266));
#6467=CARTESIAN_POINT('',(-0.00169929526657542,0.0178856607936735,0.029869625071384));
#6468=CARTESIAN_POINT('',(-0.00190490675949664,0.0177618508835813,0.0298210947744274));
#6469=CARTESIAN_POINT('',(-0.00198279586800802,0.0177655558956182,0.0296747289673842));
#6470=CARTESIAN_POINT('',(-0.00198279586800802,0.0177655558956182,0.0296));
#6471=CARTESIAN_POINT('',(-0.00207102086176046,0.0176004361999413,0.0296));
#6472=CARTESIAN_POINT('',(-0.00207102086176046,0.0176004361999413,0.0296746621391654));
#6473=CARTESIAN_POINT('',(-0.00202484890951267,0.0175387372810004,0.0298204304086269));
#6474=CARTESIAN_POINT('',(-0.00201341687063224,0.0172976249597359,0.0298696250713842));
#6475=CARTESIAN_POINT('',(-0.00217070565450996,0.0171163372924092,0.0298210947744277));
#6476=CARTESIAN_POINT('',(-0.00224592751039204,0.0170957919100432,0.0296747289673843));
#6477=CARTESIAN_POINT('',(-0.00224592751039204,0.0170957919100432,0.0296));
#6478=CARTESIAN_POINT('',(-0.00227880967353033,0.016911490725102,0.0296));
#6479=CARTESIAN_POINT('',(-0.00227880967415083,0.0169114907205625,0.0296691972511854));
#6480=CARTESIAN_POINT('',(-0.00224382400676308,0.0168835326739558,0.0297657013342391));
#6481=CARTESIAN_POINT('',(-0.00217981119288176,0.0167846708809091,0.0298376302805995));
#6482=CARTESIAN_POINT('',(-0.00214875071116244,0.0166355159195039,0.029861637991598));
#6483=CARTESIAN_POINT('',(-0.00218756514820045,0.0164981410366119,0.0298357086479433));
#6484=CARTESIAN_POINT('',(-0.00225295872866701,0.0164039725844224,0.0297652114776032));
#6485=CARTESIAN_POINT('',(-0.00228921212020899,0.0163774963625284,0.0296691197736578));
#6486=CARTESIAN_POINT('',(-0.00228921211976184,0.0163774963579275,0.0296000000000002));
#6487=CARTESIAN_POINT('',(-0.00226353271705423,0.0161920543678073,0.0296));
#6488=CARTESIAN_POINT('',(-0.00226353271705423,0.0161920543678073,0.0296746621391654));
#6489=CARTESIAN_POINT('',(-0.00218991310838648,0.0161692780864504,0.0298204304086269));
#6490=CARTESIAN_POINT('',(-0.00203894212806654,0.0159809337048517,0.0298696250713842));
#6491=CARTESIAN_POINT('',(-0.00205963320997102,0.0157418168735995,0.0298210947744276));
#6492=CARTESIAN_POINT('',(-0.00210841269697055,0.0156809810125719,0.0296747289673843));
#6493=CARTESIAN_POINT('',(-0.00210841269697055,0.0156809810125719,0.0296));
#6494=CARTESIAN_POINT('',(-0.00202668540727311,0.0155125505713155,0.0296));
#6495=CARTESIAN_POINT('',(-0.00202668540727311,0.0155125505713155,0.0296746621391654));
#6496=CARTESIAN_POINT('',(-0.00194963074071463,0.0155136387507116,0.0298204304086268));
#6497=CARTESIAN_POINT('',(-0.00174784719140096,0.0153811651978609,0.0298696250713841));
#6498=CARTESIAN_POINT('',(-0.0016936344151774,0.0151473576814023,0.0298210947744276));
#6499=CARTESIAN_POINT('',(-0.00172122714922482,0.0150744256488878,0.0296747289673842));
#6500=CARTESIAN_POINT('',(-0.00172122714922482,0.0150744256488878,0.0296));
#6501=CARTESIAN_POINT('',(-0.00159145200908028,0.0149394939016088,0.0296));
#6502=CARTESIAN_POINT('',(-0.00159145200908028,0.0149394939016088,0.0296746621391654));
#6503=CARTESIAN_POINT('',(-0.00151850493226528,0.0149643400231767,0.0298204304086266));
#6504=CARTESIAN_POINT('',(-0.0012856607936735,0.0149007047334246,0.029869625071384));
#6505=CARTESIAN_POINT('',(-0.00116185088358134,0.0146950932405034,0.0298210947744274));
#6506=CARTESIAN_POINT('',(-0.00116555589561818,0.014617204131992,0.0296747289673842));
#6507=CARTESIAN_POINT('',(-0.00116555589561818,0.014617204131992,0.0296));
#6508=CARTESIAN_POINT('',(-0.0010004361999413,0.0145289791382395,0.0296));
#6509=CARTESIAN_POINT('',(-0.0010004361999413,0.0145289791382395,0.0296746621391654));
#6510=CARTESIAN_POINT('',(-0.000938737281000423,0.0145751510904873,0.0298204304086269));
#6511=CARTESIAN_POINT('',(-0.00069762495973588,0.0145865831293678,0.0298696250713842));
#6512=CARTESIAN_POINT('',(-0.000516337292409197,0.01442929434549,0.0298210947744277));
#6513=CARTESIAN_POINT('',(-0.000495791910043131,0.014354072489608,0.0296747289673843));
#6514=CARTESIAN_POINT('',(-0.000495791910043131,0.014354072489608,0.0296));
#6515=CARTESIAN_POINT('',(-0.000311490725102036,0.0143211903264697,0.0296));
#6516=CARTESIAN_POINT('',(-0.000311490720562519,0.0143211903258492,0.0296691972511656));
#6517=CARTESIAN_POINT('',(-0.000283532673951842,0.0143561759932403,0.0297657013342528));
#6518=CARTESIAN_POINT('',(-0.000184670880894668,0.0144201888071278,0.0298376302806067));
#6519=CARTESIAN_POINT('',(-3.55159194620665E-5,0.0144512492888364,0.0298616379915981));
#6520=CARTESIAN_POINT('',(0.000101858963407055,0.0144124348517876,0.0298357086479337));
#6521=CARTESIAN_POINT('',(0.000196027415579668,0.0143470412713292,0.0297652114775918));
#6522=CARTESIAN_POINT('',(0.00022250363747164,0.014310787879791,0.0296691197736631));
#6523=CARTESIAN_POINT('',(0.000222503642072486,0.0143107878802382,0.0296000000000002));
#6524=CARTESIAN_POINT('',(0.000407945632192704,0.0143364672829458,0.0296));
#6525=CARTESIAN_POINT('',(0.000407945632192704,0.0143364672829458,0.0296746621391654));
#6526=CARTESIAN_POINT('',(0.000430721913549625,0.0144100868916135,0.0298204304086269));
#6527=CARTESIAN_POINT('',(0.000619066295148258,0.0145610578719335,0.0298696250713842));
#6528=CARTESIAN_POINT('',(0.000858183126400481,0.014540366790029,0.0298210947744277));
#6529=CARTESIAN_POINT('',(0.000919018987428108,0.0144915873030295,0.0296747289673843));
#6530=CARTESIAN_POINT('',(0.000919018987428108,0.0144915873030295,0.0296));
#6531=CARTESIAN_POINT('',(0.00108744942868449,0.0145733145927269,0.0296));
#6532=CARTESIAN_POINT('',(0.00108744942868449,0.0145733145927269,0.0296746621391654));
#6533=CARTESIAN_POINT('',(0.00108636124928842,0.0146503692592854,0.0298204304086268));
#6534=CARTESIAN_POINT('',(0.00121883480213905,0.014852152808599,0.0298696250713841));
#6535=CARTESIAN_POINT('',(0.0014526423185977,0.0149063655848226,0.0298210947744276));
#6536=CARTESIAN_POINT('',(0.00152557435111219,0.0148787728507752,0.0296747289673842));
#6537=CARTESIAN_POINT('',(0.00152557435111219,0.0148787728507752,0.0296));
#6538=CARTESIAN_POINT('',(0.0016605060983912,0.0150085479909197,0.0296));
#6539=CARTESIAN_POINT('',(0.0016605060983912,0.0150085479909197,0.0296746621391654));
#6540=CARTESIAN_POINT('',(0.00163565997682329,0.0150814950677347,0.0298204304086266));
#6541=CARTESIAN_POINT('',(0.00169929526657542,0.0153143392063265,0.029869625071384));
#6542=CARTESIAN_POINT('',(0.00190490675949664,0.0154381491164187,0.0298210947744274));
#6543=CARTESIAN_POINT('',(0.00198279586800802,0.0154344441043818,0.0296747289673842));
#6544=CARTESIAN_POINT('',(0.00198279586800802,0.0154344441043818,0.0296));
#6545=CARTESIAN_POINT('',(0.00207102086176045,0.0155995638000587,0.0296));
#6546=CARTESIAN_POINT('',(0.00207102086176045,0.0155995638000587,0.0296746621391654));
#6547=CARTESIAN_POINT('',(0.00202484890951267,0.0156612627189996,0.0298204304086269));
#6548=CARTESIAN_POINT('',(0.00201341687063224,0.0159023750402641,0.0298696250713842));
#6549=CARTESIAN_POINT('',(0.00217070565450996,0.0160836627075908,0.0298210947744277));
#6550=CARTESIAN_POINT('',(0.00224592751039204,0.0161042080899569,0.0296747289673843));
#6551=CARTESIAN_POINT('',(0.00224592751039204,0.0161042080899569,0.0296));
#6552=CARTESIAN_POINT('',(0.002402462508794,0.017329190885803,0.0269));
#6553=CARTESIAN_POINT('',(0.002402462508794,0.017329190885803,0.0269));
#6554=CARTESIAN_POINT('',(0.002402462508794,0.017329190885803,0.0269));
#6555=CARTESIAN_POINT('',(0.002059545248287,0.018035903487132,0.0269));
#6556=CARTESIAN_POINT('',(0.002059545248287,0.018035903487132,0.0269));
#6557=CARTESIAN_POINT('',(0.002059545248287,0.018035903487132,0.0269));
#6558=CARTESIAN_POINT('',(0.001515025349182,0.018602059850613,0.0269));
#6559=CARTESIAN_POINT('',(0.001515025349182,0.018602059850613,0.0269));
#6560=CARTESIAN_POINT('',(0.001515025349182,0.018602059850613,0.0269));
#6561=CARTESIAN_POINT('',(0.000822204213097,0.018972240646744,0.0269));
#6562=CARTESIAN_POINT('',(0.000822204213097,0.018972240646744,0.0269));
#6563=CARTESIAN_POINT('',(0.000822204213097,0.018972240646744,0.0269));
#6564=CARTESIAN_POINT('',(4.89E-5,0.01911021,0.0269));
#6565=CARTESIAN_POINT('',(4.89E-5,0.01911021,0.0269));
#6566=CARTESIAN_POINT('',(4.89E-5,0.01911021,0.0269));
#6567=CARTESIAN_POINT('',(-0.000729190885803,0.019002462508794,0.0269));
#6568=CARTESIAN_POINT('',(-0.000729190885803,0.019002462508794,0.0269));
#6569=CARTESIAN_POINT('',(-0.000729190885803,0.019002462508794,0.0269));
#6570=CARTESIAN_POINT('',(-0.001435903487132,0.018659545248287,0.0269));
#6571=CARTESIAN_POINT('',(-0.001435903487132,0.018659545248287,0.0269));
#6572=CARTESIAN_POINT('',(-0.001435903487132,0.018659545248287,0.0269));
#6573=CARTESIAN_POINT('',(-0.002002059850613,0.018115025349182,0.0269));
#6574=CARTESIAN_POINT('',(-0.002002059850613,0.018115025349182,0.0269));
#6575=CARTESIAN_POINT('',(-0.002002059850613,0.018115025349182,0.0269));
#6576=CARTESIAN_POINT('',(-0.002372240646744,0.017422204213097,0.0269));
#6577=CARTESIAN_POINT('',(-0.002372240646744,0.017422204213097,0.0269));
#6578=CARTESIAN_POINT('',(-0.002372240646744,0.017422204213097,0.0269));
#6579=CARTESIAN_POINT('',(-0.00251021,0.0166489,0.0269));
#6580=CARTESIAN_POINT('',(-0.00251021,0.0166489,0.0269));
#6581=CARTESIAN_POINT('',(-0.00251021,0.0166489,0.0269));
#6582=CARTESIAN_POINT('',(-0.002402462508794,0.015870809114197,0.0269));
#6583=CARTESIAN_POINT('',(-0.002402462508794,0.015870809114197,0.0269));
#6584=CARTESIAN_POINT('',(-0.002402462508794,0.015870809114197,0.0269));
#6585=CARTESIAN_POINT('',(-0.002059545248287,0.015164096512868,0.0269));
#6586=CARTESIAN_POINT('',(-0.002059545248287,0.015164096512868,0.0269));
#6587=CARTESIAN_POINT('',(-0.002059545248287,0.015164096512868,0.0269));
#6588=CARTESIAN_POINT('',(-0.001515025349182,0.014597940149387,0.0269));
#6589=CARTESIAN_POINT('',(-0.001515025349182,0.014597940149387,0.0269));
#6590=CARTESIAN_POINT('',(-0.001515025349182,0.014597940149387,0.0269));
#6591=CARTESIAN_POINT('',(-0.000822204213097,0.014227759353256,0.0269));
#6592=CARTESIAN_POINT('',(-0.000822204213097,0.014227759353256,0.0269));
#6593=CARTESIAN_POINT('',(-0.000822204213097,0.014227759353256,0.0269));
#6594=CARTESIAN_POINT('',(-4.89E-5,0.01408979,0.0269));
#6595=CARTESIAN_POINT('',(-4.89E-5,0.01408979,0.0269));
#6596=CARTESIAN_POINT('',(-4.89E-5,0.01408979,0.0269));
#6597=CARTESIAN_POINT('',(0.000729190885803,0.014197537491206,0.0269));
#6598=CARTESIAN_POINT('',(0.000729190885803,0.014197537491206,0.0269));
#6599=CARTESIAN_POINT('',(0.000729190885803,0.014197537491206,0.0269));
#6600=CARTESIAN_POINT('',(0.001435903487132,0.014540454751713,0.0269));
#6601=CARTESIAN_POINT('',(0.001435903487132,0.014540454751713,0.0269));
#6602=CARTESIAN_POINT('',(0.001435903487132,0.014540454751713,0.0269));
#6603=CARTESIAN_POINT('',(0.002002059850613,0.015084974650818,0.0269));
#6604=CARTESIAN_POINT('',(0.002002059850613,0.015084974650818,0.0269));
#6605=CARTESIAN_POINT('',(0.002002059850613,0.015084974650818,0.0269));
#6606=CARTESIAN_POINT('',(0.002372240646744,0.015777795786903,0.0269));
#6607=CARTESIAN_POINT('',(0.002372240646744,0.015777795786903,0.0269));
#6608=CARTESIAN_POINT('',(0.002372240646744,0.015777795786903,0.0269));
#6609=CARTESIAN_POINT('',(0.,0.0166,0.0299));
#6610=CARTESIAN_POINT('',(0.,0.0166,0.0299));
#6611=CARTESIAN_POINT('',(0.00085,0.0166,0.0299));
#6612=CARTESIAN_POINT('',(0.,0.0166,0.0267));
#6613=CARTESIAN_POINT('',(0.,0.0166,0.0267));
#6614=CARTESIAN_POINT('',(0.00085,0.0166,0.0267));
#6615=CARTESIAN_POINT('',(0.002338743727351,0.011183333333333,0.0267));
#6616=CARTESIAN_POINT('',(0.0348607187658549,-0.0050847720950842,0.0291317315936089));
#6617=CARTESIAN_POINT('',(0.038993302047254,-0.0180103301227093,0.022));
#6618=CARTESIAN_POINT('',(0.038993302047254,-0.0368103301227093,0.022));
#6619=CARTESIAN_POINT('',(0.038993302047254,-0.0368103301227093,0.019));
#6620=CARTESIAN_POINT('',(0.038993302047254,-0.0368103301227093,-0.019));
#6621=CARTESIAN_POINT('',(0.038993302047254,-0.0338103301227093,0.019));
#6622=CARTESIAN_POINT('',(0.038993302047254,-0.0338103301227093,0.022));
#6623=CARTESIAN_POINT('',(0.038993302047254,-0.0180103301227093,0.022));
#6624=CARTESIAN_POINT('',(0.038993302047254,-0.00581033012270927,0.022));
#6625=CARTESIAN_POINT('',(0.038993302047254,-0.00581033012270927,0.019));
#6626=CARTESIAN_POINT('',(0.038993302047254,-0.00281033012270928,0.019));
#6627=CARTESIAN_POINT('',(0.038993302047254,-0.00281033012270928,0.022));
#6628=CARTESIAN_POINT('',(0.038993302047254,-0.00281033012270928,-0.019));
#6629=CARTESIAN_POINT('',(0.038993302047254,-0.00581033012270927,-0.019));
#6630=CARTESIAN_POINT('',(0.038993302047254,-0.00581033012270927,-0.022));
#6631=CARTESIAN_POINT('',(0.038993302047254,-0.0180103301227093,-0.022));
#6632=CARTESIAN_POINT('',(0.038993302047254,-0.0338103301227093,-0.022));
#6633=CARTESIAN_POINT('',(0.038993302047254,-0.0338103301227093,-0.019));
#6634=CARTESIAN_POINT('',(0.040493302047254,-0.0368103301227093,0.022));
#6635=CARTESIAN_POINT('',(0.041993302047254,-0.0368103301227093,0.022));
#6636=CARTESIAN_POINT('',(0.041993302047254,-0.0368103301227093,0.019));
#6637=CARTESIAN_POINT('',(0.041993302047254,-0.0368103301227093,-0.019));
#6638=CARTESIAN_POINT('',(0.038993302047254,-0.0368103301227093,0.019));
#6639=CARTESIAN_POINT('',(0.040493302047254,-0.0368103301227093,-0.019));
#6640=CARTESIAN_POINT('',(0.041993302047254,-0.0198103301227093,0.022));
#6641=CARTESIAN_POINT('',(0.041993302047254,-0.0198103301227093,0.022));
#6642=CARTESIAN_POINT('',(0.041993302047254,-0.0338103301227093,0.022));
#6643=CARTESIAN_POINT('',(0.041993302047254,-0.00581033012270927,0.022));
#6644=CARTESIAN_POINT('',(0.041993302047254,-0.0338103301227093,0.019));
#6645=CARTESIAN_POINT('',(0.041993302047254,-0.0338103301227093,-0.019));
#6646=CARTESIAN_POINT('',(0.041993302047254,-0.0338103301227093,-0.022));
#6647=CARTESIAN_POINT('',(0.041993302047254,-0.0198103301227093,-0.022));
#6648=CARTESIAN_POINT('',(0.041993302047254,-0.00581033012270927,-0.022));
#6649=CARTESIAN_POINT('',(0.041993302047254,-0.00581033012270927,-0.019));
#6650=CARTESIAN_POINT('',(0.041993302047254,-0.00281033012270928,-0.019));
#6651=CARTESIAN_POINT('',(0.041993302047254,-0.00281033012270928,0.022));
#6652=CARTESIAN_POINT('',(0.041993302047254,-0.00281033012270928,0.019));
#6653=CARTESIAN_POINT('',(0.041993302047254,-0.00581033012270927,0.019));
#6654=CARTESIAN_POINT('',(0.040493302047254,-0.00281033012270928,0.022));
#6655=CARTESIAN_POINT('',(0.040493302047254,-0.00281033012270928,0.019));
#6656=CARTESIAN_POINT('',(0.038993302047254,-0.00281033012270928,-0.019));
#6657=CARTESIAN_POINT('',(0.0165359682646213,-0.0242511560412852,0.022));
#6658=CARTESIAN_POINT('',(0.041993302047254,-0.0338103301227093,0.022));
#6659=CARTESIAN_POINT('',(0.0165359682646213,-0.00581033012270927,0.022));
#6660=CARTESIAN_POINT('',(0.0165359682646213,-0.0242511560412852,-0.022));
#6661=CARTESIAN_POINT('',(0.041993302047254,-0.00581033012270927,-0.022));
#6662=CARTESIAN_POINT('',(0.0165359682646213,-0.0338103301227093,-0.022));
#6663=CARTESIAN_POINT('',(0.0165359682646213,-0.0338103301227093,0.019));
#6664=CARTESIAN_POINT('',(0.040493302047254,-0.00581033012270927,0.019));
#6665=CARTESIAN_POINT('',(0.0165359682646213,-0.00581033012270927,-0.019));
#6666=CARTESIAN_POINT('',(0.040493302047254,-0.0338103301227093,-0.019));
#6667=CARTESIAN_POINT('',(0.00346071876585483,0.0115152279049158,0.0261317315936089));
#6668=CARTESIAN_POINT('',(0.0255098221007479,-0.0198103301227093,0.006));
#6669=CARTESIAN_POINT('',(0.0255098221007479,-0.0198103301227093,0.003));
#6670=CARTESIAN_POINT('',(0.0223315341546697,-0.0215010358131869,0.003));
#6671=CARTESIAN_POINT('',(0.0286881100468263,-0.0181196244322317,0.003));
#6672=CARTESIAN_POINT('',(0.0286881100468263,-0.0181196244322317,0.006));
#6673=CARTESIAN_POINT('',(0.0286881100468263,-0.0181196244322317,0.006));
#6674=CARTESIAN_POINT('',(0.0255098221007479,-0.0198103301227093,0.006));
#6675=CARTESIAN_POINT('',(0.0223315341546697,-0.0215010358131869,0.006));
#6676=CARTESIAN_POINT('',(0.0223315341546697,-0.0215010358131869,0.006));
#6677=CARTESIAN_POINT('',(0.0205328585170599,0.00167611286034696,0.006));
#6678=CARTESIAN_POINT('',(0.0205328585170599,0.00167611286034696,0.003));
#6679=CARTESIAN_POINT('',(0.0128955622062795,0.0202145859953527,0.003));
#6680=CARTESIAN_POINT('',(0.0128955622062795,0.0202145859953527,0.006));
#6681=CARTESIAN_POINT('',(0.0128955622062795,0.0202145859953527,0.006));
#6682=CARTESIAN_POINT('',(0.0205328585170599,0.00167611286034696,0.006));
#6683=CARTESIAN_POINT('',(0.00971727426020123,0.018523880304875,0.006));
#6684=CARTESIAN_POINT('',(0.00971727426020123,0.018523880304875,0.003));
#6685=CARTESIAN_POINT('',(0.00653898631412294,0.0168331746143974,0.003));
#6686=CARTESIAN_POINT('',(0.00653898631412294,0.0168331746143974,0.006));
#6687=CARTESIAN_POINT('',(0.00653898631412294,0.0168331746143974,0.006));
#6688=CARTESIAN_POINT('',(0.00971727426020123,0.018523880304875,0.006));
#6689=CARTESIAN_POINT('',(0.00971727426020122,0.018523880304875,0.006));
#6690=CARTESIAN_POINT('',(0.00971727426020122,0.018523880304875,0.006));
#6691=CARTESIAN_POINT('',(0.0107172742602012,0.018523880304875,0.006));
#6692=CARTESIAN_POINT('',(0.00971727426020122,0.018523880304875,0.003));
#6693=CARTESIAN_POINT('',(0.0107172742602012,0.018523880304875,0.003));
#6694=CARTESIAN_POINT('',(0.015411942033416,-0.00470468964235839,0.006));
#6695=CARTESIAN_POINT('',(0.015411942033416,-0.00470468964235839,0.003));
#6696=CARTESIAN_POINT('',(0.015411942033416,-0.00470468964235839,0.006));
#6697=CARTESIAN_POINT('',(0.0255098221007479,-0.0198103301227093,0.006));
#6698=CARTESIAN_POINT('',(0.0255098221007479,-0.0198103301227093,0.006));
#6699=CARTESIAN_POINT('',(0.026509822100748,-0.0198103301227093,0.006));
#6700=CARTESIAN_POINT('',(0.0255098221007479,-0.0198103301227093,0.003));
#6701=CARTESIAN_POINT('',(0.026509822100748,-0.0198103301227093,0.003));
#6702=CARTESIAN_POINT('',(0.0165359682646213,-0.0242511560412852,0.006));
#6703=CARTESIAN_POINT('',(0.0165359682646213,-0.0242511560412852,0.003));
#6704=CARTESIAN_POINT('',(0.00496071876585483,0.0115152279049158,0.0291317315936089));
#6705=CARTESIAN_POINT('',(-1.38777878078145E-17,0.103,-0.11575));
#6706=CARTESIAN_POINT('',(0.01175,0.083,-0.11575));
#6707=CARTESIAN_POINT('',(0.01325,0.083,-0.11575));
#6708=CARTESIAN_POINT('',(0.01175,0.0473,-0.11575));
#6709=CARTESIAN_POINT('',(0.01325,0.0473,-0.11575));
#6710=CARTESIAN_POINT('',(-1.38777878078145E-17,0.003,-0.11575));
#6711=CARTESIAN_POINT('',(-0.12175,0.003,-0.11575));
#6712=CARTESIAN_POINT('',(0.12175,0.003,-0.11575));
#6713=CARTESIAN_POINT('',(0.12175,0.103,-0.11575));
#6714=CARTESIAN_POINT('',(0.12175,0.103,-0.11575));
#6715=CARTESIAN_POINT('',(-1.38777878078145E-17,0.103,-0.11575));
#6716=CARTESIAN_POINT('',(-0.12175,0.103,-0.11575));
#6717=CARTESIAN_POINT('',(-0.12175,0.103,-0.11575));
#6718=CARTESIAN_POINT('',(0.12175,0.103,-0.07875));
#6719=CARTESIAN_POINT('',(0.12175,0.003,-0.07875));
#6720=CARTESIAN_POINT('',(0.12175,0.003,-0.11875));
#6721=CARTESIAN_POINT('',(0.12175,0.103,-0.11875));
#6722=CARTESIAN_POINT('',(0.12175,0.103,-0.11875));
#6723=CARTESIAN_POINT('',(0.12175,0.103,-0.07875));
#6724=CARTESIAN_POINT('',(-1.38777878078145E-17,0.103,-0.11875));
#6725=CARTESIAN_POINT('',(0.01175,0.083,-0.11875));
#6726=CARTESIAN_POINT('',(0.01025,0.083,-0.11875));
#6727=CARTESIAN_POINT('',(0.01175,0.0473,-0.11875));
#6728=CARTESIAN_POINT('',(0.01025,0.0473,-0.11875));
#6729=CARTESIAN_POINT('',(-1.38777878078145E-17,0.003,-0.11875));
#6730=CARTESIAN_POINT('',(-0.12175,0.003,-0.11875));
#6731=CARTESIAN_POINT('',(-0.12175,0.103,-0.11875));
#6732=CARTESIAN_POINT('',(-0.12175,0.103,-0.11875));
#6733=CARTESIAN_POINT('',(-1.38777878078145E-17,0.103,-0.11875));
#6734=CARTESIAN_POINT('',(-0.12175,0.103,-0.11725));
#6735=CARTESIAN_POINT('',(-0.12175,0.003,-0.11725));
#6736=CARTESIAN_POINT('',(-0.12175,0.103,-0.11725));
#6737=CARTESIAN_POINT('',(0.,0.103,-0.07875));
#6738=CARTESIAN_POINT('',(0.,0.003,-0.07875));
#6739=CARTESIAN_POINT('',(0.01175,0.0473,-0.482448559952448));
#6740=CARTESIAN_POINT('',(0.01175,0.083,-0.482448559952448));
#6741=CARTESIAN_POINT('',(0.0147107187658548,-0.0590847720950842,0.110481731593609));
#6742=CARTESIAN_POINT('',(0.0086125002392751,-0.0660009457732277,-0.003));
#6743=CARTESIAN_POINT('',(0.0086125002392751,-0.0660009457732277,0.));
#6744=CARTESIAN_POINT('',(0.0086125002392751,-0.0676261923874455,0.));
#6745=CARTESIAN_POINT('',(0.0086125002392751,-0.06437569915901,0.));
#6746=CARTESIAN_POINT('',(0.0086125002392751,-0.0676261923874455,0.003));
#6747=CARTESIAN_POINT('',(0.0086125002392751,-0.0676261923874455,0.003));
#6748=CARTESIAN_POINT('',(0.0086125002392751,-0.0660009457732277,0.003));
#6749=CARTESIAN_POINT('',(0.0086125002392751,-0.06437569915901,0.003));
#6750=CARTESIAN_POINT('',(0.0086125002392751,-0.06437569915901,0.006));
#6751=CARTESIAN_POINT('',(0.0086125002392751,-0.06437569915901,0.006));
#6752=CARTESIAN_POINT('',(0.0086125002392751,-0.0660009457732277,0.006));
#6753=CARTESIAN_POINT('',(0.0086125002392751,-0.0706261923874455,0.006));
#6754=CARTESIAN_POINT('',(0.0086125002392751,-0.0706261923874455,-0.003));
#6755=CARTESIAN_POINT('',(0.0086125002392751,-0.0706261923874455,-0.003));
#6756=CARTESIAN_POINT('',(0.0086125002392751,-0.0660009457732277,-0.003));
#6757=CARTESIAN_POINT('',(0.0086125002392751,-0.06437569915901,-0.003));
#6758=CARTESIAN_POINT('',(0.0086125002392751,-0.06437569915901,-0.003));
#6759=CARTESIAN_POINT('',(0.00583365963876218,-0.06437569915901,-0.003));
#6760=CARTESIAN_POINT('',(0.00583365963876218,-0.06437569915901,-0.003));
#6761=CARTESIAN_POINT('',(0.00605481903824926,-0.06437569915901,-0.003));
#6762=CARTESIAN_POINT('',(0.00605481903824926,-0.06437569915901,0.));
#6763=CARTESIAN_POINT('',(0.00605481903824926,-0.06437569915901,0.));
#6764=CARTESIAN_POINT('',(0.00583365963876218,-0.06437569915901,0.));
#6765=CARTESIAN_POINT('',(5.42101086242752E-18,-0.0607226826250546,-0.003));
#6766=CARTESIAN_POINT('',(5.42101086242752E-18,-0.0607226826250546,0.));
#6767=CARTESIAN_POINT('',(0.00321492184394637,-0.0623426448274891,0.));
#6768=CARTESIAN_POINT('',(-0.00321492184394637,-0.0623426448274891,0.));
#6769=CARTESIAN_POINT('',(0.00321492184394637,-0.0623426448274891,-0.0015));
#6770=CARTESIAN_POINT('',(0.00321492184394637,-0.0623426448274891,-0.003));
#6771=CARTESIAN_POINT('',(5.42101086242752E-18,-0.0607226826250546,-0.003));
#6772=CARTESIAN_POINT('',(-0.00321492184394637,-0.0623426448274891,-0.003));
#6773=CARTESIAN_POINT('',(-0.00321492184394637,-0.0623426448274891,-0.0015));
#6774=CARTESIAN_POINT('',(-0.00598809227813035,-0.06437569915901,-0.003));
#6775=CARTESIAN_POINT('',(-0.00598809227813035,-0.06437569915901,0.));
#6776=CARTESIAN_POINT('',(-0.00605481903824926,-0.06437569915901,0.));
#6777=CARTESIAN_POINT('',(-0.00892136551801145,-0.06437569915901,0.));
#6778=CARTESIAN_POINT('',(-0.00605481903824926,-0.06437569915901,-0.003));
#6779=CARTESIAN_POINT('',(-0.00605481903824926,-0.06437569915901,-0.003));
#6780=CARTESIAN_POINT('',(-0.00598809227813035,-0.06437569915901,-0.003));
#6781=CARTESIAN_POINT('',(-0.00892136551801145,-0.06437569915901,-0.003));
#6782=CARTESIAN_POINT('',(-0.00892136551801145,-0.06437569915901,-0.003));
#6783=CARTESIAN_POINT('',(-0.00892136551801145,-0.0660009457732277,-0.003));
#6784=CARTESIAN_POINT('',(-0.00892136551801145,-0.0706261923874455,-0.003));
#6785=CARTESIAN_POINT('',(-0.00892136551801145,-0.0706261923874455,-0.003));
#6786=CARTESIAN_POINT('',(-0.00892136551801145,-0.0706261923874455,0.006));
#6787=CARTESIAN_POINT('',(-0.00892136551801145,-0.0660009457732277,0.006));
#6788=CARTESIAN_POINT('',(-0.00892136551801145,-0.06437569915901,0.006));
#6789=CARTESIAN_POINT('',(-0.00892136551801145,-0.06437569915901,0.006));
#6790=CARTESIAN_POINT('',(-0.00892136551801145,-0.06437569915901,0.003));
#6791=CARTESIAN_POINT('',(-0.00892136551801145,-0.0660009457732277,0.003));
#6792=CARTESIAN_POINT('',(-0.00892136551801145,-0.0676261923874455,0.003));
#6793=CARTESIAN_POINT('',(-0.00892136551801145,-0.0676261923874455,0.003));
#6794=CARTESIAN_POINT('',(-0.00892136551801145,-0.0676261923874455,0.));
#6795=CARTESIAN_POINT('',(-0.00892136551801145,-0.0660009457732277,0.));
#6796=CARTESIAN_POINT('',(-0.00892136551801145,-0.0660009457732277,-0.003));
#6797=CARTESIAN_POINT('',(-0.000154432639368173,-0.0706261923874455,-0.003));
#6798=CARTESIAN_POINT('',(-0.000154432639368173,-0.0706261923874455,0.006));
#6799=CARTESIAN_POINT('',(-0.000154432639368173,-0.0706261923874455,-0.003));
#6800=CARTESIAN_POINT('',(5.42101086242752E-20,-0.0607226826250554,-0.003));
#6801=CARTESIAN_POINT('',(5.42101086242752E-20,-0.0607226826250554,-0.003));
#6802=CARTESIAN_POINT('',(0.001,-0.0607226826250554,-0.003));
#6803=CARTESIAN_POINT('',(5.42101086242752E-20,-0.0607226826250554,0.));
#6804=CARTESIAN_POINT('',(0.001,-0.0607226826250554,0.));
#6805=CARTESIAN_POINT('',(0.0165359682646213,-0.0242511560412852,-0.003));
#6806=CARTESIAN_POINT('',(-0.00605481903824926,-0.06137569915901,-0.003));
#6807=CARTESIAN_POINT('',(0.00605481903824926,-0.06137569915901,-0.003));
#6808=CARTESIAN_POINT('',(0.0165359682646213,-0.0242511560412852,0.));
#6809=CARTESIAN_POINT('',(-0.000154432639368173,-0.0676261923874455,0.));
#6810=CARTESIAN_POINT('',(0.00605481903824926,-0.06137569915901,0.));
#6811=CARTESIAN_POINT('',(-0.00605481903824926,-0.06137569915901,0.));
#6812=CARTESIAN_POINT('',(0.00583365963876218,-0.06437569915901,0.006));
#6813=CARTESIAN_POINT('',(0.00583365963876218,-0.06437569915901,0.003));
#6814=CARTESIAN_POINT('',(0.00605481903824926,-0.06437569915901,0.003));
#6815=CARTESIAN_POINT('',(0.00605481903824926,-0.06437569915901,0.006));
#6816=CARTESIAN_POINT('',(0.00605481903824926,-0.06437569915901,0.006));
#6817=CARTESIAN_POINT('',(0.00583365963876218,-0.06437569915901,0.006));
#6818=CARTESIAN_POINT('',(5.42101086242752E-18,-0.0607226826250546,0.006));
#6819=CARTESIAN_POINT('',(5.42101086242752E-18,-0.0607226826250546,0.003));
#6820=CARTESIAN_POINT('',(0.00321492184394637,-0.0623426448274891,0.003));
#6821=CARTESIAN_POINT('',(-0.00321492184394637,-0.0623426448274891,0.003));
#6822=CARTESIAN_POINT('',(-0.00321492184394637,-0.0623426448274891,0.0045));
#6823=CARTESIAN_POINT('',(-0.00321492184394637,-0.0623426448274891,0.006));
#6824=CARTESIAN_POINT('',(5.42101086242752E-18,-0.0607226826250546,0.006));
#6825=CARTESIAN_POINT('',(0.00321492184394637,-0.0623426448274891,0.006));
#6826=CARTESIAN_POINT('',(0.00321492184394637,-0.0623426448274891,0.0045));
#6827=CARTESIAN_POINT('',(-0.00598809227813035,-0.06437569915901,0.006));
#6828=CARTESIAN_POINT('',(-0.00598809227813035,-0.06437569915901,0.006));
#6829=CARTESIAN_POINT('',(-0.00605481903824926,-0.06437569915901,0.006));
#6830=CARTESIAN_POINT('',(-0.00605481903824926,-0.06437569915901,0.006));
#6831=CARTESIAN_POINT('',(-0.00605481903824926,-0.06437569915901,0.003));
#6832=CARTESIAN_POINT('',(-0.00598809227813035,-0.06437569915901,0.003));
#6833=CARTESIAN_POINT('',(5.42101086242752E-20,-0.0607226826250554,0.006));
#6834=CARTESIAN_POINT('',(5.42101086242752E-20,-0.0607226826250554,0.006));
#6835=CARTESIAN_POINT('',(0.001,-0.0607226826250554,0.006));
#6836=CARTESIAN_POINT('',(5.42101086242752E-20,-0.0607226826250554,0.003));
#6837=CARTESIAN_POINT('',(0.001,-0.0607226826250554,0.003));
#6838=CARTESIAN_POINT('',(0.0165359682646213,-0.0242511560412852,0.006));
#6839=CARTESIAN_POINT('',(0.00605481903824926,-0.06137569915901,0.006));
#6840=CARTESIAN_POINT('',(-0.00605481903824926,-0.06137569915901,0.006));
#6841=CARTESIAN_POINT('',(0.0165359682646213,-0.0242511560412852,0.003));
#6842=CARTESIAN_POINT('',(-0.000154432639368173,-0.0676261923874455,0.003));
#6843=CARTESIAN_POINT('',(-0.00605481903824926,-0.06137569915901,0.003));
#6844=CARTESIAN_POINT('',(0.00605481903824926,-0.06137569915901,0.003));
#6845=CARTESIAN_POINT('',(-0.000154432639368173,-0.0676261923874455,0.003));
#6846=CARTESIAN_POINT('',(0.00605481903824926,-0.06137569915901,-0.003));
#6847=CARTESIAN_POINT('',(-0.00605481903824926,-0.06137569915901,-0.003));
#6848=CARTESIAN_POINT('',(-0.00605481903824926,-0.06137569915901,0.006));
#6849=CARTESIAN_POINT('',(0.00605481903824926,-0.06137569915901,0.006));
#6850=CARTESIAN_POINT('',(0.00496071876585483,0.0115152279049158,0.0291317315936089));
#6851=CARTESIAN_POINT('',(0.11925,-0.023,0.12175));
#6852=CARTESIAN_POINT('',(0.11925,0.,0.12175));
#6853=CARTESIAN_POINT('',(0.12175,0.,0.12175));
#6854=CARTESIAN_POINT('',(-0.12175,0.,0.12175));
#6855=CARTESIAN_POINT('',(-0.12175,-0.023,0.12175));
#6856=CARTESIAN_POINT('',(-0.12175,-0.023,0.12175));
#6857=CARTESIAN_POINT('',(0.11925,-0.023,0.12175));
#6858=CARTESIAN_POINT('',(0.12175,-0.023,0.12175));
#6859=CARTESIAN_POINT('',(0.12175,-0.023,0.12175));
#6860=CARTESIAN_POINT('',(-0.12175,-0.023,0.09275));
#6861=CARTESIAN_POINT('',(-0.12175,0.,0.09275));
#6862=CARTESIAN_POINT('',(-0.12175,0.,-0.12175));
#6863=CARTESIAN_POINT('',(-0.12175,-0.023,-0.12175));
#6864=CARTESIAN_POINT('',(-0.12175,-0.023,-0.12175));
#6865=CARTESIAN_POINT('',(-0.12175,-0.023,0.09275));
#6866=CARTESIAN_POINT('',(0.11925,-0.023,-0.12175));
#6867=CARTESIAN_POINT('',(0.11925,0.,-0.12175));
#6868=CARTESIAN_POINT('',(0.12175,0.,-0.12175));
#6869=CARTESIAN_POINT('',(0.12175,-0.023,-0.12175));
#6870=CARTESIAN_POINT('',(0.12175,-0.023,-0.12175));
#6871=CARTESIAN_POINT('',(0.11925,-0.023,-0.12175));
#6872=CARTESIAN_POINT('',(0.,-0.023,0.06375));
#6873=CARTESIAN_POINT('',(0.,0.,0.06375));
#6874=CARTESIAN_POINT('',(-0.11675,0.,0.06375));
#6875=CARTESIAN_POINT('',(0.11675,0.,0.06375));
#6876=CARTESIAN_POINT('',(0.11675,-0.023,0.06375));
#6877=CARTESIAN_POINT('',(0.11675,-0.023,0.06375));
#6878=CARTESIAN_POINT('',(0.,-0.023,0.06375));
#6879=CARTESIAN_POINT('',(-0.11675,-0.023,0.06375));
#6880=CARTESIAN_POINT('',(-0.11675,-0.023,0.06375));
#6881=CARTESIAN_POINT('',(0.11675,-0.023,0.014));
#6882=CARTESIAN_POINT('',(0.11675,0.,0.014));
#6883=CARTESIAN_POINT('',(0.11675,0.,-0.03575));
#6884=CARTESIAN_POINT('',(0.11675,-0.023,-0.03575));
#6885=CARTESIAN_POINT('',(0.11675,-0.023,-0.03575));
#6886=CARTESIAN_POINT('',(0.11675,-0.023,0.014));
#6887=CARTESIAN_POINT('',(0.,-0.023,-0.03575));
#6888=CARTESIAN_POINT('',(0.,0.,-0.03575));
#6889=CARTESIAN_POINT('',(-0.11675,0.,-0.03575));
#6890=CARTESIAN_POINT('',(-0.11675,-0.023,-0.03575));
#6891=CARTESIAN_POINT('',(-0.11675,-0.023,-0.03575));
#6892=CARTESIAN_POINT('',(0.,-0.023,-0.03575));
#6893=CARTESIAN_POINT('',(-0.11675,-0.023,0.014));
#6894=CARTESIAN_POINT('',(-0.11675,0.,0.014));
#6895=CARTESIAN_POINT('',(-0.11675,-0.023,0.014));
#6896=CARTESIAN_POINT('',(0.12175,-0.023,0.09275));
#6897=CARTESIAN_POINT('',(0.12175,0.,0.09275));
#6898=CARTESIAN_POINT('',(0.12175,-0.023,0.09275));
#6899=CARTESIAN_POINT('',(0.,-0.023,2.77555756156289E-17));
#6900=CARTESIAN_POINT('',(0.,0.,2.77555756156289E-17));
#6901=CARTESIAN_POINT('',(0.0147107187658548,-0.0590847720950842,0.110481731593609));
#6902=CARTESIAN_POINT('',(0.0165359682646213,-0.0242511560412852,0.));
#6903=CARTESIAN_POINT('',(0.00971727426020122,0.018523880304875,0.));
#6904=CARTESIAN_POINT('',(0.0107172742602012,0.018523880304875,0.));
#6905=CARTESIAN_POINT('',(0.00917335687154703,0.0104386069795761,0.));
#6906=CARTESIAN_POINT('',(0.00723115972530764,0.0151530200589299,0.));
#6907=CARTESIAN_POINT('',(0.00933514680784012,0.0100458844419877,0.));
#6908=CARTESIAN_POINT('',(0.0307379326488765,0.00282181538090811,0.));
#6909=CARTESIAN_POINT('',(0.0046060962853846,0.0165300782657596,0.));
#6910=CARTESIAN_POINT('',(0.00258871098100852,0.0126843697978891,0.));
#6911=CARTESIAN_POINT('',(0.00652929213211828,0.020196234917696,0.));
#6912=CARTESIAN_POINT('',(0.00971727426020123,0.018523880304875,0.));
#6913=CARTESIAN_POINT('',(0.0128955622062795,0.0202145859953527,0.));
#6914=CARTESIAN_POINT('',(0.0130298706640942,0.0198885709193779,0.));
#6915=CARTESIAN_POINT('',(0.0131641791219088,0.0195625558434032,0.));
#6916=CARTESIAN_POINT('',(0.00971727426020124,0.018523880304875,0.));
#6917=CARTESIAN_POINT('',(0.0129052563882842,0.0168515256920541,0.));
#6918=CARTESIAN_POINT('',(0.00883803279232799,0.00909824415988334,0.));
#6919=CARTESIAN_POINT('',(0.000371991223392112,0.011149490203232,0.003));
#6920=CARTESIAN_POINT('',(0.000371991223392112,0.011149490203232,-0.003));
#6921=CARTESIAN_POINT('',(0.000148313841987676,0.0111009311680821,-0.003));
#6922=CARTESIAN_POINT('',(0.000595668604796474,0.0111980492383818,-0.003));
#6923=CARTESIAN_POINT('',(0.000148313841987676,0.0111009311680821,0.003));
#6924=CARTESIAN_POINT('',(0.000148313841987676,0.0111009311680821,0.003));
#6925=CARTESIAN_POINT('',(0.000371991223392112,0.011149490203232,0.003));
#6926=CARTESIAN_POINT('',(0.000595668604796474,0.0111980492383818,0.003));
#6927=CARTESIAN_POINT('',(0.000595668604796474,0.0111980492383818,-0.003));
#6928=CARTESIAN_POINT('',(-0.00381224559684679,0.00586396515081644,0.003));
#6929=CARTESIAN_POINT('',(-0.00381224559684679,0.00586396515081644,-0.003));
#6930=CARTESIAN_POINT('',(-0.00187188107992969,0.00956285015670849,-0.003));
#6931=CARTESIAN_POINT('',(-0.00591089919495428,0.0018633362695304,-0.003));
#6932=CARTESIAN_POINT('',(-0.00591089919495428,0.0018633362695304,0.003));
#6933=CARTESIAN_POINT('',(-0.00591089919495428,0.0018633362695304,0.003));
#6934=CARTESIAN_POINT('',(-0.00381224559684679,0.00586396515081644,0.003));
#6935=CARTESIAN_POINT('',(-0.00187188107992969,0.00956285015670849,0.003));
#6936=CARTESIAN_POINT('',(-0.00187188107992969,0.00956285015670849,-0.003));
#6937=CARTESIAN_POINT('',(-0.00592251063862365,-0.00149297757640167,0.003));
#6938=CARTESIAN_POINT('',(-0.00592251063862365,-0.00149297757640167,0.003));
#6939=CARTESIAN_POINT('',(-0.00619655913386598,-0.00011578534778059,0.003));
#6940=CARTESIAN_POINT('',(-0.00572117587783868,-0.002504757143588,0.003));
#6941=CARTESIAN_POINT('',(-0.00619655913386598,-0.00011578534778059,0.003));
#6942=CARTESIAN_POINT('',(-0.00619655913386598,-0.00011578534778059,-0.003));
#6943=CARTESIAN_POINT('',(-0.00592251063862365,-0.00149297757640167,-0.003));
#6944=CARTESIAN_POINT('',(-0.00572117587783868,-0.002504757143588,-0.003));
#6945=CARTESIAN_POINT('',(-0.00572117587783868,-0.002504757143588,0.003));
#6946=CARTESIAN_POINT('',(-0.00278284799051045,-0.00530489741284815,0.003));
#6947=CARTESIAN_POINT('',(-0.00278284799051045,-0.00530489741284815,-0.003));
#6948=CARTESIAN_POINT('',(-0.00139320297147886,-0.00603387868199934,-0.003));
#6949=CARTESIAN_POINT('',(-0.00417249300954202,-0.00457591614369697,-0.003));
#6950=CARTESIAN_POINT('',(-0.00139320297147886,-0.00603387868199934,0.003));
#6951=CARTESIAN_POINT('',(-0.00139320297147886,-0.00603387868199934,0.003));
#6952=CARTESIAN_POINT('',(-0.00278284799051045,-0.00530489741284815,0.003));
#6953=CARTESIAN_POINT('',(-0.00417249300954202,-0.00457591614369697,0.003));
#6954=CARTESIAN_POINT('',(-0.00417249300954202,-0.00457591614369697,-0.003));
#6955=CARTESIAN_POINT('',(0.00213800213420376,-0.00572136882069218,0.003));
#6956=CARTESIAN_POINT('',(0.00213800213420376,-0.00572136882069218,-0.003));
#6957=CARTESIAN_POINT('',(0.00342685965419559,-0.00516404727483251,-0.003));
#6958=CARTESIAN_POINT('',(0.00119111928325431,-0.00613081533130611,-0.003));
#6959=CARTESIAN_POINT('',(0.00342685965419559,-0.00516404727483251,0.003));
#6960=CARTESIAN_POINT('',(0.00342685965419559,-0.00516404727483251,0.003));
#6961=CARTESIAN_POINT('',(0.00213800213420376,-0.00572136882069218,0.003));
#6962=CARTESIAN_POINT('',(0.00119111928325431,-0.00613081533130611,0.003));
#6963=CARTESIAN_POINT('',(0.00119111928325431,-0.0061308153313061,0.003));
#6964=CARTESIAN_POINT('',(0.00699147161498987,0.000196541185145244,0.003));
#6965=CARTESIAN_POINT('',(0.00699147161498987,0.000196541185145244,0.003));
#6966=CARTESIAN_POINT('',(0.00893183613190697,0.00389542619103729,0.003));
#6967=CARTESIAN_POINT('',(0.00489281801688239,-0.00380408769614079,0.003));
#6968=CARTESIAN_POINT('',(0.00489281801688239,-0.00380408769614079,0.003));
#6969=CARTESIAN_POINT('',(0.00489281801688239,-0.00380408769614079,-0.003));
#6970=CARTESIAN_POINT('',(0.00699147161498987,0.000196541185145244,-0.003));
#6971=CARTESIAN_POINT('',(0.00893183613190697,0.00389542619103729,-0.003));
#6972=CARTESIAN_POINT('',(0.00893183613190697,0.00389542619103729,0.003));
#6973=CARTESIAN_POINT('',(0.00896183195739336,0.00664342360757538,0.003));
#6974=CARTESIAN_POINT('',(0.00896183195739336,0.00664342360757538,0.003));
#6975=CARTESIAN_POINT('',(0.0090490180429423,0.00643179152746165,0.003));
#6976=CARTESIAN_POINT('',(0.00887464587184441,0.00685505568768912,0.003));
#6977=CARTESIAN_POINT('',(0.0090490180429423,0.00643179152746165,-0.003));
#6978=CARTESIAN_POINT('',(0.0090490180429423,0.00643179152746165,-0.003));
#6979=CARTESIAN_POINT('',(0.00896183195739336,0.00664342360757538,-0.003));
#6980=CARTESIAN_POINT('',(0.00887464587184441,0.00685505568768912,-0.003));
#6981=CARTESIAN_POINT('',(0.00887464587184441,0.00685505568768912,0.003));
#6982=CARTESIAN_POINT('',(0.00883803279232799,0.00909824415988334,0.003));
#6983=CARTESIAN_POINT('',(0.00883803279232799,0.00909824415988334,0.003));
#6984=CARTESIAN_POINT('',(0.00899182778287974,0.00939142102411347,0.003));
#6985=CARTESIAN_POINT('',(0.0129052563882842,0.0168515256920541,0.003));
#6986=CARTESIAN_POINT('',(0.00899182778287974,0.00939142102411347,-0.003));
#6987=CARTESIAN_POINT('',(0.00899182778287974,0.00939142102411347,-0.003));
#6988=CARTESIAN_POINT('',(0.00883803279232799,0.00909824415988334,-0.003));
#6989=CARTESIAN_POINT('',(0.00933514680784012,0.0100458844419877,-0.003));
#6990=CARTESIAN_POINT('',(0.00933514680784012,0.0100458844419877,-0.003));
#6991=CARTESIAN_POINT('',(0.0129052563882842,0.0168515256920541,0.003));
#6992=CARTESIAN_POINT('',(0.00971727426020124,0.018523880304875,0.003));
#6993=CARTESIAN_POINT('',(0.0131641791219088,0.0195625558434032,0.003));
#6994=CARTESIAN_POINT('',(0.0131641791219088,0.0195625558434032,0.003));
#6995=CARTESIAN_POINT('',(0.00971727426020124,0.018523880304875,0.003));
#6996=CARTESIAN_POINT('',(0.0130298706640942,0.0198885709193779,0.003));
#6997=CARTESIAN_POINT('',(0.0128955622062795,0.0202145859953527,0.003));
#6998=CARTESIAN_POINT('',(0.0128955622062795,0.0202145859953527,0.003));
#6999=CARTESIAN_POINT('',(0.0130298706640942,0.0198885709193779,0.003));
#7000=CARTESIAN_POINT('',(0.00971727426020123,0.018523880304875,0.003));
#7001=CARTESIAN_POINT('',(0.00652929213211828,0.020196234917696,0.003));
#7002=CARTESIAN_POINT('',(0.00652929213211828,0.020196234917696,0.003));
#7003=CARTESIAN_POINT('',(0.00971727426020123,0.018523880304875,0.003));
#7004=CARTESIAN_POINT('',(0.00258871098100852,0.0126843697978891,0.003));
#7005=CARTESIAN_POINT('',(0.00258871098100852,0.0126843697978891,-0.003));
#7006=CARTESIAN_POINT('',(0.00261586352671384,0.0127361302497555,-0.003));
#7007=CARTESIAN_POINT('',(0.00321246744136709,0.0138734264923571,-0.003));
#7008=CARTESIAN_POINT('',(0.00261586352671384,0.0127361302497555,0.003));
#7009=CARTESIAN_POINT('',(0.00261586352671384,0.0127361302497555,0.003));
#7010=CARTESIAN_POINT('',(0.00258871098100852,0.0126843697978891,0.003));
#7011=CARTESIAN_POINT('',(0.0046060962853846,0.0165300782657596,-0.003));
#7012=CARTESIAN_POINT('',(0.00971727426020122,0.018523880304875,0.003));
#7013=CARTESIAN_POINT('',(0.00971727426020122,0.018523880304875,0.003));
#7014=CARTESIAN_POINT('',(0.0107172742602012,0.018523880304875,0.003));
#7015=CARTESIAN_POINT('',(0.0165359682646213,-0.0242511560412852,0.003));
#7016=CARTESIAN_POINT('',(0.00223616624347993,-0.00241045885212328,0.003));
#7017=CARTESIAN_POINT('',(0.00627518435850452,0.0052890550350548,0.003));
#7018=CARTESIAN_POINT('',(0.0116484795562822,0.00799779218009596,0.003));
#7019=CARTESIAN_POINT('',(-4.07882466886202E-5,0.014129759093773,0.003));
#7020=CARTESIAN_POINT('',(0.00078477069347277,0.00816922131269098,0.003));
#7021=CARTESIAN_POINT('',(-0.00325424742155182,0.000469707425512893,0.003));
#7022=CARTESIAN_POINT('',(-0.00277886416552451,-0.00191926437029452,0.003));
#7023=CARTESIAN_POINT('',(4.25872538640918E-7,-0.00337722690859687,0.003));
#7024=CARTESIAN_POINT('',(-0.00109753886205669,0.0056573322729247,-0.003));
#7025=CARTESIAN_POINT('',(-0.00109753886205669,0.0056573322729247,0.));
#7026=CARTESIAN_POINT('',(0.00099290440396957,0.00964230993302839,0.));
#7027=CARTESIAN_POINT('',(-0.00318798212808295,0.00167235461282101,0.));
#7028=CARTESIAN_POINT('',(-0.00318798212808295,0.00167235461282101,-0.003));
#7029=CARTESIAN_POINT('',(-0.00318798212808295,0.00167235461282101,-0.003));
#7030=CARTESIAN_POINT('',(-0.00109753886205669,0.0056573322729247,-0.003));
#7031=CARTESIAN_POINT('',(0.00099290440396957,0.00964230993302839,-0.003));
#7032=CARTESIAN_POINT('',(0.00099290440396957,0.00964230993302839,-0.003));
#7033=CARTESIAN_POINT('',(0.00418088653205252,0.00796995532020738,-0.003));
#7034=CARTESIAN_POINT('',(0.00418088653205252,0.00796995532020738,0.));
#7035=CARTESIAN_POINT('',(0.00736886866013547,0.00629760070738637,0.));
#7036=CARTESIAN_POINT('',(0.00418088653205252,0.00796995532020738,-0.003));
#7037=CARTESIAN_POINT('',(0.00736886866013547,0.00629760070738637,-0.003));
#7038=CARTESIAN_POINT('',(0.00736886866013547,0.00629760070738637,-0.003));
#7039=CARTESIAN_POINT('',(0.00527842539410921,0.00231262304728268,-0.003));
#7040=CARTESIAN_POINT('',(0.00527842539410921,0.00231262304728268,0.));
#7041=CARTESIAN_POINT('',(0.00318798212808295,-0.00167235461282101,0.));
#7042=CARTESIAN_POINT('',(0.00527842539410921,0.00231262304728268,-0.003));
#7043=CARTESIAN_POINT('',(0.00318798212808295,-0.00167235461282101,-0.003));
#7044=CARTESIAN_POINT('',(0.00318798212808295,-0.00167235461282101,-0.003));
#7045=CARTESIAN_POINT('',(0.00917335687154703,0.0104386069795761,-0.003));
#7046=CARTESIAN_POINT('',(0.00917335687154703,0.0104386069795761,-0.003));
#7047=CARTESIAN_POINT('',(0.00901156693525393,0.0108313295171644,-0.003));
#7048=CARTESIAN_POINT('',(0.00723115972530765,0.0151530200589299,-0.003));
#7049=CARTESIAN_POINT('',(1.0842021724855E-18,9.75781955236954E-19,-0.003));
#7050=CARTESIAN_POINT('',(1.0842021724855E-18,9.75781955236954E-19,0.));
#7051=CARTESIAN_POINT('',(1.0842021724855E-18,9.75781955236954E-19,-0.003));
#7052=CARTESIAN_POINT('',(0.0165359682646213,-0.0242511560412852,-0.003));
#7053=CARTESIAN_POINT('',(0.00223616624347993,-0.00241045885212328,-0.003));
#7054=CARTESIAN_POINT('',(4.25872538640918E-7,-0.00337722690859687,-0.003));
#7055=CARTESIAN_POINT('',(-0.00277886416552451,-0.00191926437029452,-0.003));
#7056=CARTESIAN_POINT('',(-0.00325424742155182,0.000469707425512893,-0.003));
#7057=CARTESIAN_POINT('',(0.00078477069347277,0.00816922131269098,-0.003));
#7058=CARTESIAN_POINT('',(-4.07882466886202E-5,0.014129759093773,-0.003));
#7059=CARTESIAN_POINT('',(0.00770600825235198,0.0115162006983503,-0.003));
#7060=CARTESIAN_POINT('',(0.0116484795562822,0.00799779218009596,-0.003));
#7061=CARTESIAN_POINT('',(0.00627518435850452,0.0052890550350548,-0.003));
#7062=CARTESIAN_POINT('',(0.0165359682646213,-0.0242511560412852,0.));
#7063=CARTESIAN_POINT('',(0.00223616624347993,-0.00241045885212328,0.003));
#7064=CARTESIAN_POINT('',(4.25872538640918E-7,-0.00337722690859687,0.003));
#7065=CARTESIAN_POINT('',(-0.00325424742155182,0.000469707425512893,0.003));
#7066=CARTESIAN_POINT('',(-0.00277886416552451,-0.00191926437029452,0.003));
#7067=CARTESIAN_POINT('',(0.0307379326488765,0.0028218153809081,-0.003));
#7068=CARTESIAN_POINT('',(0.00627518435850452,0.0052890550350548,0.003));
#7069=CARTESIAN_POINT('',(0.0116484795562822,0.00799779218009596,0.003));
#7070=CARTESIAN_POINT('',(0.00078477069347277,0.00816922131269098,0.003));
#7071=CARTESIAN_POINT('',(-4.07882466886202E-5,0.014129759093773,0.003));
#7072=CARTESIAN_POINT('',(0.00496071876585483,0.0115152279049158,0.0291317315936089));
#7073=MECHANICAL_DESIGN_GEOMETRIC_PRESENTATION_REPRESENTATION('',(#3967,
#3968,#3969,#3970,#33,#34,#35,#36,#37,#38,#39,#40,#41,#42,#43,#44,#45,#46,
#47,#48,#49,#50,#51,#52,#53,#54,#55,#56,#57,#58,#59,#60,#61,#62,#63,#64,
#65,#3971,#3972,#3973,#3974,#3975,#3976),#7074);
#7074=(
GEOMETRIC_REPRESENTATION_CONTEXT(3)
GLOBAL_UNCERTAINTY_ASSIGNED_CONTEXT((#7085))
GLOBAL_UNIT_ASSIGNED_CONTEXT((#7098,#7097,#7096))
REPRESENTATION_CONTEXT('Assembly 1','TOP_LEVEL_ASSEMBLY_PART')
);
#7075=(
GEOMETRIC_REPRESENTATION_CONTEXT(3)
GLOBAL_UNCERTAINTY_ASSIGNED_CONTEXT((#7086))
GLOBAL_UNIT_ASSIGNED_CONTEXT((#7098,#7097,#7096))
REPRESENTATION_CONTEXT('clip','COMPONENT_PART')
);
#7076=(
GEOMETRIC_REPRESENTATION_CONTEXT(3)
GLOBAL_UNCERTAINTY_ASSIGNED_CONTEXT((#7087))
GLOBAL_UNIT_ASSIGNED_CONTEXT((#7098,#7097,#7096))
REPRESENTATION_CONTEXT('Part 3','COMPONENT_PART')
);
#7077=(
GEOMETRIC_REPRESENTATION_CONTEXT(3)
GLOBAL_UNCERTAINTY_ASSIGNED_CONTEXT((#7088))
GLOBAL_UNIT_ASSIGNED_CONTEXT((#7098,#7097,#7096))
REPRESENTATION_CONTEXT('servo holder','COMPONENT_PART')
);
#7078=(
GEOMETRIC_REPRESENTATION_CONTEXT(3)
GLOBAL_UNCERTAINTY_ASSIGNED_CONTEXT((#7089))
GLOBAL_UNIT_ASSIGNED_CONTEXT((#7098,#7097,#7096))
REPRESENTATION_CONTEXT('Servo-sg90-final','COMPONENT_PART')
);
#7079=(
GEOMETRIC_REPRESENTATION_CONTEXT(3)
GLOBAL_UNCERTAINTY_ASSIGNED_CONTEXT((#7090))
GLOBAL_UNIT_ASSIGNED_CONTEXT((#7098,#7097,#7096))
REPRESENTATION_CONTEXT('Part 5','COMPONENT_PART')
);
#7080=(
GEOMETRIC_REPRESENTATION_CONTEXT(3)
GLOBAL_UNCERTAINTY_ASSIGNED_CONTEXT((#7091))
GLOBAL_UNIT_ASSIGNED_CONTEXT((#7098,#7097,#7096))
REPRESENTATION_CONTEXT('Part 2','COMPONENT_PART')
);
#7081=(
GEOMETRIC_REPRESENTATION_CONTEXT(3)
GLOBAL_UNCERTAINTY_ASSIGNED_CONTEXT((#7092))
GLOBAL_UNIT_ASSIGNED_CONTEXT((#7098,#7097,#7096))
REPRESENTATION_CONTEXT('wood','COMPONENT_PART')
);
#7082=(
GEOMETRIC_REPRESENTATION_CONTEXT(3)
GLOBAL_UNCERTAINTY_ASSIGNED_CONTEXT((#7093))
GLOBAL_UNIT_ASSIGNED_CONTEXT((#7098,#7097,#7096))
REPRESENTATION_CONTEXT('Part 4','COMPONENT_PART')
);
#7083=(
GEOMETRIC_REPRESENTATION_CONTEXT(3)
GLOBAL_UNCERTAINTY_ASSIGNED_CONTEXT((#7094))
GLOBAL_UNIT_ASSIGNED_CONTEXT((#7098,#7097,#7096))
REPRESENTATION_CONTEXT('vent reference','COMPONENT_PART')
);
#7084=(
GEOMETRIC_REPRESENTATION_CONTEXT(3)
GLOBAL_UNCERTAINTY_ASSIGNED_CONTEXT((#7095))
GLOBAL_UNIT_ASSIGNED_CONTEXT((#7098,#7097,#7096))
REPRESENTATION_CONTEXT('Part 1','COMPONENT_PART')
);
#7085=UNCERTAINTY_MEASURE_WITH_UNIT(LENGTH_MEASURE(1.E-8),#7098,
'DISTANCE_ACCURACY_VALUE','Maximum Tolerance applied to model');
#7086=UNCERTAINTY_MEASURE_WITH_UNIT(LENGTH_MEASURE(1.E-8),#7098,
'DISTANCE_ACCURACY_VALUE','Maximum Tolerance applied to model');
#7087=UNCERTAINTY_MEASURE_WITH_UNIT(LENGTH_MEASURE(1.E-8),#7098,
'DISTANCE_ACCURACY_VALUE','Maximum Tolerance applied to model');
#7088=UNCERTAINTY_MEASURE_WITH_UNIT(LENGTH_MEASURE(1.E-8),#7098,
'DISTANCE_ACCURACY_VALUE','Maximum Tolerance applied to model');
#7089=UNCERTAINTY_MEASURE_WITH_UNIT(LENGTH_MEASURE(2.E-5),#7098,
'DISTANCE_ACCURACY_VALUE','Maximum Tolerance applied to model');
#7090=UNCERTAINTY_MEASURE_WITH_UNIT(LENGTH_MEASURE(1.E-8),#7098,
'DISTANCE_ACCURACY_VALUE','Maximum Tolerance applied to model');
#7091=UNCERTAINTY_MEASURE_WITH_UNIT(LENGTH_MEASURE(1.E-8),#7098,
'DISTANCE_ACCURACY_VALUE','Maximum Tolerance applied to model');
#7092=UNCERTAINTY_MEASURE_WITH_UNIT(LENGTH_MEASURE(1.E-8),#7098,
'DISTANCE_ACCURACY_VALUE','Maximum Tolerance applied to model');
#7093=UNCERTAINTY_MEASURE_WITH_UNIT(LENGTH_MEASURE(1.E-8),#7098,
'DISTANCE_ACCURACY_VALUE','Maximum Tolerance applied to model');
#7094=UNCERTAINTY_MEASURE_WITH_UNIT(LENGTH_MEASURE(1.E-8),#7098,
'DISTANCE_ACCURACY_VALUE','Maximum Tolerance applied to model');
#7095=UNCERTAINTY_MEASURE_WITH_UNIT(LENGTH_MEASURE(1.E-8),#7098,
'DISTANCE_ACCURACY_VALUE','Maximum Tolerance applied to model');
#7096=(
NAMED_UNIT(*)
SI_UNIT($,.STERADIAN.)
SOLID_ANGLE_UNIT()
);
#7097=(
NAMED_UNIT(*)
PLANE_ANGLE_UNIT()
SI_UNIT($,.RADIAN.)
);
#7098=(
LENGTH_UNIT()
NAMED_UNIT(*)
SI_UNIT($,.METRE.)
);
#7099=PRODUCT_DEFINITION_SHAPE('','',#7120);
#7100=PRODUCT_DEFINITION_SHAPE('','',#7121);
#7101=PRODUCT_DEFINITION_SHAPE(' ','NAUO PRDDFN',#314);
#7102=PRODUCT_DEFINITION_SHAPE('','',#7122);
#7103=PRODUCT_DEFINITION_SHAPE(' ','NAUO PRDDFN',#315);
#7104=PRODUCT_DEFINITION_SHAPE('','',#7123);
#7105=PRODUCT_DEFINITION_SHAPE(' ','NAUO PRDDFN',#316);
#7106=PRODUCT_DEFINITION_SHAPE('','',#7124);
#7107=PRODUCT_DEFINITION_SHAPE(' ','NAUO PRDDFN',#317);
#7108=PRODUCT_DEFINITION_SHAPE('','',#7125);
#7109=PRODUCT_DEFINITION_SHAPE(' ','NAUO PRDDFN',#318);
#7110=PRODUCT_DEFINITION_SHAPE('','',#7126);
#7111=PRODUCT_DEFINITION_SHAPE(' ','NAUO PRDDFN',#319);
#7112=PRODUCT_DEFINITION_SHAPE('','',#7127);
#7113=PRODUCT_DEFINITION_SHAPE(' ','NAUO PRDDFN',#320);
#7114=PRODUCT_DEFINITION_SHAPE('','',#7128);
#7115=PRODUCT_DEFINITION_SHAPE(' ','NAUO PRDDFN',#321);
#7116=PRODUCT_DEFINITION_SHAPE('','',#7129);
#7117=PRODUCT_DEFINITION_SHAPE(' ','NAUO PRDDFN',#322);
#7118=PRODUCT_DEFINITION_SHAPE('','',#7130);
#7119=PRODUCT_DEFINITION_SHAPE(' ','NAUO PRDDFN',#323);
#7120=PRODUCT_DEFINITION('','',#7142,#7131);
#7121=PRODUCT_DEFINITION('','',#7143,#7132);
#7122=PRODUCT_DEFINITION('','',#7144,#7133);
#7123=PRODUCT_DEFINITION('','',#7145,#7134);
#7124=PRODUCT_DEFINITION('','',#7146,#7135);
#7125=PRODUCT_DEFINITION('','',#7147,#7136);
#7126=PRODUCT_DEFINITION('','',#7148,#7137);
#7127=PRODUCT_DEFINITION('','',#7149,#7138);
#7128=PRODUCT_DEFINITION('','',#7150,#7139);
#7129=PRODUCT_DEFINITION('','',#7151,#7140);
#7130=PRODUCT_DEFINITION('','',#7152,#7141);
#7131=PRODUCT_DEFINITION_CONTEXT('',#7198,'design');
#7132=PRODUCT_DEFINITION_CONTEXT('',#7198,'design');
#7133=PRODUCT_DEFINITION_CONTEXT('',#7198,'design');
#7134=PRODUCT_DEFINITION_CONTEXT('',#7198,'design');
#7135=PRODUCT_DEFINITION_CONTEXT('',#7198,'design');
#7136=PRODUCT_DEFINITION_CONTEXT('',#7198,'design');
#7137=PRODUCT_DEFINITION_CONTEXT('',#7198,'design');
#7138=PRODUCT_DEFINITION_CONTEXT('',#7198,'design');
#7139=PRODUCT_DEFINITION_CONTEXT('',#7198,'design');
#7140=PRODUCT_DEFINITION_CONTEXT('',#7198,'design');
#7141=PRODUCT_DEFINITION_CONTEXT('',#7198,'design');
#7142=PRODUCT_DEFINITION_FORMATION_WITH_SPECIFIED_SOURCE('','',#7164,
 .NOT_KNOWN.);
#7143=PRODUCT_DEFINITION_FORMATION_WITH_SPECIFIED_SOURCE('','',#7165,
 .NOT_KNOWN.);
#7144=PRODUCT_DEFINITION_FORMATION_WITH_SPECIFIED_SOURCE('','',#7166,
 .NOT_KNOWN.);
#7145=PRODUCT_DEFINITION_FORMATION_WITH_SPECIFIED_SOURCE('','',#7167,
 .NOT_KNOWN.);
#7146=PRODUCT_DEFINITION_FORMATION_WITH_SPECIFIED_SOURCE('','',#7168,
 .NOT_KNOWN.);
#7147=PRODUCT_DEFINITION_FORMATION_WITH_SPECIFIED_SOURCE('','',#7169,
 .NOT_KNOWN.);
#7148=PRODUCT_DEFINITION_FORMATION_WITH_SPECIFIED_SOURCE('','',#7170,
 .NOT_KNOWN.);
#7149=PRODUCT_DEFINITION_FORMATION_WITH_SPECIFIED_SOURCE('','',#7171,
 .NOT_KNOWN.);
#7150=PRODUCT_DEFINITION_FORMATION_WITH_SPECIFIED_SOURCE('','',#7172,
 .NOT_KNOWN.);
#7151=PRODUCT_DEFINITION_FORMATION_WITH_SPECIFIED_SOURCE('','',#7173,
 .NOT_KNOWN.);
#7152=PRODUCT_DEFINITION_FORMATION_WITH_SPECIFIED_SOURCE('','',#7174,
 .NOT_KNOWN.);
#7153=PRODUCT_RELATED_PRODUCT_CATEGORY('','',(#7164));
#7154=PRODUCT_RELATED_PRODUCT_CATEGORY('','',(#7165));
#7155=PRODUCT_RELATED_PRODUCT_CATEGORY('','',(#7166));
#7156=PRODUCT_RELATED_PRODUCT_CATEGORY('','',(#7167));
#7157=PRODUCT_RELATED_PRODUCT_CATEGORY('','',(#7168));
#7158=PRODUCT_RELATED_PRODUCT_CATEGORY('','',(#7169));
#7159=PRODUCT_RELATED_PRODUCT_CATEGORY('','',(#7170));
#7160=PRODUCT_RELATED_PRODUCT_CATEGORY('','',(#7171));
#7161=PRODUCT_RELATED_PRODUCT_CATEGORY('','',(#7172));
#7162=PRODUCT_RELATED_PRODUCT_CATEGORY('','',(#7173));
#7163=PRODUCT_RELATED_PRODUCT_CATEGORY('','',(#7174));
#7164=PRODUCT('Assembly 1','Assembly 1','Assembly 1',(#7186));
#7165=PRODUCT('clip','clip','clip',(#7187));
#7166=PRODUCT('Part 3','Part 3','Part 3',(#7188));
#7167=PRODUCT('servo holder','servo holder','servo holder',(#7189));
#7168=PRODUCT('Servo-sg90-final','Servo-sg90-final','Servo-sg90-final',
(#7190));
#7169=PRODUCT('Part 5','Part 5','Part 5',(#7191));
#7170=PRODUCT('Part 2','Part 2','Part 2',(#7192));
#7171=PRODUCT('wood','wood','wood',(#7193));
#7172=PRODUCT('Part 4','Part 4','Part 4',(#7194));
#7173=PRODUCT('vent reference','vent reference','vent reference',(#7195));
#7174=PRODUCT('Part 1','Part 1','Part 1',(#7196));
#7175=PRODUCT_CATEGORY('','');
#7176=PRODUCT_CATEGORY('','');
#7177=PRODUCT_CATEGORY('','');
#7178=PRODUCT_CATEGORY('','');
#7179=PRODUCT_CATEGORY('','');
#7180=PRODUCT_CATEGORY('','');
#7181=PRODUCT_CATEGORY('','');
#7182=PRODUCT_CATEGORY('','');
#7183=PRODUCT_CATEGORY('','');
#7184=PRODUCT_CATEGORY('','');
#7185=PRODUCT_CATEGORY('','');
#7186=PRODUCT_CONTEXT('',#7198,'mechanical');
#7187=PRODUCT_CONTEXT('',#7198,'mechanical');
#7188=PRODUCT_CONTEXT('',#7198,'mechanical');
#7189=PRODUCT_CONTEXT('',#7198,'mechanical');
#7190=PRODUCT_CONTEXT('',#7198,'mechanical');
#7191=PRODUCT_CONTEXT('',#7198,'mechanical');
#7192=PRODUCT_CONTEXT('',#7198,'mechanical');
#7193=PRODUCT_CONTEXT('',#7198,'mechanical');
#7194=PRODUCT_CONTEXT('',#7198,'mechanical');
#7195=PRODUCT_CONTEXT('',#7198,'mechanical');
#7196=PRODUCT_CONTEXT('',#7198,'mechanical');
#7197=APPLICATION_PROTOCOL_DEFINITION('international standard',
'ap242_managed_model_based_3d_engineering',2020,#7198);
#7198=APPLICATION_CONTEXT('managed model based 3d engineering');
ENDSEC;
END-ISO-10303-21;
